fix_time,mean_snr,max_snr,var_snr,hdop,pdop,tracked_satellites,fix_quality,delta_mean_snr,rolling_var_snr,spoof_flag_raw,known_spoof_window
23.8,46.715,52.221,26.04,1.5,1.5,14,2,0.0,0.0,0,0
24.0,46.697,52.222,26.337,1.5,1.5,14,2,-0.018,0.0,0,0
24.2,46.692,52.213,26.328,1.5,1.5,14,2,-0.005,0.0,0,0
24.4,46.692,52.231,26.47,1.5,1.5,14,2,0.0,0.0,0,0
24.6,46.697,52.229,26.345,1.5,1.5,14,2,0.005,0.0,0,0
24.8,46.693,52.235,26.534,1.5,1.5,14,2,-0.005,0.0,0,0
25.0,46.69,52.232,26.356,1.5,1.5,14,2,-0.002,0.0,0,0
25.2,46.702,52.23,26.365,1.5,1.5,14,2,0.011,0.0,0,0
25.4,46.71,52.233,26.195,1.5,1.5,14,2,0.008,0.0,0,0
25.6,46.716,52.235,26.001,1.5,1.5,14,2,0.006,0.0,0,0
25.8,46.717,52.237,26.115,1.5,1.5,14,2,0.001,0.0,0,0
26.0,46.722,52.227,25.973,1.5,1.5,14,2,0.005,0.0,0,0
26.2,46.722,52.219,26.001,1.5,1.5,14,2,-0.001,0.0,0,0
26.4,46.715,52.227,26.092,1.5,1.5,14,2,-0.006,0.0,0,0
26.6,46.711,52.224,26.049,1.5,1.5,14,2,-0.005,0.0,0,0
26.8,46.71,52.226,26.179,1.5,1.5,14,2,-0.0,0.0,0,0
27.0,46.722,52.22,25.947,1.5,1.5,14,2,0.012,0.0,0,0
27.2,46.715,52.206,25.955,1.5,1.5,14,2,-0.007,0.0,0,0
27.4,46.708,52.201,26.067,1.5,1.5,14,2,-0.007,0.0,0,0
27.6,46.699,52.188,26.138,1.5,1.5,14,2,-0.009,0.0,0,0
27.8,46.702,52.186,26.171,1.5,1.5,14,2,0.002,0.0,0,0
28.0,46.696,52.206,26.238,1.5,1.5,14,2,-0.006,0.0,0,0
28.2,46.685,52.185,26.127,1.5,1.5,14,2,-0.01,0.0,0,0
28.4,46.67,52.17,26.269,1.5,1.5,14,2,-0.016,0.0,0,0
28.6,46.658,52.171,26.345,1.5,1.5,14,2,-0.011,0.0,0,0
28.8,46.656,52.161,26.297,1.5,1.5,14,2,-0.002,0.0,0,0
29.0,46.665,52.154,26.163,1.5,1.5,14,2,0.009,0.0,0,0
29.2,46.645,52.154,26.336,1.5,1.5,14,2,-0.02,0.0,0,0
29.4,46.637,52.156,26.357,1.5,1.5,14,2,-0.008,0.0,0,0
29.6,46.632,52.164,26.424,1.5,1.5,14,2,-0.004,0.001,0,0
29.8,46.633,52.159,26.289,1.5,1.5,14,2,0.001,0.0,0,0
30.0,46.639,52.163,26.107,1.5,1.5,14,2,0.006,0.0,0,0
30.2,46.649,52.162,26.03,1.5,1.5,14,2,0.01,0.0,0,0
30.4,46.649,52.141,25.748,1.5,1.5,14,2,-0.001,0.0,0,0
30.6,46.656,52.134,25.682,1.5,1.5,14,2,0.008,0.0,0,0
30.8,46.654,52.1,25.531,1.5,1.5,14,2,-0.002,0.0,0,0
31.0,46.646,52.087,25.444,1.5,1.5,14,2,-0.008,0.0,0,0
31.2,46.65,52.074,25.395,1.5,1.5,14,2,0.004,0.0,0,0
31.4,46.662,52.056,25.088,1.5,1.5,14,2,0.013,0.0,0,0
31.6,46.677,52.039,24.825,1.5,1.5,14,2,0.015,0.0,0,0
31.8,46.677,52.029,24.629,1.5,1.5,14,2,0.0,0.0,0,0
32.0,46.675,52.022,24.627,1.5,1.5,14,2,-0.002,0.0,0,0
32.2,46.683,52.011,24.451,1.5,1.5,14,2,0.008,0.0,0,0
32.4,46.669,52.001,24.453,1.5,1.5,14,2,-0.014,0.0,0,0
32.6,46.675,51.974,24.45,1.5,1.5,14,2,0.006,0.0,0,0
32.8,46.676,51.965,24.433,1.5,1.5,14,2,0.001,0.0,0,0
33.0,46.679,51.946,24.418,1.5,1.5,14,2,0.004,0.0,0,0
33.2,46.68,51.933,24.191,1.5,1.5,14,2,0.001,0.0,0,0
33.4,46.681,51.929,24.191,1.5,1.5,14,2,0.001,0.0,0,0
33.6,46.691,51.91,23.995,1.5,1.5,14,2,0.01,0.0,0,0
33.8,46.703,51.906,23.925,1.5,1.5,14,2,0.012,0.0,0,0
34.0,46.693,51.893,23.858,1.5,1.5,14,2,-0.01,0.0,0,0
34.2,46.709,51.886,23.629,1.5,1.5,14,2,0.016,0.0,0,0
34.4,46.718,51.883,23.517,1.5,1.5,14,2,0.009,0.0,0,0
34.6,46.722,51.868,23.387,1.5,1.5,14,2,0.004,0.0,0,0
34.8,46.742,51.858,23.278,1.5,1.5,14,2,0.02,0.0,0,0
35.0,46.74,51.848,23.172,1.5,1.5,14,2,-0.003,0.0,0,0
35.2,46.746,51.836,23.074,1.5,1.5,14,2,0.006,0.0,0,0
35.4,46.745,51.828,22.993,1.5,1.5,14,2,-0.001,0.0,0,0
35.6,46.754,51.823,22.945,1.5,1.5,14,2,0.008,0.0,0,0
35.8,46.751,51.82,22.965,1.5,1.5,14,2,-0.003,0.0,0,0
36.0,46.748,51.815,23.039,1.5,1.5,14,2,-0.003,0.0,0,0
36.2,46.751,51.824,23.13,1.5,1.5,14,2,0.003,0.0,0,0
36.4,46.754,51.827,23.184,1.5,1.5,14,2,0.004,0.0,0,0
36.6,46.751,51.83,23.253,1.5,1.5,14,2,-0.004,0.0,0,0
36.8,46.747,51.835,23.322,1.5,1.5,14,2,-0.004,0.0,0,0
37.0,46.758,51.839,23.423,1.5,1.5,14,2,0.012,0.0,0,0
37.2,46.743,51.841,23.637,1.5,1.5,14,2,-0.016,0.0,0,0
37.4,46.729,51.835,23.908,1.5,1.5,14,2,-0.014,0.0,0,0
37.6,46.717,51.85,24.058,1.5,1.5,14,2,-0.012,0.0,0,0
37.8,46.711,51.873,24.196,1.5,1.5,14,2,-0.006,0.0,0,0
38.0,46.703,51.878,24.382,1.5,1.5,14,2,-0.008,0.0,0,0
38.2,46.694,51.89,24.545,1.5,1.5,14,2,-0.01,0.0,0,0
38.4,46.701,51.899,24.518,1.5,1.5,14,2,0.008,0.0,0,0
38.6,46.691,51.912,24.675,1.5,1.5,14,2,-0.01,0.001,0,0
38.8,46.69,51.913,24.624,1.5,1.5,14,2,-0.001,0.0,0,0
39.0,46.678,51.923,24.763,1.5,1.5,14,2,-0.012,0.0,0,0
39.2,46.678,51.935,24.842,1.5,1.5,14,2,0.0,0.0,0,0
39.4,46.675,51.948,24.951,1.5,1.5,14,2,-0.003,0.0,0,0
39.6,46.675,51.957,24.928,1.5,1.5,14,2,0.0,0.0,0,0
39.8,46.663,51.958,24.971,1.5,1.5,14,2,-0.012,0.0,0,0
40.0,46.653,51.963,25.241,1.5,1.5,14,2,-0.01,0.0,0,0
40.2,46.663,51.973,25.066,1.5,1.5,14,2,0.009,0.0,0,0
40.4,46.66,51.994,25.015,1.5,1.5,14,2,-0.003,0.0,0,0
40.6,46.662,51.993,25.121,1.5,1.5,14,2,0.003,0.0,0,0
40.8,46.661,51.977,25.076,1.5,1.5,14,2,-0.001,0.0,0,0
41.0,46.657,51.966,25.083,1.5,1.5,14,2,-0.004,0.0,0,0
41.2,46.651,51.96,24.983,1.5,1.5,14,2,-0.006,0.0,0,0
41.4,46.65,51.953,24.958,1.5,1.5,14,2,-0.002,0.0,0,0
41.6,46.636,51.943,24.935,1.5,1.5,14,2,-0.013,0.0,0,0
41.8,46.631,51.941,24.955,1.5,1.5,14,2,-0.005,0.0,0,0
42.0,46.631,51.926,24.71,1.5,1.5,14,2,0.0,0.0,0,0
42.2,46.63,51.923,24.617,1.5,1.5,14,2,-0.001,0.0,0,0
42.4,46.639,51.935,24.568,1.5,1.5,14,2,0.009,0.0,0,0
42.6,46.652,51.941,24.417,1.5,1.5,14,2,0.013,0.0,0,0
42.8,46.643,51.941,24.404,1.5,1.5,14,2,-0.009,0.0,0,0
43.0,46.65,51.94,24.252,1.5,1.5,14,2,0.007,0.0,0,0
43.2,46.651,51.946,23.975,1.5,1.5,14,2,0.001,0.0,0,0
43.4,46.644,51.942,24.022,1.5,1.5,14,2,-0.008,0.0,0,0
43.6,46.641,51.945,24.049,1.5,1.5,14,2,-0.003,0.0,0,0
43.8,46.644,51.951,24.12,1.5,1.5,14,2,0.003,0.0,0,0
44.0,46.652,51.961,23.956,1.5,1.5,14,2,0.008,0.0,0,0
44.2,46.656,51.968,23.882,1.5,1.5,14,2,0.004,0.0,0,0
44.4,46.645,51.971,23.933,1.5,1.5,14,2,-0.011,0.0,0,0
44.6,46.634,51.978,23.922,1.5,1.5,14,2,-0.01,0.0,0,0
44.8,46.629,51.985,23.915,1.5,1.5,14,2,-0.005,0.0,0,0
45.0,46.623,51.995,23.944,1.5,1.5,14,2,-0.006,0.0,0,0
45.2,46.638,52.004,23.877,1.5,1.5,14,2,0.015,0.0,0,0
45.4,46.647,52.014,23.736,1.5,1.5,14,2,0.009,0.0,0,0
45.6,46.639,52.031,23.864,1.5,1.5,14,2,-0.008,0.0,0,0
45.8,46.645,52.041,23.77,1.5,1.5,14,2,0.006,0.0,0,0
46.0,46.664,52.068,23.612,1.5,1.5,14,2,0.02,0.0,0,0
46.2,46.658,52.078,23.614,1.5,1.5,14,2,-0.006,0.0,0,0
46.4,46.662,52.095,23.529,1.5,1.5,14,2,0.003,0.0,0,0
46.6,46.666,52.117,23.378,1.5,1.5,14,2,0.004,0.0,0,0
46.8,46.668,52.117,23.428,1.5,1.5,14,2,0.003,0.0,0,0
47.0,46.673,52.137,23.255,1.5,1.5,14,2,0.004,0.0,0,0
47.2,46.672,52.14,23.225,1.5,1.5,14,2,-0.001,0.0,0,0
47.4,46.674,52.145,23.133,1.5,1.5,14,2,0.002,0.0,0,0
47.6,46.679,52.153,22.972,1.5,1.5,14,2,0.005,0.0,0,0
47.8,46.687,52.156,22.832,1.5,1.5,14,2,0.008,0.0,0,0
48.0,46.693,52.168,22.576,1.5,1.5,14,2,0.006,0.0,0,0
48.2,46.697,52.17,22.448,1.5,1.5,14,2,0.005,0.0,0,0
48.4,46.696,52.167,22.333,1.5,1.5,14,2,-0.001,0.0,0,0
48.6,46.706,52.177,22.237,1.5,1.5,14,2,0.01,0.0,0,0
48.8,46.706,52.163,22.095,1.5,1.5,14,2,-0.0,0.0,0,0
49.0,46.714,52.148,21.976,1.5,1.5,14,2,0.008,0.0,0,0
49.2,46.724,52.136,21.845,1.5,1.5,14,2,0.01,0.0,0,0
49.4,46.72,52.131,21.785,1.5,1.5,14,2,-0.004,0.0,0,0
49.6,46.721,52.12,21.741,1.5,1.5,14,2,0.0,0.0,0,0
49.8,46.738,52.123,21.466,1.5,1.5,14,2,0.017,0.0,0,0
50.0,46.746,52.119,21.387,1.5,1.5,14,2,0.008,0.0,0,0
50.2,46.743,52.117,21.296,1.5,1.5,14,2,-0.003,0.0,0,0
50.4,46.748,52.114,21.26,1.5,1.5,14,2,0.006,0.0,0,0
50.6,46.763,52.112,21.089,1.5,1.5,14,2,0.015,0.0,0,0
50.8,46.769,52.09,20.907,1.5,1.5,14,2,0.005,0.0,0,0
51.0,46.776,52.084,20.838,1.5,1.5,14,2,0.008,0.0,0,0
51.2,46.771,52.068,20.682,1.5,1.5,14,2,-0.005,0.0,0,0
51.4,46.786,52.057,20.523,1.5,1.5,14,2,0.015,0.0,0,0
51.6,46.782,52.047,20.475,1.5,1.5,14,2,-0.004,0.0,0,0
51.8,46.798,52.035,20.338,1.5,1.5,14,2,0.016,0.0,0,0
52.0,46.802,52.037,20.189,1.5,1.5,14,2,0.004,0.0,0,0
52.2,46.817,52.023,20.093,1.5,1.5,14,2,0.016,0.0,0,0
52.4,46.817,52.008,20.012,1.5,1.5,14,2,0.0,0.0,0,0
52.6,46.82,51.996,19.945,1.5,1.5,14,2,0.003,0.0,0,0
52.8,46.826,51.973,19.922,1.5,1.5,14,2,0.006,0.0,0,0
53.0,46.83,51.951,19.795,1.5,1.5,14,2,0.004,0.0,0,0
53.2,46.826,51.945,19.789,1.5,1.5,14,2,-0.003,0.0,0,0
53.4,46.819,51.928,19.733,1.5,1.5,14,2,-0.008,0.0,0,0
53.6,46.818,51.93,19.709,1.5,1.5,14,2,-0.0,0.0,0,0
53.8,46.839,51.936,19.663,1.5,1.5,14,2,0.021,0.0,0,0
54.0,46.836,51.91,19.655,1.5,1.5,14,2,-0.003,0.0,0,0
54.2,46.842,51.918,19.703,1.5,1.5,14,2,0.006,0.0,0,0
54.4,46.833,51.907,19.646,1.5,1.5,14,2,-0.009,0.0,0,0
54.6,46.827,51.888,19.654,1.5,1.5,14,2,-0.006,0.0,0,0
54.8,46.835,51.899,19.629,1.5,1.5,14,2,0.008,0.0,0,0
55.0,46.839,51.89,19.51,1.5,1.5,14,2,0.004,0.0,0,0
55.2,46.845,51.886,19.378,1.5,1.5,14,2,0.007,0.0,0,0
55.4,46.854,51.881,19.284,1.5,1.5,14,2,0.009,0.0,0,0
55.6,46.854,51.874,19.22,1.5,1.5,14,2,-0.0,0.0,0,0
55.8,46.85,51.875,19.165,1.5,1.5,14,2,-0.003,0.0,0,0
56.0,46.845,51.861,19.225,1.5,1.5,14,2,-0.005,0.0,0,0
56.2,46.853,51.849,19.159,1.5,1.5,14,2,0.008,0.0,0,0
56.4,46.863,51.843,19.024,1.5,1.5,14,2,0.011,0.0,0,0
56.6,46.875,51.844,18.931,1.5,1.5,14,2,0.011,0.0,0,0
56.8,46.876,51.862,18.911,1.5,1.5,14,2,0.002,0.0,0,0
57.0,46.883,51.861,18.853,1.5,1.5,14,2,0.006,0.0,0,0
57.2,46.872,51.848,18.829,1.5,1.5,14,2,-0.011,0.0,0,0
57.4,46.878,51.851,18.803,1.5,1.5,14,2,0.006,0.0,0,0
57.6,46.871,51.85,18.81,1.5,1.5,14,2,-0.006,0.0,0,0
57.8,46.879,51.86,18.688,1.5,1.5,14,2,0.008,0.0,0,0
58.0,46.883,51.868,18.719,1.5,1.5,14,2,0.004,0.0,0,0
58.2,46.889,51.879,18.669,1.5,1.5,14,2,0.006,0.0,0,0
58.4,46.893,51.881,18.584,1.5,1.5,14,2,0.004,0.0,0,0
58.6,46.892,51.877,18.543,1.5,1.5,14,2,-0.001,0.0,0,0
58.8,46.886,51.871,18.476,1.5,1.5,14,2,-0.006,0.0,0,0
59.0,46.899,51.87,18.417,1.5,1.5,14,2,0.012,0.0,0,0
59.2,46.906,51.87,18.383,1.5,1.5,14,2,0.007,0.0,0,0
59.4,46.908,51.877,18.289,1.5,1.5,14,2,0.002,0.0,0,0
59.6,46.911,51.889,18.219,1.5,1.5,14,2,0.003,0.0,0,0
59.8,46.909,51.896,18.171,1.5,1.5,14,2,-0.003,0.0,0,0
60.0,46.907,51.892,18.119,1.5,1.5,14,2,-0.002,0.0,0,0
60.2,46.916,51.903,18.113,1.5,1.5,14,2,0.009,0.0,0,0
60.4,46.919,51.899,18.093,1.5,1.5,14,2,0.003,0.0,0,0
60.6,46.924,51.903,18.0,1.5,1.5,14,2,0.004,0.0,0,0
60.8,46.924,51.905,17.994,1.5,1.5,14,2,0.001,0.0,0,0
61.0,46.926,51.905,17.89,1.5,1.5,14,2,0.002,0.0,0,0
61.2,46.919,51.907,17.831,1.5,1.5,14,2,-0.007,0.0,0,0
61.4,46.902,51.91,17.822,1.5,1.5,14,2,-0.017,0.0,0,0
61.6,46.904,51.901,17.838,1.5,1.5,14,2,0.002,0.0,0,0
61.8,46.89,51.908,17.899,1.5,1.5,14,2,-0.014,0.0,0,0
62.0,46.893,51.902,17.908,1.5,1.5,14,2,0.003,0.0,0,0
62.2,46.891,51.897,17.83,1.5,1.5,14,2,-0.003,0.0,0,0
62.4,46.896,51.899,17.795,1.5,1.5,14,2,0.005,0.0,0,0
62.6,46.896,51.9,17.699,1.5,1.5,14,2,0.001,0.0,0,0
62.8,46.888,51.894,17.612,1.5,1.5,14,2,-0.008,0.0,0,0
63.0,46.873,51.883,17.727,1.5,1.5,14,2,-0.014,0.0,0,0
63.2,46.866,51.877,17.642,1.5,1.5,14,2,-0.007,0.0,0,0
63.4,46.866,51.864,17.715,1.5,1.5,14,2,-0.0,0.0,0,0
63.6,46.852,51.864,17.69,1.5,1.5,14,2,-0.014,0.0,0,0
63.8,46.839,51.846,17.793,1.5,1.5,14,2,-0.013,0.0,0,0
64.0,46.838,51.841,17.815,1.5,1.5,14,2,-0.001,0.0,0,0
64.2,46.845,51.844,17.885,1.5,1.5,14,2,0.007,0.0,0,0
64.4,46.833,51.842,17.981,1.5,1.5,14,2,-0.012,0.0,0,0
64.6,46.843,51.847,18.059,1.5,1.5,14,2,0.01,0.0,0,0
64.8,46.849,51.856,18.052,1.5,1.5,14,2,0.005,0.0,0,0
65.0,46.842,51.846,18.146,1.5,1.5,14,2,-0.006,0.0,0,0
65.2,46.845,51.845,18.244,1.5,1.5,14,2,0.002,0.0,0,0
65.4,46.842,51.855,18.314,1.5,1.5,14,2,-0.002,0.0,0,0
65.6,46.848,51.854,18.321,1.5,1.5,14,2,0.006,0.0,0,0
65.8,46.854,51.855,18.313,1.5,1.5,14,2,0.005,0.0,0,0
66.0,46.849,51.856,18.301,1.5,1.5,14,2,-0.005,0.0,0,0
66.2,46.837,51.842,18.312,1.5,1.5,14,2,-0.012,0.0,0,0
66.4,46.829,51.845,18.284,1.5,1.5,14,2,-0.008,0.0,0,0
66.6,46.816,51.848,18.302,1.5,1.5,14,2,-0.013,0.0,0,0
66.8,46.816,51.861,18.435,1.5,1.5,14,2,-0.0,0.0,0,0
67.0,46.795,51.864,18.532,1.5,1.5,14,2,-0.02,0.0,0,0
67.2,46.794,51.865,18.704,1.5,1.5,14,2,-0.001,0.0,0,0
67.4,46.783,51.859,18.852,1.5,1.5,14,2,-0.011,0.001,0,0
67.6,46.77,51.851,18.889,1.5,1.5,14,2,-0.012,0.001,0,0
67.8,46.771,51.857,18.99,1.5,1.5,14,2,0.0,0.001,0,0
68.0,46.759,51.855,19.113,1.5,1.5,14,2,-0.012,0.001,0,0
68.2,46.741,51.852,19.273,1.5,1.5,14,2,-0.017,0.001,0,0
68.4,46.729,51.855,19.506,1.5,1.5,14,2,-0.012,0.001,0,0
68.6,46.709,51.846,19.743,1.5,1.5,14,2,-0.02,0.001,0,0
68.8,46.692,51.849,20.06,1.5,1.5,14,2,-0.017,0.001,0,0
69.0,46.687,51.857,20.319,1.5,1.5,14,2,-0.005,0.001,0,0
69.2,46.666,51.875,20.804,1.5,1.5,14,2,-0.021,0.001,0,0
69.4,46.645,51.883,21.219,1.5,1.5,14,2,-0.021,0.002,0,0
69.6,46.636,51.89,21.741,1.5,1.5,14,2,-0.008,0.002,0,0
69.8,46.618,51.904,22.293,1.5,1.5,14,2,-0.018,0.002,0,0
70.0,46.601,51.917,22.799,1.5,1.5,14,2,-0.017,0.002,0,0
70.2,46.587,51.927,23.341,1.5,1.5,14,2,-0.014,0.002,0,0
70.4,46.558,51.933,24.068,1.5,1.5,14,2,-0.029,0.002,0,0
70.6,46.531,51.95,24.673,1.5,1.5,14,2,-0.027,0.003,0,0
70.8,46.493,51.956,25.397,1.5,1.5,14,2,-0.038,0.003,0,0
71.0,46.47,51.969,26.145,1.5,1.5,14,2,-0.024,0.004,0,0
71.2,46.442,51.973,27.007,1.5,1.5,14,2,-0.028,0.005,0,0
71.4,46.401,51.982,27.971,1.5,1.5,14,2,-0.041,0.006,0,0
71.6,46.365,51.988,29.129,1.5,1.5,14,2,-0.036,0.007,0,0
71.8,46.334,52.003,30.141,1.5,1.5,14,2,-0.031,0.008,0,0
72.0,46.319,52.009,31.299,1.5,1.5,14,2,-0.015,0.008,0,0
72.2,46.29,52.02,32.432,1.5,1.5,14,2,-0.029,0.008,0,0
72.4,46.259,52.027,33.723,1.5,1.5,14,2,-0.031,0.008,0,0
72.6,46.227,52.045,34.876,1.5,1.5,14,2,-0.032,0.007,0,0
72.8,46.189,52.059,36.289,1.5,1.5,14,2,-0.038,0.008,0,0
73.0,46.154,52.075,37.401,1.5,1.5,14,2,-0.035,0.008,0,0
73.2,46.126,52.072,38.289,1.5,1.5,14,2,-0.028,0.008,0,0
73.4,46.098,52.075,39.021,1.5,1.5,14,2,-0.029,0.008,0,0
73.6,46.059,52.078,40.334,1.5,1.5,14,2,-0.039,0.008,0,0
73.8,46.017,52.081,41.611,1.5,1.5,14,2,-0.041,0.009,0,0
74.0,46.003,52.073,42.427,1.5,1.5,14,2,-0.014,0.009,0,0
74.2,45.981,52.068,43.088,1.5,1.5,14,2,-0.023,0.008,0,0
74.4,45.976,52.078,43.491,1.5,1.5,14,2,-0.005,0.007,0,0
74.6,45.984,52.091,43.674,1.5,1.5,14,2,0.008,0.006,0,0
74.8,46.009,52.102,42.871,1.5,1.5,14,2,0.026,0.004,0,0
75.0,46.033,52.114,42.518,1.5,1.5,14,2,0.024,0.002,0,0
75.2,46.055,52.116,41.623,1.5,1.5,14,2,0.022,0.001,0,0
75.4,46.065,52.108,41.087,1.5,1.5,14,2,0.009,0.001,0,0
75.6,46.115,52.102,39.426,1.5,1.5,14,2,0.05,0.002,0,0
75.8,46.155,52.106,38.324,1.5,1.5,14,2,0.04,0.003,0,0
76.0,46.186,52.101,37.415,1.5,1.5,14,2,0.031,0.005,0,0
76.2,46.205,52.086,36.887,1.5,1.5,14,2,0.019,0.006,0,0
76.4,46.219,52.073,36.172,1.5,1.5,14,2,0.014,0.007,0,0
76.6,46.226,52.063,35.778,1.5,1.5,14,2,0.007,0.006,0,0
76.8,46.253,52.051,34.872,1.5,1.5,14,2,0.027,0.006,0,0
77.0,46.273,52.041,34.012,1.5,1.5,14,2,0.02,0.005,0,0
77.2,46.304,52.026,33.134,1.5,1.5,14,2,0.031,0.005,0,0
77.4,46.336,52.011,32.495,1.5,1.5,14,2,0.032,0.004,0,0
77.6,46.346,51.991,32.174,1.5,1.5,14,2,0.011,0.004,0,0
77.8,46.381,51.986,31.561,1.5,1.5,14,2,0.034,0.004,0,0
78.0,46.39,51.972,31.135,1.5,1.5,14,2,0.01,0.004,0,0
78.2,46.414,51.947,30.403,1.5,1.5,14,2,0.024,0.004,0,0
78.4,46.42,51.924,30.065,1.5,1.5,14,2,0.006,0.004,0,0
78.6,46.444,51.906,29.248,1.5,1.5,14,2,0.024,0.004,0,0
78.8,46.447,51.881,29.037,1.5,1.5,14,2,0.003,0.003,0,0
79.0,46.475,51.867,28.553,1.5,1.5,14,2,0.027,0.003,0,0
79.2,46.492,51.845,28.115,1.5,1.5,14,2,0.018,0.002,0,0
79.4,46.507,51.813,27.655,1.5,1.5,14,2,0.015,0.002,0,0
79.6,46.519,51.783,27.204,1.5,1.5,14,2,0.012,0.002,0,0
79.8,46.515,51.773,27.217,1.5,1.5,14,2,-0.004,0.002,0,0
80.0,46.537,51.744,26.909,1.5,1.5,14,2,0.022,0.002,0,0
80.2,46.545,51.72,26.556,1.5,1.5,14,2,0.008,0.002,0,0
80.4,46.558,51.716,26.178,1.5,1.5,14,2,0.013,0.001,0,0
80.6,46.557,51.703,25.989,1.5,1.5,14,2,-0.0,0.001,0,0
80.8,46.579,51.701,25.685,1.5,1.5,14,2,0.022,0.001,0,0
81.0,46.589,51.692,25.378,1.5,1.5,14,2,0.011,0.001,0,0
81.2,46.599,51.688,25.223,1.5,1.5,14,2,0.009,0.001,0,0
81.4,46.604,51.685,24.943,1.5,1.5,14,2,0.006,0.001,0,0
81.6,46.604,51.677,24.705,1.5,1.5,14,2,-0.001,0.001,0,0
81.8,46.616,51.674,24.275,1.5,1.5,14,2,0.013,0.001,0,0
82.0,46.627,51.681,24.094,1.5,1.5,14,2,0.01,0.001,0,0
82.2,46.633,51.68,23.879,1.5,1.5,14,2,0.006,0.001,0,0
82.4,46.649,51.697,23.684,1.5,1.5,14,2,0.016,0.001,0,0
82.6,46.665,51.706,23.413,1.5,1.5,14,2,0.016,0.001,0,0
82.8,46.685,51.714,23.078,1.5,1.5,14,2,0.02,0.001,0,0
83.0,46.693,51.708,22.922,1.5,1.5,14,2,0.008,0.001,0,0
83.2,46.718,51.707,22.592,1.5,1.5,14,2,0.024,0.001,0,0
83.4,46.728,51.713,22.58,1.5,1.5,14,2,0.01,0.002,0,0
83.6,46.732,51.719,22.541,1.5,1.5,14,2,0.004,0.002,0,0
83.8,46.731,51.727,22.517,1.5,1.5,14,2,-0.001,0.001,0,0
84.0,46.747,51.74,22.406,1.5,1.5,14,2,0.016,0.001,0,0
84.2,46.755,51.748,22.352,1.5,1.5,14,2,0.008,0.001,0,0
84.4,46.765,51.769,22.294,1.5,1.5,14,2,0.01,0.001,0,0
84.6,46.761,51.775,22.25,1.5,1.5,14,2,-0.004,0.001,0,0
84.8,46.772,51.785,22.019,1.5,1.5,14,2,0.011,0.001,0,0
85.0,46.775,51.785,22.034,1.5,1.5,14,2,0.003,0.0,0,0
85.2,46.772,51.778,21.947,1.5,1.5,14,2,-0.004,0.0,0,0
85.4,46.779,51.798,21.784,1.5,1.5,14,2,0.008,0.0,0,0
85.6,46.771,51.796,21.841,1.5,1.5,14,2,-0.008,0.0,0,0
85.8,46.771,51.795,21.784,1.5,1.5,14,2,0.001,0.0,0,0
86.0,46.768,51.811,21.745,1.5,1.5,14,2,-0.004,0.0,0,0
86.2,46.775,51.809,21.601,1.5,1.5,14,2,0.007,0.0,0,0
86.4,46.787,51.815,21.346,1.5,1.5,14,2,0.012,0.0,0,0
86.6,46.788,51.827,21.221,1.5,1.5,14,2,0.002,0.0,0,0
86.8,46.784,51.837,21.101,1.5,1.5,14,2,-0.005,0.0,0,0
87.0,46.801,51.846,20.962,1.5,1.5,14,2,0.017,0.0,0,0
87.2,46.808,51.853,20.839,1.5,1.5,14,2,0.008,0.0,0,0
87.4,46.813,51.857,20.674,1.5,1.5,14,2,0.004,0.0,0,0
87.6,46.814,51.865,20.611,1.5,1.5,14,2,0.001,0.0,0,0
87.8,46.813,51.868,20.428,1.5,1.5,14,2,-0.001,0.0,0,0
88.0,46.812,51.866,20.351,1.5,1.5,14,2,-0.001,0.0,0,0
88.2,46.805,51.863,20.23,1.5,1.5,14,2,-0.007,0.0,0,0
88.4,46.809,51.862,20.064,1.5,1.5,14,2,0.005,0.0,0,0
88.6,46.823,51.878,19.957,1.5,1.5,14,2,0.014,0.0,0,0
88.8,46.836,51.878,19.87,1.5,1.5,14,2,0.013,0.0,0,0
89.0,46.834,51.881,19.775,1.5,1.5,14,2,-0.002,0.0,0,0
89.2,46.835,51.893,19.719,1.5,1.5,14,2,0.001,0.0,0,0
89.4,46.842,51.894,19.71,1.5,1.5,14,2,0.007,0.0,0,0
89.6,46.842,51.9,19.563,1.5,1.5,14,2,-0.0,0.0,0,0
89.8,46.848,51.892,19.468,1.5,1.5,14,2,0.007,0.0,0,0
90.0,46.847,51.911,19.515,1.5,1.5,14,2,-0.002,0.0,0,0
90.2,46.85,51.919,19.486,1.5,1.5,14,2,0.004,0.0,0,0
90.4,46.852,51.91,19.514,1.5,1.5,14,2,0.002,0.0,0,0
90.6,46.841,51.907,19.409,1.5,1.5,14,2,-0.011,0.0,0,0
90.8,46.83,51.901,19.382,1.5,1.5,14,2,-0.011,0.0,0,0
91.0,46.832,51.896,19.306,1.5,1.5,14,2,0.002,0.0,0,0
91.2,46.827,51.886,19.228,1.5,1.5,14,2,-0.004,0.0,0,0
91.4,46.847,51.884,19.155,1.5,1.5,14,2,0.019,0.0,0,0
91.6,46.85,51.881,19.064,1.5,1.5,14,2,0.004,0.0,0,0
91.8,46.854,51.885,18.995,1.5,1.5,14,2,0.003,0.0,0,0
92.0,46.851,51.87,18.996,1.5,1.5,14,2,-0.003,0.0,0,0
92.2,46.853,51.865,18.83,1.5,1.5,14,2,0.002,0.0,0,0
92.4,46.856,51.849,18.726,1.5,1.5,14,2,0.002,0.0,0,0
92.6,46.847,51.848,18.789,1.5,1.5,14,2,-0.008,0.0,0,0
92.8,46.852,51.853,18.764,1.5,1.5,14,2,0.005,0.0,0,0
93.0,46.849,51.86,18.746,1.5,1.5,14,2,-0.002,0.0,0,0
93.2,46.85,51.865,18.875,1.5,1.5,14,2,0.001,0.0,0,0
93.4,46.838,51.865,18.898,1.5,1.5,14,2,-0.012,0.0,0,0
93.6,46.837,51.867,18.848,1.5,1.5,14,2,-0.001,0.0,0,0
93.8,46.845,51.864,18.754,1.5,1.5,14,2,0.008,0.0,0,0
94.0,46.846,51.868,18.646,1.5,1.5,14,2,0.001,0.0,0,0
94.2,46.857,51.878,18.74,1.5,1.5,14,2,0.01,0.0,0,0
94.4,46.865,51.899,18.734,1.5,1.5,14,2,0.009,0.0,0,0
94.6,46.875,51.906,18.736,1.5,1.5,14,2,0.009,0.0,0,0
94.8,46.872,51.924,18.715,1.5,1.5,14,2,-0.002,0.0,0,0
95.0,46.88,51.939,18.817,1.5,1.5,14,2,0.008,0.0,0,0
95.2,46.88,51.94,18.813,1.5,1.5,14,2,-0.0,0.0,0,0
95.4,46.884,51.943,18.831,1.5,1.5,14,2,0.004,0.0,0,0
95.6,46.889,51.948,18.875,1.5,1.5,14,2,0.005,0.0,0,0
95.8,46.894,51.96,18.851,1.5,1.5,14,2,0.005,0.0,0,0
96.0,46.885,51.974,18.973,1.5,1.5,14,2,-0.009,0.0,0,0
96.2,46.875,51.981,19.045,1.5,1.5,14,2,-0.01,0.0,0,0
96.4,46.869,51.985,19.13,1.5,1.5,14,2,-0.006,0.0,0,0
96.6,46.849,51.975,19.204,1.5,1.5,14,2,-0.02,0.0,0,0
96.8,46.834,51.98,19.326,1.5,1.5,14,2,-0.015,0.0,0,0
97.0,46.838,51.982,19.41,1.5,1.5,14,2,0.003,0.0,0,0
97.2,46.837,51.989,19.553,1.5,1.5,14,2,-0.001,0.0,0,0
97.4,46.815,51.983,19.701,1.5,1.5,14,2,-0.022,0.001,0,0
97.6,46.798,51.981,19.901,1.5,1.5,14,2,-0.017,0.001,0,0
97.8,46.786,51.964,19.987,1.5,1.5,14,2,-0.012,0.001,0,0
98.0,46.779,51.957,20.103,1.5,1.5,14,2,-0.007,0.001,0,0
98.2,46.769,51.949,20.345,1.5,1.5,14,2,-0.009,0.001,0,0
98.4,46.765,51.933,20.321,1.5,1.5,14,2,-0.004,0.001,0,0
98.6,46.754,51.924,20.435,1.5,1.5,14,2,-0.011,0.001,0,0
98.8,46.754,51.919,20.614,1.5,1.5,14,2,-0.0,0.001,0,0
99.0,46.738,51.909,20.759,1.5,1.5,14,2,-0.016,0.001,0,0
99.2,46.726,51.896,20.91,1.5,1.5,14,2,-0.012,0.001,0,0
99.4,46.71,51.889,21.072,1.5,1.5,14,2,-0.016,0.001,0,0
99.6,46.761,51.809,21.403,1.5,1.5,14,2,0.05,0.0,0,0
99.8,46.793,51.737,21.796,1.5,1.5,14,2,0.032,0.001,0,0
100.0,46.816,51.876,22.046,1.5,1.5,14,2,0.023,0.001,0,1
100.2,46.837,51.996,22.477,1.5,1.5,14,2,0.021,0.001,0,1
100.4,46.863,52.098,22.627,1.5,1.5,14,2,0.026,0.002,0,1
100.6,46.873,52.187,22.787,1.5,1.5,14,2,0.01,0.003,0,1
100.8,46.895,52.257,22.835,1.5,1.5,14,2,0.022,0.004,0,1
101.0,46.894,52.299,22.948,1.5,1.5,14,2,-0.001,0.004,0,1
101.2,46.92,52.35,22.991,1.5,1.5,14,2,0.026,0.004,0,1
101.4,46.935,52.394,23.037,1.5,1.5,14,2,0.016,0.003,0,1
101.6,46.938,52.425,23.3,1.5,1.5,14,2,0.003,0.002,0,1
101.8,46.945,52.458,23.425,1.5,1.5,14,2,0.007,0.002,0,1
102.0,46.953,52.481,23.443,1.5,1.5,14,2,0.007,0.001,0,1
102.2,46.964,52.51,23.515,1.5,1.5,14,2,0.012,0.001,0,1
102.4,46.966,52.516,23.555,1.5,1.5,14,2,0.002,0.001,0,1
102.6,46.968,52.519,23.578,1.5,1.5,14,2,0.002,0.001,0,1
102.8,46.961,52.52,23.64,1.5,1.5,14,2,-0.007,0.001,0,1
103.0,46.962,52.532,23.72,1.5,1.5,14,2,0.001,0.0,0,1
103.2,46.974,52.54,23.806,1.5,1.5,14,2,0.011,0.0,0,1
103.4,46.969,52.547,23.874,1.5,1.5,14,2,-0.005,0.0,0,1
103.6,46.958,52.537,23.984,1.5,1.5,14,2,-0.011,0.0,0,1
103.8,46.955,52.525,24.006,1.5,1.5,14,2,-0.003,0.0,0,1
104.0,46.954,52.531,24.15,1.5,1.5,14,2,-0.0,0.0,0,1
104.2,46.944,52.535,24.344,1.5,1.5,14,2,-0.01,0.0,0,1
104.4,46.94,52.539,24.412,1.5,1.5,14,2,-0.005,0.0,0,1
104.6,46.93,52.526,24.503,1.5,1.5,14,2,-0.01,0.0,0,1
104.8,46.924,52.531,24.668,1.5,1.5,14,2,-0.006,0.0,0,1
105.0,46.913,52.536,24.85,1.5,1.5,14,2,-0.011,0.0,0,1
105.2,46.9,52.528,24.903,1.5,1.5,14,2,-0.013,0.0,0,1
105.4,46.887,52.52,24.9,1.5,1.5,14,2,-0.013,0.001,0,1
105.6,46.874,52.502,25.128,1.5,1.5,14,2,-0.013,0.001,0,1
105.8,46.866,52.487,25.177,1.5,1.5,14,2,-0.008,0.001,0,1
106.0,46.882,52.493,25.107,1.5,1.5,14,2,0.016,0.001,0,1
106.2,46.879,52.497,25.174,1.5,1.5,14,2,-0.003,0.001,0,1
106.4,46.883,52.499,25.008,1.5,1.5,14,2,0.004,0.0,0,1
106.6,46.886,52.501,25.035,1.5,1.5,14,2,0.003,0.0,0,1
106.8,46.887,52.488,24.925,1.5,1.5,14,2,0.001,0.0,0,1
107.0,46.886,52.476,24.791,1.5,1.5,14,2,-0.001,0.0,0,1
107.2,46.905,52.47,24.526,1.5,1.5,14,2,0.019,0.0,0,1
107.4,46.902,52.464,24.413,1.5,1.5,14,2,-0.003,0.0,0,1
107.6,46.919,52.449,24.308,1.5,1.5,14,2,0.016,0.0,0,1
107.8,46.916,52.444,24.229,1.5,1.5,14,2,-0.002,0.0,0,1
108.0,46.923,52.438,24.164,1.5,1.5,14,2,0.007,0.0,0,1
108.2,46.924,52.436,24.1,1.5,1.5,14,2,0.001,0.0,0,1
108.4,46.928,52.443,24.007,1.5,1.5,14,2,0.004,0.0,0,1
108.6,46.929,52.441,24.056,1.5,1.5,14,2,0.0,0.0,0,1
108.8,46.928,52.432,24.043,1.5,1.5,14,2,-0.001,0.0,0,1
109.0,46.923,52.423,24.14,1.5,1.5,14,2,-0.006,0.0,0,1
109.2,46.914,52.409,24.124,1.5,1.5,14,2,-0.009,0.0,0,1
109.4,46.923,52.405,24.047,1.5,1.5,14,2,0.009,0.0,0,1
109.6,46.905,52.395,24.171,1.5,1.5,14,2,-0.018,0.0,0,1
109.8,46.894,52.383,24.231,1.5,1.5,14,2,-0.011,0.0,0,1
110.0,46.881,52.371,24.412,1.5,1.5,14,2,-0.013,0.0,0,1
110.2,47.19,52.956,24.727,1.5,1.5,14,2,0.309,0.007,0,1
110.4,47.787,54.202,26.334,1.5,1.5,14,2,0.597,0.071,0,1
110.6,48.133,55.01,28.629,1.5,1.5,14,2,0.346,0.178,0,1
110.8,48.347,55.586,31.155,1.5,1.5,14,2,0.214,0.297,0,1
111.0,48.487,55.987,33.611,1.5,1.5,14,2,0.14,0.402,0,1
111.2,48.59,56.285,35.824,1.5,1.5,14,2,0.103,0.476,0,1
111.4,48.671,56.539,37.774,1.5,1.5,14,2,0.081,0.51,0,1
111.6,48.729,56.736,39.602,1.5,1.5,14,2,0.059,0.487,0,1
111.8,48.776,56.874,41.199,1.5,1.5,14,2,0.047,0.401,0,1
112.0,48.828,56.98,42.134,1.5,1.5,14,2,0.052,0.244,0,1
112.2,48.864,57.065,43.235,1.5,1.5,14,2,0.035,0.107,0,1
112.4,48.884,57.146,44.251,1.5,1.5,14,2,0.02,0.054,0,1
112.6,48.919,57.22,44.722,1.5,1.5,14,2,0.035,0.031,0,1
112.8,48.925,57.267,45.662,1.5,1.5,14,2,0.006,0.02,0,1
113.0,48.937,57.289,46.34,1.5,1.5,14,2,0.012,0.013,0,1
113.2,48.951,57.319,46.853,1.5,1.5,14,2,0.014,0.008,0,1
113.4,48.972,57.354,47.161,1.5,1.5,14,2,0.021,0.006,0,1
113.6,48.985,57.381,47.352,1.5,1.5,14,2,0.013,0.004,0,1
113.8,49.026,57.399,47.104,1.5,1.5,14,2,0.041,0.003,0,1
114.0,49.035,57.431,47.374,1.5,1.5,14,2,0.009,0.003,0,1
114.2,49.041,57.455,47.301,1.5,1.5,14,2,0.006,0.003,0,1
114.4,49.051,57.471,47.305,1.5,1.5,14,2,0.01,0.002,0,1
114.6,49.037,57.461,47.795,1.5,1.5,14,2,-0.014,0.002,0,1
114.8,49.039,57.458,47.982,1.5,1.5,14,2,0.002,0.002,0,1
115.0,49.038,57.473,47.991,1.5,1.5,14,2,-0.001,0.001,0,1
115.2,49.044,57.48,47.88,1.5,1.5,14,2,0.006,0.001,0,1
115.4,49.048,57.477,47.98,1.5,1.5,14,2,0.004,0.0,0,1
115.6,49.059,57.478,47.755,1.5,1.5,14,2,0.011,0.0,0,1
115.8,49.057,57.483,48.027,1.5,1.5,14,2,-0.002,0.0,0,1
116.0,49.062,57.482,48.277,1.5,1.5,14,2,0.006,0.0,0,1
116.2,49.057,57.487,48.502,1.5,1.5,14,2,-0.005,0.0,0,1
116.4,49.069,57.504,48.099,1.5,1.5,14,2,0.012,0.0,0,1
116.6,49.078,57.522,47.993,1.5,1.5,14,2,0.009,0.0,0,1
116.8,49.079,57.51,48.056,1.5,1.5,14,2,0.001,0.0,0,1
117.0,49.079,57.521,48.07,1.5,1.5,14,2,-0.001,0.0,0,1
117.2,49.069,57.544,48.365,1.5,1.5,14,2,-0.01,0.0,0,1
117.4,49.068,57.569,48.294,1.5,1.5,14,2,-0.001,0.0,0,1
117.6,49.055,57.574,48.569,1.5,1.5,14,2,-0.013,0.0,0,1
117.8,49.059,57.587,48.46,1.5,1.5,14,2,0.004,0.0,0,1
118.0,49.044,57.594,48.798,1.5,1.5,14,2,-0.015,0.0,0,1
118.2,49.047,57.594,48.657,1.5,1.5,14,2,0.003,0.0,0,1
118.4,49.033,57.611,48.941,1.5,1.5,14,2,-0.014,0.0,0,1
118.6,49.037,57.605,48.851,1.5,1.5,14,2,0.004,0.0,0,1
118.8,49.038,57.594,48.916,1.5,1.5,14,2,0.001,0.0,0,1
119.0,49.042,57.589,48.654,1.5,1.5,14,2,0.004,0.0,0,1
119.2,49.038,57.583,48.604,1.5,1.5,14,2,-0.004,0.0,0,1
119.4,49.058,57.589,47.82,1.5,1.5,14,2,0.021,0.0,0,1
119.6,49.071,57.596,47.443,1.5,1.5,14,2,0.012,0.0,0,1
119.8,49.084,57.593,47.003,1.5,1.5,14,2,0.014,0.0,0,1
120.0,49.09,57.576,46.798,1.5,1.5,14,2,0.005,0.0,0,1
120.2,49.091,57.569,46.737,1.5,1.5,14,2,0.002,0.001,0,1
120.4,49.109,57.568,46.111,1.5,1.5,14,2,0.018,0.001,0,1
120.6,49.092,57.566,46.448,1.5,1.5,14,2,-0.017,0.001,0,1
120.8,49.074,57.563,46.698,1.5,1.5,14,2,-0.019,0.0,0,1
121.0,49.056,57.557,47.076,1.5,1.5,14,2,-0.018,0.0,0,1
121.2,49.034,57.56,47.365,1.5,1.5,14,2,-0.022,0.0,0,1
121.4,49.029,57.567,47.313,1.5,1.5,14,2,-0.004,0.001,0,1
121.6,49.004,57.572,47.618,1.5,1.5,14,2,-0.026,0.001,0,1
121.8,49.002,57.561,47.697,1.5,1.5,14,2,-0.002,0.001,0,1
122.0,48.986,57.551,47.958,1.5,1.5,14,2,-0.016,0.002,0,1
122.2,48.965,57.544,48.253,1.5,1.5,14,2,-0.021,0.002,0,1
122.4,48.969,57.527,47.866,1.5,1.5,14,2,0.005,0.002,0,1
122.6,48.974,57.502,47.794,1.5,1.5,14,2,0.005,0.001,0,1
122.8,48.974,57.502,47.658,1.5,1.5,14,2,-0.001,0.001,0,1
123.0,48.98,57.496,47.594,1.5,1.5,14,2,0.006,0.001,0,1
123.2,48.976,57.485,47.519,1.5,1.5,14,2,-0.004,0.0,0,1
123.4,48.962,57.476,47.773,1.5,1.5,14,2,-0.013,0.0,0,1
123.6,48.945,57.468,48.112,1.5,1.5,14,2,-0.017,0.0,0,1
123.8,48.939,57.456,48.217,1.5,1.5,14,2,-0.006,0.0,0,1
124.0,48.941,57.449,48.119,1.5,1.5,14,2,0.002,0.0,0,1
124.2,48.939,57.447,48.279,1.5,1.5,14,2,-0.002,0.0,0,1
124.4,48.931,57.442,48.407,1.5,1.5,14,2,-0.008,0.0,0,1
124.6,48.92,57.458,48.449,1.5,1.5,14,2,-0.012,0.0,0,1
124.8,48.9,57.459,48.685,1.5,1.5,14,2,-0.019,0.001,0,1
125.0,48.89,57.474,48.861,1.5,1.5,14,2,-0.01,0.001,0,1
125.2,48.888,57.469,49.024,1.5,1.5,14,2,-0.002,0.001,0,1
125.4,48.874,57.462,49.317,1.5,1.5,14,2,-0.015,0.001,0,1
125.6,48.891,57.454,48.939,1.5,1.5,14,2,0.017,0.001,0,1
125.8,48.908,57.45,48.653,1.5,1.5,14,2,0.017,0.0,0,1
126.0,48.896,57.451,48.886,1.5,1.5,14,2,-0.012,0.0,0,1
126.2,48.887,57.442,49.208,1.5,1.5,14,2,-0.009,0.0,0,1
126.4,48.891,57.435,49.165,1.5,1.5,14,2,0.004,0.0,0,1
126.6,48.881,57.415,49.437,1.5,1.5,14,2,-0.01,0.0,0,1
126.8,48.876,57.4,49.424,1.5,1.5,14,2,-0.005,0.0,0,1
127.0,48.888,57.401,49.177,1.5,1.5,14,2,0.012,0.0,0,1
127.2,48.89,57.414,49.059,1.5,1.5,14,2,0.002,0.0,0,1
127.4,48.902,57.42,48.768,1.5,1.5,14,2,0.012,0.0,0,1
127.6,48.913,57.423,48.49,1.5,1.5,14,2,0.011,0.0,0,1
127.8,48.898,57.443,48.684,1.5,1.5,14,2,-0.016,0.0,0,1
128.0,48.914,57.45,48.589,1.5,1.5,14,2,0.016,0.0,0,1
128.2,48.924,57.456,48.418,1.5,1.5,14,2,0.01,0.0,0,1
128.4,48.927,57.455,48.226,1.5,1.5,14,2,0.003,0.0,0,1
128.6,48.927,57.458,48.135,1.5,1.5,14,2,0.0,0.0,0,1
128.8,48.911,57.465,48.279,1.5,1.5,14,2,-0.016,0.0,0,1
129.0,48.899,57.465,48.354,1.5,1.5,14,2,-0.012,0.0,0,1
129.2,48.902,57.46,48.251,1.5,1.5,14,2,0.003,0.0,0,1
129.4,48.892,57.462,48.244,1.5,1.5,14,2,-0.01,0.0,0,1
129.6,48.882,57.463,48.387,1.5,1.5,14,2,-0.01,0.0,0,1
129.8,48.873,57.471,48.581,1.5,1.5,14,2,-0.009,0.0,0,1
130.0,48.856,57.467,48.773,1.5,1.5,14,2,-0.017,0.001,0,1
130.2,48.854,57.459,48.866,1.5,1.5,14,2,-0.002,0.001,0,1
130.4,48.839,57.466,49.148,1.5,1.5,14,2,-0.015,0.001,0,1
130.6,48.825,57.471,49.367,1.5,1.5,14,2,-0.014,0.001,0,1
130.8,48.814,57.472,49.635,1.5,1.5,14,2,-0.011,0.001,0,1
131.0,48.8,57.476,49.893,1.5,1.5,14,2,-0.014,0.001,0,1
131.2,48.799,57.476,50.098,1.5,1.5,14,2,-0.001,0.001,0,1
131.4,48.797,57.472,50.244,1.5,1.5,14,2,-0.002,0.001,0,1
131.6,48.793,57.466,50.328,1.5,1.5,14,2,-0.004,0.001,0,1
131.8,48.767,57.469,50.656,1.5,1.5,14,2,-0.026,0.001,0,1
132.0,48.759,57.479,50.633,1.5,1.5,14,2,-0.008,0.001,0,1
132.2,48.759,57.513,50.788,1.5,1.5,14,2,-0.0,0.001,0,1
132.4,48.75,57.547,50.916,1.5,1.5,14,2,-0.009,0.001,0,1
132.6,48.739,57.569,51.241,1.5,1.5,14,2,-0.011,0.001,0,1
132.8,48.719,57.582,51.66,1.5,1.5,14,2,-0.021,0.001,0,1
133.0,48.701,57.569,52.279,1.5,1.5,14,2,-0.017,0.001,0,1
133.2,48.744,57.6,52.012,1.5,1.5,14,2,0.042,0.001,0,1
133.4,48.755,57.649,52.174,1.5,1.5,14,2,0.012,0.001,0,1
133.6,48.805,57.613,51.95,1.5,1.5,14,2,0.049,0.001,0,1
133.8,48.811,57.447,51.561,1.5,1.5,14,2,0.006,0.001,0,1
134.0,48.821,57.048,50.236,1.5,1.5,14,2,0.01,0.001,0,1
134.2,48.832,56.53,48.327,1.5,1.5,14,2,0.011,0.002,0,1
134.4,48.817,56.239,47.86,1.5,1.5,14,2,-0.015,0.002,0,1
134.6,48.809,56.568,48.492,1.5,1.5,14,2,-0.008,0.002,0,1
134.8,48.798,56.706,49.709,1.5,1.5,14,2,-0.011,0.002,0,1
135.0,48.815,56.51,48.67,1.5,1.5,14,2,0.017,0.001,0,1
135.2,48.79,56.074,48.265,1.5,1.5,14,2,-0.024,0.0,0,1
135.4,48.788,56.4,48.754,1.5,1.5,14,2,-0.002,0.0,0,1
135.6,48.785,56.456,49.88,1.5,1.5,14,2,-0.004,0.0,0,1
135.8,48.755,56.075,49.42,1.5,1.5,14,2,-0.029,0.0,0,1
136.0,48.749,56.313,49.639,1.5,1.5,14,2,-0.006,0.001,0,1
136.2,48.778,56.323,49.711,1.5,1.5,14,2,0.029,0.0,0,1
136.4,48.746,56.008,49.164,1.5,1.5,14,2,-0.032,0.001,0,1
136.6,48.777,56.265,49.155,1.5,1.5,14,2,0.031,0.0,0,1
136.8,48.761,56.033,49.28,1.5,1.5,14,2,-0.015,0.0,0,1
137.0,48.777,56.217,48.939,1.5,1.5,14,2,0.016,0.0,0,1
137.2,48.792,56.06,48.961,1.5,1.5,14,2,0.014,0.0,0,1
137.4,48.769,56.15,49.172,1.5,1.5,14,2,-0.022,0.0,0,1
137.6,48.76,56.019,49.82,1.5,1.5,14,2,-0.009,0.0,0,1
137.8,48.755,56.137,49.644,1.5,1.5,14,2,-0.005,0.0,0,1
138.0,48.763,55.907,49.415,1.5,1.5,14,2,0.008,0.0,0,1
138.2,48.752,56.1,49.98,1.5,1.5,14,2,-0.011,0.0,0,1
138.4,48.747,55.936,49.435,1.5,1.5,14,2,-0.005,0.0,0,1
138.6,48.752,56.025,50.178,1.5,1.5,14,2,0.005,0.0,0,1
138.8,48.732,56.079,49.974,1.5,1.5,14,2,-0.02,0.0,0,1
139.0,48.755,55.871,49.196,1.5,1.5,14,2,0.023,0.0,0,1
139.2,48.751,56.003,49.808,1.5,1.5,14,2,-0.005,0.0,0,1
139.4,48.745,56.058,49.737,1.5,1.5,14,2,-0.005,0.0,0,1
139.6,48.711,55.94,50.165,1.5,1.5,14,2,-0.034,0.0,0,1
139.8,48.706,55.891,50.672,1.5,1.5,14,2,-0.006,0.0,0,1
140.0,48.715,56.0,50.921,1.5,1.5,14,2,0.009,0.0,0,1
140.2,48.72,56.052,50.774,1.5,1.5,14,2,0.005,0.0,0,1
140.4,48.724,56.018,50.464,1.5,1.5,14,2,0.004,0.0,0,1
140.6,48.719,55.924,50.338,1.5,1.5,14,2,-0.006,0.0,0,1
140.8,48.714,55.866,50.38,1.5,1.5,14,2,-0.005,0.0,0,1
141.0,48.716,55.886,50.257,1.5,1.5,14,2,0.002,0.0,0,1
141.2,48.739,55.937,49.737,1.5,1.5,14,2,0.024,0.0,0,1
141.4,48.745,55.968,49.784,1.5,1.5,14,2,0.005,0.0,0,1
141.6,48.759,55.993,49.387,1.5,1.5,14,2,0.014,0.0,0,1
141.8,48.765,56.0,49.449,1.5,1.5,14,2,0.005,0.0,0,1
142.0,48.766,56.009,49.367,1.5,1.5,14,2,0.001,0.0,0,1
142.2,48.775,56.023,48.991,1.5,1.5,14,2,0.009,0.0,0,1
142.4,48.792,56.012,48.703,1.5,1.5,14,2,0.017,0.001,0,1
142.6,48.814,56.003,48.009,1.5,1.5,14,2,0.022,0.001,0,1
142.8,48.816,55.975,47.992,1.5,1.5,14,2,0.001,0.001,0,1
143.0,48.811,55.962,48.025,1.5,1.5,14,2,-0.005,0.001,0,1
143.2,48.818,55.941,47.628,1.5,1.5,14,2,0.007,0.001,0,1
143.4,48.828,55.931,47.068,1.5,1.5,14,2,0.01,0.001,0,1
143.6,48.823,55.973,46.901,1.5,1.5,14,2,-0.005,0.001,0,1
143.8,48.813,56.058,47.122,1.5,1.5,14,2,-0.01,0.0,0,1
144.0,48.822,56.104,46.93,1.5,1.5,14,2,0.01,0.0,0,1
144.2,48.799,56.063,47.418,1.5,1.5,14,2,-0.023,0.0,0,1
144.4,48.806,55.986,47.317,1.5,1.5,14,2,0.007,0.0,0,1
144.6,48.811,56.019,46.846,1.5,1.5,14,2,0.005,0.0,0,1
144.8,48.796,56.11,47.356,1.5,1.5,14,2,-0.015,0.0,0,1
145.0,48.799,56.062,47.404,1.5,1.5,14,2,0.002,0.0,0,1
145.2,48.794,56.019,47.089,1.5,1.5,14,2,-0.005,0.0,0,1
145.4,48.799,56.141,46.867,1.5,1.5,14,2,0.006,0.0,0,1
145.6,48.795,56.089,47.117,1.5,1.5,14,2,-0.004,0.0,0,1
145.8,48.792,56.061,46.876,1.5,1.5,14,2,-0.003,0.0,0,1
146.0,48.821,56.138,46.542,1.5,1.5,14,2,0.029,0.0,0,1
146.2,48.82,56.042,46.446,1.5,1.5,14,2,-0.0,0.0,0,1
146.4,48.833,56.132,46.113,1.5,1.5,14,2,0.013,0.0,0,1
146.6,48.827,56.066,46.305,1.5,1.5,14,2,-0.005,0.0,0,1
146.8,48.819,56.133,46.24,1.5,1.5,14,2,-0.009,0.0,0,1
147.0,48.82,56.099,46.651,1.5,1.5,14,2,0.001,0.0,0,1
147.2,48.812,56.172,46.661,1.5,1.5,14,2,-0.008,0.0,0,1
147.4,48.822,56.111,46.503,1.5,1.5,14,2,0.01,0.0,0,1
147.6,48.817,56.206,46.609,1.5,1.5,14,2,-0.005,0.0,0,1
147.8,48.826,56.114,46.4,1.5,1.5,14,2,0.009,0.0,0,1
148.0,48.826,56.181,46.719,1.5,1.5,14,2,0.0,0.0,0,1
148.2,48.812,56.173,46.923,1.5,1.5,14,2,-0.014,0.0,0,1
148.4,48.824,56.129,46.583,1.5,1.5,14,2,0.012,0.0,0,1
148.6,48.832,56.2,46.635,1.5,1.5,14,2,0.007,0.0,0,1
148.8,48.842,56.186,46.165,1.5,1.5,14,2,0.01,0.0,0,1
149.0,48.842,56.135,46.093,1.5,1.5,14,2,0.001,0.0,0,1
149.2,48.842,56.177,46.272,1.5,1.5,14,2,-0.0,0.0,0,1
149.4,48.823,56.239,46.55,1.5,1.5,14,2,-0.019,0.0,0,1
149.6,48.84,56.2,45.891,1.5,1.5,14,2,0.017,0.0,0,1
149.8,48.849,56.137,45.927,1.5,1.5,14,2,0.009,0.0,0,1
150.0,48.878,56.142,45.352,1.5,1.5,14,2,0.029,0.0,0,1
150.2,48.89,56.176,45.048,1.5,1.5,14,2,0.012,0.0,0,1
150.4,48.883,56.202,45.135,1.5,1.5,14,2,-0.007,0.0,0,1
150.6,48.875,56.215,45.188,1.5,1.5,14,2,-0.008,0.0,0,1
150.8,48.887,56.202,44.623,1.5,1.5,14,2,0.012,0.001,0,1
151.0,48.899,56.172,44.252,1.5,1.5,14,2,0.012,0.001,0,1
151.2,48.896,56.159,44.246,1.5,1.5,14,2,-0.003,0.001,0,1
151.4,48.892,56.149,44.172,1.5,1.5,14,2,-0.003,0.0,0,1
151.6,48.885,56.138,44.349,1.5,1.5,14,2,-0.007,0.0,0,1
151.8,48.881,56.134,44.354,1.5,1.5,14,2,-0.004,0.0,0,1
152.0,48.872,56.133,44.446,1.5,1.5,14,2,-0.01,0.0,0,1
152.2,48.88,56.136,44.511,1.5,1.5,14,2,0.009,0.0,0,1
152.4,48.888,56.143,44.419,1.5,1.5,14,2,0.007,0.0,0,1
152.6,48.868,56.152,44.914,1.5,1.5,14,2,-0.02,0.0,0,1
152.8,48.876,56.133,44.805,1.5,1.5,14,2,0.009,0.0,0,1
153.0,48.868,56.097,45.069,1.5,1.5,14,2,-0.008,0.0,0,1
153.2,48.861,56.072,45.063,1.5,1.5,14,2,-0.007,0.0,0,1
153.4,48.868,56.06,44.788,1.5,1.5,14,2,0.008,0.0,0,1
153.6,48.859,56.092,45.029,1.5,1.5,14,2,-0.009,0.0,0,1
153.8,48.843,56.131,45.308,1.5,1.5,14,2,-0.016,0.0,0,1
154.0,48.838,56.1,45.479,1.5,1.5,14,2,-0.006,0.0,0,1
154.2,48.835,56.065,45.444,1.5,1.5,14,2,-0.003,0.0,0,1
154.4,48.818,56.088,45.666,1.5,1.5,14,2,-0.016,0.0,0,1
154.6,48.826,56.127,45.518,1.5,1.5,14,2,0.007,0.0,0,1
154.8,48.83,56.078,45.713,1.5,1.5,14,2,0.005,0.0,0,1
155.0,48.809,56.072,45.683,1.5,1.5,14,2,-0.021,0.0,0,1
155.2,48.802,56.106,45.958,1.5,1.5,14,2,-0.007,0.0,0,1
155.4,48.796,56.052,46.079,1.5,1.5,14,2,-0.006,0.0,0,1
155.6,48.809,56.07,45.871,1.5,1.5,14,2,0.012,0.0,0,1
155.8,48.804,56.077,46.314,1.5,1.5,14,2,-0.005,0.0,0,1
156.0,48.791,56.044,46.353,1.5,1.5,14,2,-0.013,0.0,0,1
156.2,48.784,56.07,46.84,1.5,1.5,14,2,-0.007,0.0,0,1
156.4,48.792,56.029,46.489,1.5,1.5,14,2,0.009,0.0,0,1
156.6,48.801,56.048,46.814,1.5,1.5,14,2,0.009,0.0,0,1
156.8,48.803,56.0,46.362,1.5,1.5,14,2,0.001,0.0,0,1
157.0,48.788,56.037,46.81,1.5,1.5,14,2,-0.015,0.0,0,1
157.2,48.781,56.026,46.572,1.5,1.5,14,2,-0.007,0.0,0,1
157.4,48.787,56.003,46.513,1.5,1.5,14,2,0.006,0.0,0,1
157.6,48.787,56.044,46.774,1.5,1.5,14,2,0.0,0.0,0,1
157.8,48.786,55.994,46.536,1.5,1.5,14,2,-0.001,0.0,0,1
158.0,48.786,56.002,46.743,1.5,1.5,14,2,0.0,0.0,0,1
158.2,48.769,56.032,46.967,1.5,1.5,14,2,-0.016,0.0,0,1
158.4,48.76,55.995,46.963,1.5,1.5,14,2,-0.01,0.0,0,1
158.6,48.749,55.969,47.349,1.5,1.5,14,2,-0.011,0.0,0,1
158.8,48.75,56.012,47.369,1.5,1.5,14,2,0.0,0.0,0,1
159.0,48.749,56.05,47.207,1.5,1.5,14,2,-0.0,0.0,0,1
159.2,48.732,56.031,47.399,1.5,1.5,14,2,-0.017,0.0,0,1
159.4,48.741,56.016,47.287,1.5,1.5,14,2,0.009,0.0,0,1
159.6,48.767,56.018,46.743,1.5,1.5,14,2,0.026,0.0,0,1
159.8,48.762,56.041,46.745,1.5,1.5,14,2,-0.005,0.0,0,1
160.0,48.741,56.067,46.964,1.5,1.5,14,2,-0.021,0.0,0,1
160.2,48.736,56.089,46.478,1.5,1.5,14,2,-0.005,0.0,0,1
160.4,48.723,56.094,46.717,1.5,1.5,14,2,-0.013,0.0,0,1
160.6,48.735,56.091,46.29,1.5,1.5,14,2,0.012,0.0,0,1
160.8,48.745,56.084,45.906,1.5,1.5,14,2,0.011,0.0,0,1
161.0,48.736,56.101,45.721,1.5,1.5,14,2,-0.009,0.0,0,1
161.2,48.735,56.105,45.55,1.5,1.5,14,2,-0.001,0.0,0,1
161.4,48.742,56.116,45.115,1.5,1.5,14,2,0.007,0.0,0,1
161.6,48.752,56.121,44.731,1.5,1.5,14,2,0.01,0.0,0,1
161.8,48.75,56.129,44.639,1.5,1.5,14,2,-0.002,0.0,0,1
162.0,48.759,56.13,44.215,1.5,1.5,14,2,0.009,0.0,0,1
162.2,48.761,56.128,44.177,1.5,1.5,14,2,0.002,0.0,0,1
162.4,48.757,56.115,44.175,1.5,1.5,14,2,-0.004,0.0,0,1
162.6,48.759,56.089,43.904,1.5,1.5,14,2,0.002,0.0,0,1
162.8,48.752,56.066,43.955,1.5,1.5,14,2,-0.008,0.0,0,1
163.0,48.739,56.076,43.913,1.5,1.5,14,2,-0.012,0.0,0,1
163.2,48.735,56.105,43.808,1.5,1.5,14,2,-0.004,0.0,0,1
163.4,48.743,56.101,43.812,1.5,1.5,14,2,0.008,0.0,0,1
163.6,48.733,56.064,43.684,1.5,1.5,14,2,-0.01,0.0,0,1
163.8,48.719,56.031,43.668,1.5,1.5,14,2,-0.014,0.0,0,1
164.0,48.731,56.058,43.322,1.5,1.5,14,2,0.012,0.0,0,1
164.2,48.728,56.06,43.616,1.5,1.5,14,2,-0.003,0.0,0,1
164.4,48.721,56.03,43.413,1.5,1.5,14,2,-0.007,0.0,0,1
164.6,48.71,56.052,43.636,1.5,1.5,14,2,-0.011,0.0,0,1
164.8,48.715,56.044,43.472,1.5,1.5,14,2,0.005,0.0,0,1
165.0,48.738,56.025,42.79,1.5,1.5,14,2,0.023,0.0,0,1
165.2,48.734,56.062,42.866,1.5,1.5,14,2,-0.005,0.0,0,1
165.4,48.737,56.032,42.612,1.5,1.5,14,2,0.004,0.0,0,1
165.6,48.74,56.065,42.614,1.5,1.5,14,2,0.003,0.0,0,1
165.8,48.747,56.038,42.364,1.5,1.5,14,2,0.006,0.0,0,1
166.0,48.767,56.057,42.106,1.5,1.5,14,2,0.02,0.0,0,1
166.2,48.775,56.013,41.889,1.5,1.5,14,2,0.007,0.0,0,1
166.4,48.76,56.023,42.141,1.5,1.5,14,2,-0.014,0.0,0,1
166.6,48.773,55.987,41.716,1.5,1.5,14,2,0.012,0.0,0,1
166.8,48.774,56.03,41.782,1.5,1.5,14,2,0.001,0.0,0,1
167.0,48.756,56.012,41.879,1.5,1.5,14,2,-0.018,0.0,0,1
167.2,48.764,56.002,41.693,1.5,1.5,14,2,0.008,0.0,0,1
167.4,48.786,56.032,41.21,1.5,1.5,14,2,0.022,0.0,0,1
167.6,48.793,55.999,40.833,1.5,1.5,14,2,0.007,0.0,0,1
167.8,48.788,55.995,40.876,1.5,1.5,14,2,-0.005,0.0,0,1
168.0,48.784,56.021,40.882,1.5,1.5,14,2,-0.004,0.0,0,1
168.2,48.826,55.994,39.835,1.5,1.5,14,2,0.042,0.0,0,1
168.4,48.843,55.971,39.374,1.5,1.5,14,2,0.017,0.001,0,1
168.6,48.835,55.973,39.524,1.5,1.5,14,2,-0.008,0.001,0,1
168.8,48.822,55.986,39.838,1.5,1.5,14,2,-0.013,0.001,0,1
169.0,48.81,55.984,39.753,1.5,1.5,14,2,-0.012,0.001,0,1
169.2,48.812,55.959,39.502,1.5,1.5,14,2,0.002,0.0,0,1
169.4,48.823,55.941,39.199,1.5,1.5,14,2,0.011,0.0,0,1
169.6,48.824,55.943,39.166,1.5,1.5,14,2,0.001,0.0,0,1
169.8,48.837,55.944,38.82,1.5,1.5,14,2,0.013,0.0,0,1
170.0,48.837,55.957,38.683,1.5,1.5,14,2,0.0,0.0,0,1
170.2,48.82,55.953,38.989,1.5,1.5,14,2,-0.017,0.0,0,1
170.4,48.815,55.956,39.119,1.5,1.5,14,2,-0.005,0.0,0,1
170.6,48.833,55.955,38.785,1.5,1.5,14,2,0.018,0.0,0,1
170.8,48.836,55.958,38.629,1.5,1.5,14,2,0.004,0.0,0,1
171.0,48.844,55.951,38.432,1.5,1.5,14,2,0.008,0.0,0,1
171.2,48.831,55.953,38.531,1.5,1.5,14,2,-0.014,0.0,0,1
171.4,48.829,55.966,38.44,1.5,1.5,14,2,-0.002,0.0,0,1
171.6,48.83,55.941,38.342,1.5,1.5,14,2,0.001,0.0,0,1
171.8,48.842,55.924,38.266,1.5,1.5,14,2,0.012,0.0,0,1
172.0,48.852,55.946,37.979,1.5,1.5,14,2,0.011,0.0,0,1
172.2,48.846,55.943,38.138,1.5,1.5,14,2,-0.006,0.0,0,1
172.4,48.846,55.948,38.176,1.5,1.5,14,2,-0.0,0.0,0,1
172.6,48.856,55.94,37.944,1.5,1.5,14,2,0.011,0.0,0,1
172.8,48.844,55.917,38.013,1.5,1.5,14,2,-0.012,0.0,0,1
173.0,48.838,55.903,38.037,1.5,1.5,14,2,-0.007,0.0,0,1
173.2,48.824,55.916,38.234,1.5,1.5,14,2,-0.013,0.0,0,1
173.4,48.821,55.905,38.204,1.5,1.5,14,2,-0.003,0.0,0,1
173.6,48.821,55.881,38.074,1.5,1.5,14,2,0.0,0.0,0,1
173.8,48.827,55.892,38.134,1.5,1.5,14,2,0.006,0.0,0,1
174.0,48.816,55.896,38.203,1.5,1.5,14,2,-0.011,0.0,0,1
174.2,48.824,55.887,37.935,1.5,1.5,14,2,0.008,0.0,0,1
174.4,48.816,55.91,38.222,1.5,1.5,14,2,-0.008,0.0,0,1
174.6,48.816,55.901,38.184,1.5,1.5,14,2,-0.0,0.0,0,1
174.8,48.815,55.922,38.132,1.5,1.5,14,2,-0.002,0.0,0,1
175.0,48.837,55.925,37.866,1.5,1.5,14,2,0.022,0.0,0,1
175.2,48.83,55.916,37.82,1.5,1.5,14,2,-0.007,0.0,0,1
175.4,48.839,55.939,37.837,1.5,1.5,14,2,0.009,0.0,0,1
175.6,48.846,55.95,37.416,1.5,1.5,14,2,0.007,0.0,0,1
175.8,48.852,55.968,37.367,1.5,1.5,14,2,0.005,0.0,0,1
176.0,48.853,55.968,37.183,1.5,1.5,14,2,0.001,0.0,0,1
176.2,48.86,55.987,36.991,1.5,1.5,14,2,0.007,0.0,0,1
176.4,48.858,55.995,36.956,1.5,1.5,14,2,-0.002,0.0,0,1
176.6,48.848,55.973,36.998,1.5,1.5,14,2,-0.01,0.0,0,1
176.8,48.852,56.0,37.091,1.5,1.5,14,2,0.004,0.0,0,1
177.0,48.847,56.003,36.961,1.5,1.5,14,2,-0.005,0.0,0,1
177.2,48.868,55.992,36.697,1.5,1.5,14,2,0.021,0.0,0,1
177.4,48.87,56.018,36.8,1.5,1.5,14,2,0.002,0.0,0,1
177.6,48.845,56.035,37.022,1.5,1.5,14,2,-0.025,0.0,0,1
177.8,48.849,56.038,36.884,1.5,1.5,14,2,0.005,0.0,0,1
178.0,48.868,56.061,36.57,1.5,1.5,14,2,0.019,0.0,0,1
178.2,48.861,56.098,36.753,1.5,1.5,14,2,-0.007,0.0,0,1
178.4,48.847,56.111,36.869,1.5,1.5,14,2,-0.014,0.0,0,1
178.6,48.848,56.119,36.841,1.5,1.5,14,2,0.001,0.0,0,1
178.8,48.841,56.119,36.849,1.5,1.5,14,2,-0.007,0.0,0,1
179.0,48.833,56.133,37.066,1.5,1.5,14,2,-0.009,0.0,0,1
179.2,48.847,56.14,36.838,1.5,1.5,14,2,0.014,0.0,0,1
179.4,48.842,56.155,36.921,1.5,1.5,14,2,-0.004,0.0,0,1
179.6,48.864,56.175,36.638,1.5,1.5,14,2,0.022,0.0,0,1
179.8,48.855,56.2,36.581,1.5,1.5,14,2,-0.009,0.0,0,1
180.0,48.874,56.212,36.365,1.5,1.5,14,2,0.018,0.0,0,1
180.2,48.873,56.233,36.328,1.5,1.5,14,2,-0.001,0.0,0,1
180.4,48.873,56.253,36.199,1.5,1.5,14,2,0.001,0.0,0,1
180.6,48.873,56.266,36.098,1.5,1.5,14,2,-0.0,0.0,0,1
180.8,48.873,56.271,36.091,1.5,1.5,14,2,-0.001,0.0,0,1
181.0,48.867,56.263,36.262,1.5,1.5,14,2,-0.006,0.0,0,1
181.2,48.876,56.293,36.068,1.5,1.5,14,2,0.009,0.0,0,1
181.4,48.866,56.303,36.048,1.5,1.5,14,2,-0.01,0.0,0,1
181.6,48.866,56.322,36.121,1.5,1.5,14,2,-0.0,0.0,0,1
181.8,48.858,56.329,36.272,1.5,1.5,14,2,-0.008,0.0,0,1
182.0,48.852,56.337,36.454,1.5,1.5,14,2,-0.006,0.0,0,1
182.2,48.852,56.34,36.465,1.5,1.5,14,2,0.0,0.0,0,1
182.4,48.844,56.335,36.426,1.5,1.5,14,2,-0.008,0.0,0,1
182.6,48.844,56.354,36.232,1.5,1.5,14,2,0.0,0.0,0,1
182.8,48.842,56.384,36.333,1.5,1.5,14,2,-0.003,0.0,0,1
183.0,48.838,56.395,36.333,1.5,1.5,14,2,-0.003,0.0,0,1
183.2,48.828,56.395,36.456,1.5,1.5,14,2,-0.01,0.0,0,1
183.4,48.817,56.391,36.67,1.5,1.5,14,2,-0.011,0.0,0,1
183.6,48.825,56.415,36.549,1.5,1.5,14,2,0.008,0.0,0,1
183.8,48.825,56.402,36.586,1.5,1.5,14,2,0.0,0.0,0,1
184.0,48.803,56.392,36.836,1.5,1.5,14,2,-0.022,0.0,0,1
184.2,48.814,56.402,36.6,1.5,1.5,14,2,0.011,0.0,0,1
184.4,48.814,56.407,36.854,1.5,1.5,14,2,-0.0,0.0,0,1
184.6,48.819,56.411,36.908,1.5,1.5,14,2,0.005,0.0,0,1
184.8,48.82,56.399,36.826,1.5,1.5,14,2,0.001,0.0,0,1
185.0,48.815,56.402,36.848,1.5,1.5,14,2,-0.005,0.0,0,1
185.2,48.794,56.431,37.413,1.5,1.5,14,2,-0.02,0.0,0,1
185.4,48.772,56.428,37.665,1.5,1.5,14,2,-0.022,0.0,0,1
185.6,48.772,56.412,37.758,1.5,1.5,14,2,0.0,0.0,0,1
185.8,48.755,56.43,38.048,1.5,1.5,14,2,-0.017,0.0,0,1
186.0,48.742,56.449,38.468,1.5,1.5,14,2,-0.013,0.001,0,1
186.2,48.734,56.448,38.635,1.5,1.5,14,2,-0.008,0.001,0,1
186.4,48.717,56.449,38.988,1.5,1.5,14,2,-0.017,0.001,0,1
186.6,48.704,56.445,39.366,1.5,1.5,14,2,-0.013,0.001,0,1
186.8,48.691,56.432,39.652,1.5,1.5,14,2,-0.013,0.001,0,1
187.0,48.694,56.42,39.756,1.5,1.5,14,2,0.003,0.001,0,1
187.2,48.683,56.393,39.972,1.5,1.5,14,2,-0.011,0.001,0,1
187.4,48.687,56.413,39.953,1.5,1.5,14,2,0.004,0.001,0,1
187.6,48.67,56.422,40.265,1.5,1.5,14,2,-0.017,0.001,0,1
187.8,48.653,56.415,40.692,1.5,1.5,14,2,-0.017,0.001,0,1
188.0,48.634,56.406,41.179,1.5,1.5,14,2,-0.018,0.001,0,1
188.2,48.624,56.418,41.559,1.5,1.5,14,2,-0.011,0.001,0,1
188.4,48.611,56.437,41.947,1.5,1.5,14,2,-0.013,0.001,0,1
188.6,48.601,56.435,42.149,1.5,1.5,14,2,-0.009,0.001,0,1
188.8,48.601,56.434,42.134,1.5,1.5,14,2,-0.0,0.001,0,1
189.0,48.597,56.439,42.327,1.5,1.5,14,2,-0.004,0.001,0,1
189.2,48.59,56.443,42.624,1.5,1.5,14,2,-0.007,0.001,0,1
189.4,48.587,56.437,42.57,1.5,1.5,14,2,-0.003,0.001,0,1
189.6,48.58,56.431,42.865,1.5,1.5,14,2,-0.007,0.0,0,1
189.8,48.578,56.443,43.088,1.5,1.5,14,2,-0.002,0.0,0,1
190.0,48.569,56.448,43.334,1.5,1.5,14,2,-0.009,0.0,0,1
190.2,48.582,56.444,42.934,1.5,1.5,14,2,0.013,0.0,0,1
190.4,48.587,56.429,42.871,1.5,1.5,14,2,0.005,0.0,0,1
190.6,48.58,56.458,43.131,1.5,1.5,14,2,-0.007,0.0,0,1
190.8,48.58,56.462,43.27,1.5,1.5,14,2,-0.0,0.0,0,1
191.0,48.57,56.443,43.231,1.5,1.5,14,2,-0.01,0.0,0,1
191.2,48.564,56.434,43.529,1.5,1.5,14,2,-0.006,0.0,0,1
191.4,48.56,56.426,43.978,1.5,1.5,14,2,-0.004,0.0,0,1
191.6,48.561,56.423,43.812,1.5,1.5,14,2,0.0,0.0,0,1
191.8,48.569,56.419,43.908,1.5,1.5,14,2,0.008,0.0,0,1
192.0,48.556,56.424,44.331,1.5,1.5,14,2,-0.013,0.0,0,1
192.2,48.561,56.431,44.542,1.5,1.5,14,2,0.005,0.0,0,1
192.4,48.556,56.42,44.689,1.5,1.5,14,2,-0.004,0.0,0,1
192.6,48.536,56.4,44.85,1.5,1.5,14,2,-0.02,0.0,0,1
192.8,48.539,56.396,44.993,1.5,1.5,14,2,0.002,0.0,0,1
193.0,48.529,56.382,45.266,1.5,1.5,14,2,-0.009,0.0,0,1
193.2,48.546,56.37,44.808,1.5,1.5,14,2,0.017,0.0,0,1
193.4,48.531,56.356,44.921,1.5,1.5,14,2,-0.016,0.0,0,1
193.6,48.525,56.355,45.167,1.5,1.5,14,2,-0.006,0.0,0,1
193.8,48.521,56.354,45.515,1.5,1.5,14,2,-0.004,0.0,0,1
194.0,48.527,56.365,45.61,1.5,1.5,14,2,0.006,0.0,0,1
194.2,48.529,56.353,45.387,1.5,1.5,14,2,0.001,0.0,0,1
194.4,48.532,56.336,45.428,1.5,1.5,14,2,0.004,0.0,0,1
194.6,48.554,56.356,44.91,1.5,1.5,14,2,0.022,0.0,0,1
194.8,48.58,56.369,44.268,1.5,1.5,14,2,0.025,0.0,0,1
195.0,48.566,56.367,44.612,1.5,1.5,14,2,-0.014,0.0,0,1
195.2,48.568,56.369,44.434,1.5,1.5,14,2,0.002,0.0,0,1
195.4,48.58,56.375,44.09,1.5,1.5,14,2,0.013,0.001,0,1
195.6,48.573,56.385,44.046,1.5,1.5,14,2,-0.008,0.0,0,1
195.8,48.572,56.396,43.615,1.5,1.5,14,2,-0.001,0.0,0,1
196.0,48.574,56.431,43.66,1.5,1.5,14,2,0.003,0.0,0,1
196.2,48.586,56.444,43.445,1.5,1.5,14,2,0.011,0.0,0,1
196.4,48.611,56.45,42.913,1.5,1.5,14,2,0.025,0.0,0,1
196.6,48.617,56.441,42.481,1.5,1.5,14,2,0.006,0.0,0,1
196.8,48.624,56.455,42.368,1.5,1.5,14,2,0.006,0.0,0,1
197.0,48.63,56.466,42.408,1.5,1.5,14,2,0.006,0.001,0,1
197.2,48.623,56.49,42.579,1.5,1.5,14,2,-0.006,0.001,0,1
197.4,48.613,56.5,42.737,1.5,1.5,14,2,-0.01,0.0,0,1
197.6,48.609,56.516,42.98,1.5,1.5,14,2,-0.004,0.0,0,1
197.8,48.601,56.536,43.131,1.5,1.5,14,2,-0.007,0.0,0,1
198.0,48.586,56.541,43.476,1.5,1.5,14,2,-0.016,0.0,0,1
198.2,48.584,56.548,43.655,1.5,1.5,14,2,-0.001,0.0,0,1
198.4,48.568,56.555,43.592,1.5,1.5,14,2,-0.016,0.0,0,1
198.6,48.559,56.566,43.996,1.5,1.5,14,2,-0.009,0.001,0,1
198.8,48.548,56.561,44.044,1.5,1.5,14,2,-0.011,0.001,0,1
199.0,48.527,56.563,44.432,1.5,1.5,14,2,-0.021,0.001,0,1
199.2,48.515,56.591,44.839,1.5,1.5,14,2,-0.012,0.001,0,1
199.4,48.511,56.581,45.271,1.5,1.5,14,2,-0.004,0.001,0,1
199.6,48.487,56.594,45.646,1.5,1.5,14,2,-0.024,0.001,0,1
199.8,48.468,56.594,45.939,1.5,1.5,14,2,-0.019,0.001,0,1
200.0,48.443,56.616,46.524,1.5,1.5,14,2,-0.025,0.002,0,1
200.2,48.429,56.623,46.743,1.5,1.5,14,2,-0.014,0.002,0,1
200.4,48.424,56.622,46.968,1.5,1.5,14,2,-0.005,0.002,0,1
200.6,48.408,56.618,47.272,1.5,1.5,14,2,-0.016,0.002,0,1
200.8,48.367,56.621,48.089,1.5,1.5,14,2,-0.041,0.002,0,1
201.0,48.367,56.631,47.973,1.5,1.5,14,2,-0.0,0.003,0,1
201.2,48.367,56.629,48.054,1.5,1.5,14,2,0.0,0.002,0,1
201.4,48.371,56.614,47.893,1.5,1.5,14,2,0.004,0.002,0,1
201.6,48.371,56.619,47.958,1.5,1.5,14,2,0.0,0.001,0,1
201.8,48.348,56.596,48.278,1.5,1.5,14,2,-0.024,0.001,0,1
202.0,48.351,56.583,48.06,1.5,1.5,14,2,0.003,0.001,0,1
202.2,48.354,56.57,48.163,1.5,1.5,14,2,0.003,0.001,0,1
202.4,48.372,56.571,47.843,1.5,1.5,14,2,0.018,0.0,0,1
202.6,48.374,56.56,47.804,1.5,1.5,14,2,0.002,0.0,0,1
202.8,48.365,56.539,48.208,1.5,1.5,14,2,-0.008,0.0,0,1
203.0,48.365,56.548,48.183,1.5,1.5,14,2,0.0,0.0,0,1
203.2,48.372,56.555,47.767,1.5,1.5,14,2,0.007,0.0,0,1
203.4,48.367,56.57,47.819,1.5,1.5,14,2,-0.005,0.0,0,1
203.6,48.379,56.573,47.196,1.5,1.5,14,2,0.012,0.0,0,1
203.8,48.377,56.558,47.361,1.5,1.5,14,2,-0.002,0.0,0,1
204.0,48.382,56.547,47.106,1.5,1.5,14,2,0.005,0.0,0,1
204.2,48.385,56.541,47.188,1.5,1.5,14,2,0.003,0.0,0,1
204.4,48.364,56.539,47.451,1.5,1.5,14,2,-0.021,0.0,0,1
204.6,48.37,56.546,47.407,1.5,1.5,14,2,0.006,0.0,0,1
204.8,48.38,56.552,47.217,1.5,1.5,14,2,0.01,0.0,0,1
205.0,48.376,56.558,47.464,1.5,1.5,14,2,-0.004,0.0,0,1
205.2,48.349,56.554,48.008,1.5,1.5,14,2,-0.027,0.0,0,1
205.4,48.331,56.548,48.194,1.5,1.5,14,2,-0.017,0.0,0,1
205.6,48.331,56.55,48.229,1.5,1.5,14,2,-0.0,0.0,0,1
205.8,48.338,56.524,48.264,1.5,1.5,14,2,0.007,0.0,0,1
206.0,48.348,56.515,48.163,1.5,1.5,14,2,0.01,0.0,0,1
206.2,48.347,56.51,48.132,1.5,1.5,14,2,-0.001,0.0,0,1
206.4,48.336,56.505,48.427,1.5,1.5,14,2,-0.011,0.0,0,1
206.6,48.345,56.493,48.249,1.5,1.5,14,2,0.008,0.0,0,1
206.8,48.349,56.496,48.12,1.5,1.5,14,2,0.004,0.0,0,1
207.0,48.345,56.48,48.582,1.5,1.5,14,2,-0.004,0.0,0,1
207.2,48.339,56.475,48.857,1.5,1.5,14,2,-0.006,0.0,0,1
207.4,48.345,56.475,48.827,1.5,1.5,14,2,0.006,0.0,0,1
207.6,48.341,56.472,49.014,1.5,1.5,14,2,-0.004,0.0,0,1
207.8,48.338,56.467,49.158,1.5,1.5,14,2,-0.004,0.0,0,1
208.0,48.338,56.465,48.98,1.5,1.5,14,2,-0.0,0.0,0,1
208.2,48.348,56.468,48.983,1.5,1.5,14,2,0.011,0.0,0,1
208.4,48.34,56.471,49.068,1.5,1.5,14,2,-0.008,0.0,0,1
208.6,48.326,56.456,49.573,1.5,1.5,14,2,-0.015,0.0,0,1
208.8,48.329,56.445,49.656,1.5,1.5,14,2,0.004,0.0,0,1
209.0,48.338,56.447,49.45,1.5,1.5,14,2,0.009,0.0,0,1
209.2,48.352,56.435,49.027,1.5,1.5,14,2,0.014,0.0,0,1
209.4,48.395,56.43,48.115,1.5,1.5,14,2,0.042,0.0,0,1
209.6,48.391,56.426,48.269,1.5,1.5,14,2,-0.003,0.001,0,1
209.8,48.39,56.425,48.392,1.5,1.5,14,2,-0.001,0.001,0,1
210.0,48.392,56.407,48.673,1.5,1.5,14,2,0.002,0.001,0,1
210.2,48.386,56.394,48.854,1.5,1.5,14,2,-0.006,0.001,0,1
210.4,48.378,56.388,49.298,1.5,1.5,14,2,-0.008,0.001,0,1
210.6,48.372,56.389,49.364,1.5,1.5,14,2,-0.006,0.001,0,1
210.8,48.376,56.379,49.679,1.5,1.5,14,2,0.004,0.0,0,1
211.0,48.389,56.374,49.774,1.5,1.5,14,2,0.013,0.0,0,1
211.2,48.392,56.371,49.472,1.5,1.5,14,2,0.003,0.0,0,1
211.4,48.381,56.368,49.899,1.5,1.5,14,2,-0.011,0.0,0,1
211.6,48.399,56.359,49.236,1.5,1.5,14,2,0.018,0.0,0,1
211.8,48.404,56.364,49.277,1.5,1.5,14,2,0.005,0.0,0,1
212.0,48.421,56.351,49.017,1.5,1.5,14,2,0.017,0.0,0,1
212.2,48.428,56.339,48.869,1.5,1.5,14,2,0.007,0.0,0,1
212.4,48.44,56.316,48.561,1.5,1.5,14,2,0.012,0.0,0,1
212.6,48.46,56.297,48.079,1.5,1.5,14,2,0.02,0.001,0,1
212.8,48.472,56.296,47.94,1.5,1.5,14,2,0.011,0.001,0,1
213.0,48.476,56.287,47.764,1.5,1.5,14,2,0.004,0.001,0,1
213.2,48.492,56.287,47.43,1.5,1.5,14,2,0.015,0.001,0,1
213.4,48.501,56.284,47.271,1.5,1.5,14,2,0.009,0.001,0,1
213.6,48.517,56.277,47.041,1.5,1.5,14,2,0.016,0.001,0,1
213.8,48.509,56.281,46.994,1.5,1.5,14,2,-0.008,0.001,0,1
214.0,48.522,56.279,46.763,1.5,1.5,14,2,0.013,0.001,0,1
214.2,48.535,56.253,46.505,1.5,1.5,14,2,0.013,0.001,0,1
214.4,48.534,56.242,46.281,1.5,1.5,14,2,-0.001,0.001,0,1
214.6,48.529,56.248,46.301,1.5,1.5,14,2,-0.005,0.0,0,1
214.8,48.537,56.249,46.076,1.5,1.5,14,2,0.008,0.0,0,1
215.0,48.545,56.252,45.743,1.5,1.5,14,2,0.008,0.0,0,1
215.2,48.554,56.251,45.499,1.5,1.5,14,2,0.009,0.0,0,1
215.4,48.562,56.248,44.767,1.5,1.5,14,2,0.009,0.0,0,1
215.6,48.547,56.257,45.002,1.5,1.5,14,2,-0.016,0.0,0,1
215.8,48.55,56.253,44.765,1.5,1.5,14,2,0.004,0.0,0,1
216.0,48.55,56.242,44.667,1.5,1.5,14,2,-0.001,0.0,0,1
216.2,48.559,56.245,44.205,1.5,1.5,14,2,0.01,0.0,0,1
216.4,48.575,56.243,43.877,1.5,1.5,14,2,0.015,0.0,0,1
216.6,48.576,56.248,43.889,1.5,1.5,14,2,0.001,0.0,0,1
216.8,48.584,56.238,43.282,1.5,1.5,14,2,0.008,0.0,0,1
217.0,48.601,56.24,43.009,1.5,1.5,14,2,0.017,0.0,0,1
217.2,48.588,56.26,43.223,1.5,1.5,14,2,-0.013,0.0,0,1
217.4,48.595,56.262,43.144,1.5,1.5,14,2,0.007,0.0,0,1
217.6,48.601,56.265,42.752,1.5,1.5,14,2,0.006,0.0,0,1
217.8,48.604,56.257,42.767,1.5,1.5,14,2,0.003,0.0,0,1
218.0,48.613,56.26,42.65,1.5,1.5,14,2,0.008,0.0,0,1
218.2,48.604,56.253,42.759,1.5,1.5,14,2,-0.009,0.0,0,1
218.4,48.602,56.265,42.78,1.5,1.5,14,2,-0.002,0.0,0,1
218.6,48.609,56.276,42.526,1.5,1.5,14,2,0.007,0.0,0,1
218.8,48.614,56.283,42.201,1.5,1.5,14,2,0.005,0.0,0,1
219.0,48.623,56.288,41.917,1.5,1.5,14,2,0.008,0.0,0,1
219.2,48.634,56.272,41.57,1.5,1.5,14,2,0.011,0.0,0,1
219.4,48.641,56.266,41.492,1.5,1.5,14,2,0.007,0.0,0,1
219.6,48.634,56.27,41.513,1.5,1.5,14,2,-0.007,0.0,0,1
219.8,48.626,56.265,41.749,1.5,1.5,14,2,-0.008,0.0,0,1
220.0,48.634,56.26,41.518,1.5,1.5,14,2,0.008,0.0,0,1
220.2,48.618,56.252,41.941,1.5,1.5,14,2,-0.016,0.0,0,1
220.4,48.603,56.249,42.029,1.5,1.5,14,2,-0.015,0.0,0,1
220.6,48.6,56.241,42.066,1.5,1.5,14,2,-0.003,0.0,0,1
220.8,48.589,56.245,42.23,1.5,1.5,14,2,-0.011,0.0,0,1
221.0,48.585,56.238,42.556,1.5,1.5,14,2,-0.003,0.0,0,1
221.2,48.594,56.239,42.373,1.5,1.5,14,2,0.009,0.0,0,1
221.4,48.586,56.24,42.425,1.5,1.5,14,2,-0.008,0.0,0,1
221.6,48.578,56.225,42.654,1.5,1.5,14,2,-0.008,0.0,0,1
221.8,48.572,56.223,42.894,1.5,1.5,14,2,-0.006,0.0,0,1
222.0,48.578,56.221,42.744,1.5,1.5,14,2,0.006,0.0,0,1
222.2,48.579,56.207,42.811,1.5,1.5,14,2,0.001,0.0,0,1
222.4,48.563,56.201,43.202,1.5,1.5,14,2,-0.016,0.0,0,1
222.6,48.561,56.205,43.444,1.5,1.5,14,2,-0.002,0.0,0,1
222.8,48.546,56.212,43.768,1.5,1.5,14,2,-0.015,0.0,0,1
223.0,48.545,56.217,43.768,1.5,1.5,14,2,-0.001,0.0,0,1
223.2,48.564,56.207,43.333,1.5,1.5,14,2,0.02,0.0,0,1
223.4,48.56,56.209,43.379,1.5,1.5,14,2,-0.004,0.0,0,1
223.6,48.584,56.212,43.084,1.5,1.5,14,2,0.024,0.0,0,1
223.8,48.569,56.226,43.373,1.5,1.5,14,2,-0.015,0.0,0,1
224.0,48.57,56.229,43.357,1.5,1.5,14,2,0.001,0.0,0,1
224.2,48.561,56.246,43.614,1.5,1.5,14,2,-0.009,0.0,0,1
224.4,48.566,56.259,43.55,1.5,1.5,14,2,0.005,0.0,0,1
224.6,48.556,56.264,43.609,1.5,1.5,14,2,-0.01,0.0,0,1
224.8,48.564,56.288,43.319,1.5,1.5,14,2,0.009,0.0,0,1
225.0,48.573,56.303,43.192,1.5,1.5,14,2,0.008,0.0,0,1
225.2,48.574,56.301,42.921,1.5,1.5,14,2,0.001,0.0,0,1
225.4,48.588,56.309,42.74,1.5,1.5,14,2,0.014,0.0,0,1
225.6,48.598,56.333,42.345,1.5,1.5,14,2,0.01,0.0,0,1
225.8,48.6,56.35,42.144,1.5,1.5,14,2,0.001,0.0,0,1
226.0,48.581,56.365,42.633,1.5,1.5,14,2,-0.018,0.0,0,1
226.2,48.588,56.369,42.614,1.5,1.5,14,2,0.007,0.0,0,1
226.4,48.591,56.386,42.614,1.5,1.5,14,2,0.004,0.0,0,1
226.6,48.579,56.394,42.781,1.5,1.5,14,2,-0.012,0.0,0,1
226.8,48.582,56.403,42.772,1.5,1.5,14,2,0.002,0.0,0,1
227.0,48.577,56.401,43.07,1.5,1.5,14,2,-0.005,0.0,0,1
227.2,48.575,56.414,43.062,1.5,1.5,14,2,-0.002,0.0,0,1
227.4,48.573,56.426,42.789,1.5,1.5,14,2,-0.002,0.0,0,1
227.6,48.589,56.414,42.496,1.5,1.5,14,2,0.016,0.0,0,1
227.8,48.593,56.408,42.385,1.5,1.5,14,2,0.004,0.0,0,1
228.0,48.608,56.412,42.135,1.5,1.5,14,2,0.015,0.0,0,1
228.2,48.616,56.425,41.822,1.5,1.5,14,2,0.008,0.0,0,1
228.4,48.597,56.413,42.015,1.5,1.5,14,2,-0.019,0.0,0,1
228.6,48.601,56.408,41.881,1.5,1.5,14,2,0.003,0.0,0,1
228.8,48.592,56.412,42.005,1.5,1.5,14,2,-0.008,0.0,0,1
229.0,48.603,56.403,41.663,1.5,1.5,14,2,0.01,0.0,0,1
229.2,48.6,56.39,41.506,1.5,1.5,14,2,-0.003,0.0,0,1
229.4,48.588,56.397,41.858,1.5,1.5,14,2,-0.012,0.0,0,1
229.6,48.578,56.397,42.065,1.5,1.5,14,2,-0.01,0.0,0,1
229.8,48.573,56.396,42.216,1.5,1.5,14,2,-0.005,0.0,0,1
230.0,48.587,56.405,41.801,1.5,1.5,14,2,0.015,0.0,0,1
230.2,48.607,56.39,41.645,1.5,1.5,14,2,0.019,0.0,0,1
230.4,48.618,56.378,41.398,1.5,1.5,14,2,0.012,0.0,0,1
230.6,48.604,56.37,41.63,1.5,1.5,14,2,-0.014,0.0,0,1
230.8,48.607,56.368,41.744,1.5,1.5,14,2,0.003,0.0,0,1
231.0,48.602,56.36,41.848,1.5,1.5,14,2,-0.005,0.0,0,1
231.2,48.602,56.354,41.864,1.5,1.5,14,2,-0.0,0.0,0,1
231.4,48.599,56.354,41.846,1.5,1.5,14,2,-0.003,0.0,0,1
231.6,48.584,56.356,42.052,1.5,1.5,14,2,-0.015,0.0,0,1
231.8,48.581,56.373,42.128,1.5,1.5,14,2,-0.002,0.0,0,1
232.0,48.574,56.362,42.261,1.5,1.5,14,2,-0.007,0.0,0,1
232.2,48.56,56.357,42.548,1.5,1.5,14,2,-0.014,0.0,0,1
232.4,48.544,56.356,42.885,1.5,1.5,14,2,-0.016,0.0,0,1
232.6,48.538,56.336,43.076,1.5,1.5,14,2,-0.007,0.001,0,1
232.8,48.524,56.333,43.279,1.5,1.5,14,2,-0.014,0.001,0,1
233.0,48.512,56.333,43.572,1.5,1.5,14,2,-0.012,0.001,0,1
233.2,48.51,56.332,43.47,1.5,1.5,14,2,-0.002,0.001,0,1
233.4,48.507,56.326,43.699,1.5,1.5,14,2,-0.003,0.001,0,1
233.6,48.513,56.315,43.803,1.5,1.5,14,2,0.007,0.001,0,1
233.8,48.504,56.301,43.895,1.5,1.5,14,2,-0.009,0.001,0,1
234.0,48.495,56.299,44.059,1.5,1.5,14,2,-0.009,0.0,0,1
234.2,48.49,56.294,44.3,1.5,1.5,14,2,-0.005,0.0,0,1
234.4,48.476,56.281,44.568,1.5,1.5,14,2,-0.013,0.0,0,1
234.6,48.484,56.278,44.731,1.5,1.5,14,2,0.008,0.0,0,1
234.8,48.459,56.257,45.181,1.5,1.5,14,2,-0.025,0.0,0,1
235.0,48.453,56.248,45.382,1.5,1.5,14,2,-0.007,0.0,0,1
235.2,48.438,56.243,45.669,1.5,1.5,14,2,-0.015,0.001,0,1
235.4,48.422,56.237,46.146,1.5,1.5,14,2,-0.016,0.001,0,1
235.6,48.41,56.216,46.49,1.5,1.5,14,2,-0.012,0.001,0,1
235.8,48.41,56.199,46.697,1.5,1.5,14,2,0.0,0.001,0,1
236.0,48.396,56.186,46.92,1.5,1.5,14,2,-0.014,0.001,0,1
236.2,48.396,56.19,47.085,1.5,1.5,14,2,-0.001,0.001,0,1
236.4,48.411,56.166,47.008,1.5,1.5,14,2,0.015,0.001,0,1
236.6,48.401,56.149,47.237,1.5,1.5,14,2,-0.01,0.0,0,1
236.8,48.395,56.142,47.219,1.5,1.5,14,2,-0.006,0.0,0,1
237.0,48.384,56.131,47.632,1.5,1.5,14,2,-0.011,0.0,0,1
237.2,48.371,56.124,47.785,1.5,1.5,14,2,-0.013,0.0,0,1
237.4,48.379,56.102,47.651,1.5,1.5,14,2,0.008,0.0,0,1
237.6,48.365,56.1,48.045,1.5,1.5,14,2,-0.014,0.0,0,1
237.8,48.358,56.089,48.157,1.5,1.5,14,2,-0.007,0.0,0,1
238.0,48.365,56.09,48.327,1.5,1.5,14,2,0.007,0.0,0,1
238.2,48.388,56.077,47.826,1.5,1.5,14,2,0.023,0.0,0,1
238.4,48.378,56.063,48.069,1.5,1.5,14,2,-0.009,0.0,0,1
238.6,48.396,56.062,47.721,1.5,1.5,14,2,0.018,0.0,0,1
238.8,48.398,56.054,47.846,1.5,1.5,14,2,0.001,0.0,0,1
239.0,48.379,56.05,48.144,1.5,1.5,14,2,-0.018,0.0,0,1
239.2,48.388,56.033,47.93,1.5,1.5,14,2,0.009,0.0,0,1
239.4,48.378,56.017,48.181,1.5,1.5,14,2,-0.01,0.0,0,1
239.6,48.388,56.015,47.998,1.5,1.5,14,2,0.01,0.0,0,1
239.8,48.389,56.01,47.933,1.5,1.5,14,2,0.001,0.0,0,1
240.0,48.374,56.006,48.093,1.5,1.5,14,2,-0.015,0.0,0,1
240.2,48.368,56.009,48.246,1.5,1.5,14,2,-0.006,0.0,0,1
240.4,48.39,56.007,47.935,1.5,1.5,14,2,0.022,0.0,0,1
240.6,48.394,56.008,47.756,1.5,1.5,14,2,0.004,0.0,0,1
240.8,48.413,56.003,47.446,1.5,1.5,14,2,0.019,0.0,0,1
241.0,48.425,56.006,47.128,1.5,1.5,14,2,0.012,0.0,0,1
241.2,48.436,56.011,47.005,1.5,1.5,14,2,0.011,0.0,0,1
241.4,48.436,56.012,46.93,1.5,1.5,14,2,0.0,0.001,0,1
241.6,48.45,56.004,46.489,1.5,1.5,14,2,0.013,0.001,0,1
241.8,48.476,56.021,45.829,1.5,1.5,14,2,0.027,0.001,0,1
242.0,48.483,56.039,45.519,1.5,1.5,14,2,0.007,0.001,0,1
242.2,48.471,56.041,46.058,1.5,1.5,14,2,-0.013,0.001,0,1
242.4,48.472,56.064,46.004,1.5,1.5,14,2,0.001,0.001,0,1
242.6,48.458,56.08,46.231,1.5,1.5,14,2,-0.013,0.001,0,1
242.8,48.454,56.081,46.129,1.5,1.5,14,2,-0.004,0.0,0,1
243.0,48.437,56.095,46.333,1.5,1.5,14,2,-0.017,0.0,0,1
243.2,48.433,56.099,46.25,1.5,1.5,14,2,-0.004,0.0,0,1
243.4,48.433,56.098,46.449,1.5,1.5,14,2,-0.0,0.0,0,1
243.6,48.432,56.104,46.555,1.5,1.5,14,2,-0.001,0.0,0,1
243.8,48.461,56.107,46.274,1.5,1.5,14,2,0.029,0.0,0,1
244.0,48.467,56.127,46.101,1.5,1.5,14,2,0.006,0.0,0,1
244.2,48.493,56.128,45.745,1.5,1.5,14,2,0.025,0.0,0,1
244.4,48.492,56.128,45.801,1.5,1.5,14,2,-0.001,0.0,0,1
244.6,48.477,56.141,46.238,1.5,1.5,14,2,-0.014,0.001,0,1
244.8,48.48,56.158,46.105,1.5,1.5,14,2,0.003,0.001,0,1
245.0,48.5,56.166,45.442,1.5,1.5,14,2,0.019,0.001,0,1
245.2,48.498,56.18,45.535,1.5,1.5,14,2,-0.002,0.001,0,1
245.4,48.499,56.183,45.518,1.5,1.5,14,2,0.001,0.0,0,1
245.6,48.508,56.176,45.451,1.5,1.5,14,2,0.009,0.0,0,1
245.8,48.502,56.18,45.647,1.5,1.5,14,2,-0.006,0.0,0,1
246.0,48.498,56.18,45.814,1.5,1.5,14,2,-0.004,0.0,0,1
246.2,48.509,56.184,45.789,1.5,1.5,14,2,0.011,0.0,0,1
246.4,48.511,56.179,45.86,1.5,1.5,14,2,0.002,0.0,0,1
246.6,48.511,56.161,45.96,1.5,1.5,14,2,-0.0,0.0,0,1
246.8,48.508,56.155,46.114,1.5,1.5,14,2,-0.002,0.0,0,1
247.0,48.524,56.167,45.746,1.5,1.5,14,2,0.016,0.0,0,1
247.2,48.526,56.164,45.813,1.5,1.5,14,2,0.002,0.0,0,1
247.4,48.537,56.159,45.805,1.5,1.5,14,2,0.01,0.0,0,1
247.6,48.534,56.156,45.463,1.5,1.5,14,2,-0.003,0.0,0,1
247.8,48.55,56.158,45.126,1.5,1.5,14,2,0.016,0.0,0,1
248.0,48.553,56.14,45.07,1.5,1.5,14,2,0.004,0.0,0,1
248.2,48.574,56.137,44.722,1.5,1.5,14,2,0.021,0.0,0,1
248.4,48.59,56.129,44.422,1.5,1.5,14,2,0.016,0.001,0,1
248.6,48.604,56.117,44.112,1.5,1.5,14,2,0.014,0.001,0,1
248.8,48.602,56.098,44.132,1.5,1.5,14,2,-0.002,0.001,0,1
249.0,48.607,56.077,43.971,1.5,1.5,14,2,0.004,0.001,0,1
249.2,48.608,56.08,43.845,1.5,1.5,14,2,0.001,0.001,0,1
249.4,48.618,56.067,43.881,1.5,1.5,14,2,0.01,0.001,0,1
249.6,48.623,56.048,43.517,1.5,1.5,14,2,0.005,0.001,0,1
249.8,48.626,56.043,43.438,1.5,1.5,14,2,0.002,0.0,0,1
250.0,48.643,56.036,43.087,1.5,1.5,14,2,0.017,0.0,0,1
250.2,48.656,56.037,43.15,1.5,1.5,14,2,0.013,0.0,0,1
250.4,48.664,56.039,42.775,1.5,1.5,14,2,0.007,0.0,0,1
250.6,48.664,56.027,42.948,1.5,1.5,14,2,0.001,0.001,0,1
250.8,48.662,56.024,42.774,1.5,1.5,14,2,-0.002,0.0,0,1
251.0,48.675,56.024,42.515,1.5,1.5,14,2,0.013,0.0,0,1
251.2,48.673,56.01,42.641,1.5,1.5,14,2,-0.003,0.0,0,1
251.4,48.678,55.997,42.553,1.5,1.5,14,2,0.005,0.0,0,1
251.6,48.68,56.006,42.409,1.5,1.5,14,2,0.003,0.0,0,1
251.8,48.674,56.005,42.559,1.5,1.5,14,2,-0.006,0.0,0,1
252.0,48.664,55.992,42.531,1.5,1.5,14,2,-0.01,0.0,0,1
252.2,48.667,55.991,42.535,1.5,1.5,14,2,0.004,0.0,0,1
252.4,48.649,55.991,42.812,1.5,1.5,14,2,-0.018,0.0,0,1
252.6,48.654,55.987,42.685,1.5,1.5,14,2,0.005,0.0,0,1
252.8,48.662,55.988,42.361,1.5,1.5,14,2,0.008,0.0,0,1
253.0,48.659,55.996,42.251,1.5,1.5,14,2,-0.002,0.0,0,1
253.2,48.668,55.997,41.9,1.5,1.5,14,2,0.008,0.0,0,1
253.4,48.679,56.011,41.709,1.5,1.5,14,2,0.011,0.0,0,1
253.6,48.668,56.001,41.841,1.5,1.5,14,2,-0.011,0.0,0,1
253.8,48.687,56.003,41.38,1.5,1.5,14,2,0.019,0.0,0,1
254.0,48.696,56.026,41.164,1.5,1.5,14,2,0.009,0.0,0,1
254.2,48.699,56.028,40.987,1.5,1.5,14,2,0.003,0.0,0,1
254.4,48.697,56.03,40.759,1.5,1.5,14,2,-0.002,0.0,0,1
254.6,48.704,56.032,40.573,1.5,1.5,14,2,0.006,0.0,0,1
254.8,48.702,56.031,40.464,1.5,1.5,14,2,-0.002,0.0,0,1
255.0,48.702,56.022,40.261,1.5,1.5,14,2,0.0,0.0,0,1
255.2,48.689,56.018,40.282,1.5,1.5,14,2,-0.013,0.0,0,1
255.4,48.665,56.018,40.708,1.5,1.5,14,2,-0.024,0.0,0,1
255.6,48.681,56.029,40.438,1.5,1.5,14,2,0.016,0.0,0,1
255.8,48.686,56.031,40.421,1.5,1.5,14,2,0.005,0.0,0,1
256.0,48.663,56.035,40.913,1.5,1.5,14,2,-0.023,0.0,0,1
256.2,48.679,56.028,40.688,1.5,1.5,14,2,0.016,0.0,0,1
256.4,48.685,56.028,40.544,1.5,1.5,14,2,0.006,0.0,0,1
256.6,48.694,56.033,40.441,1.5,1.5,14,2,0.009,0.0,0,1
256.8,48.707,56.042,40.264,1.5,1.5,14,2,0.013,0.0,0,1
257.0,48.709,56.05,40.329,1.5,1.5,14,2,0.002,0.0,0,1
257.2,48.694,56.058,40.651,1.5,1.5,14,2,-0.015,0.0,0,1
257.4,48.674,56.082,40.952,1.5,1.5,14,2,-0.02,0.0,0,1
257.6,48.665,56.091,41.167,1.5,1.5,14,2,-0.009,0.0,0,1
257.8,48.657,56.105,41.31,1.5,1.5,14,2,-0.007,0.0,0,1
258.0,48.667,56.108,41.215,1.5,1.5,14,2,0.01,0.0,0,1
258.2,48.668,56.117,41.079,1.5,1.5,14,2,0.001,0.0,0,1
258.4,48.661,56.12,41.167,1.5,1.5,14,2,-0.008,0.0,0,1
258.6,48.647,56.125,41.228,1.5,1.5,14,2,-0.014,0.0,0,1
258.8,48.647,56.125,41.322,1.5,1.5,14,2,0.0,0.0,0,1
259.0,48.652,56.123,41.152,1.5,1.5,14,2,0.005,0.0,0,1
259.2,48.646,56.131,41.298,1.5,1.5,14,2,-0.006,0.0,0,1
259.4,48.647,56.126,41.241,1.5,1.5,14,2,0.001,0.0,0,1
259.6,48.651,56.12,41.221,1.5,1.5,14,2,0.004,0.0,0,1
259.8,48.649,56.126,41.246,1.5,1.5,14,2,-0.002,0.0,0,1
260.0,48.665,56.123,41.008,1.5,1.5,14,2,0.016,0.0,0,1
260.2,48.663,56.124,40.981,1.5,1.5,14,2,-0.002,0.0,0,1
260.4,48.667,56.115,41.011,1.5,1.5,14,2,0.004,0.0,0,1
260.6,48.695,56.109,40.408,1.5,1.5,14,2,0.028,0.0,0,1
260.8,48.685,56.099,40.575,1.5,1.5,14,2,-0.01,0.0,0,1
261.0,48.689,56.08,40.588,1.5,1.5,14,2,0.004,0.0,0,1
261.2,48.664,56.071,41.142,1.5,1.5,14,2,-0.025,0.0,0,1
261.4,48.686,56.069,40.664,1.5,1.5,14,2,0.022,0.0,0,1
261.6,48.679,56.05,40.856,1.5,1.5,14,2,-0.006,0.0,0,1
261.8,48.684,56.047,40.822,1.5,1.5,14,2,0.004,0.0,0,1
262.0,48.689,56.035,40.663,1.5,1.5,14,2,0.005,0.0,0,1
262.2,48.707,56.031,40.189,1.5,1.5,14,2,0.019,0.0,0,1
262.4,48.715,56.026,39.955,1.5,1.5,14,2,0.007,0.0,0,1
262.6,48.732,56.015,39.613,1.5,1.5,14,2,0.017,0.0,0,1
262.8,48.726,56.001,39.796,1.5,1.5,14,2,-0.005,0.0,0,1
263.0,48.722,55.997,40.087,1.5,1.5,14,2,-0.004,0.0,0,1
263.2,48.733,55.992,39.891,1.5,1.5,14,2,0.011,0.0,0,1
263.4,48.735,55.988,39.774,1.5,1.5,14,2,0.002,0.0,0,1
263.6,48.76,55.993,39.387,1.5,1.5,14,2,0.025,0.0,0,1
263.8,48.767,55.983,39.258,1.5,1.5,14,2,0.008,0.0,0,1
264.0,48.768,55.972,39.216,1.5,1.5,14,2,0.001,0.0,0,1
264.2,48.765,55.961,39.427,1.5,1.5,14,2,-0.003,0.0,0,1
264.4,48.772,55.951,39.22,1.5,1.5,14,2,0.007,0.0,0,1
264.6,48.775,55.947,39.238,1.5,1.5,14,2,0.003,0.0,0,1
264.8,48.773,55.938,39.305,1.5,1.5,14,2,-0.002,0.0,0,1
265.0,48.775,55.938,39.238,1.5,1.5,14,2,0.002,0.0,0,1
265.2,48.753,55.941,39.535,1.5,1.5,14,2,-0.022,0.0,0,1
265.4,48.752,55.928,39.603,1.5,1.5,14,2,-0.002,0.0,0,1
265.6,48.765,55.926,39.315,1.5,1.5,14,2,0.013,0.0,0,1
265.8,48.759,55.944,39.431,1.5,1.5,14,2,-0.006,0.0,0,1
266.0,49.056,55.944,31.142,1.5,1.5,14,2,0.297,0.008,0,1
266.2,49.157,55.935,28.74,1.5,1.5,14,2,0.101,0.019,0,1
266.4,49.109,55.915,29.639,1.5,1.5,14,2,-0.048,0.025,0,1
266.6,49.057,55.913,30.65,1.5,1.5,14,2,-0.052,0.027,0,1
266.8,49.038,55.915,31.287,1.5,1.5,14,2,-0.019,0.027,0,1
267.0,49.006,55.911,32.096,1.5,1.5,14,2,-0.032,0.025,0,1
267.2,48.976,55.925,32.857,1.5,1.5,14,2,-0.03,0.021,0,1
267.4,48.932,55.918,33.879,1.5,1.5,14,2,-0.044,0.016,0,1
267.6,48.894,55.912,34.692,1.5,1.5,14,2,-0.038,0.012,0,1
267.8,48.857,55.892,35.604,1.5,1.5,14,2,-0.037,0.008,0,1
268.0,48.858,55.884,36.009,1.5,1.5,14,2,0.001,0.01,0,1
268.2,48.851,55.874,36.433,1.5,1.5,14,2,-0.007,0.008,0,1
268.4,48.839,55.87,36.86,1.5,1.5,14,2,-0.012,0.006,0,1
268.6,48.811,55.854,37.515,1.5,1.5,14,2,-0.028,0.005,0,1
268.8,48.786,55.84,38.028,1.5,1.5,14,2,-0.025,0.005,0,1
269.0,48.779,55.826,38.416,1.5,1.5,14,2,-0.007,0.003,0,1
269.2,48.772,55.82,38.539,1.5,1.5,14,2,-0.006,0.002,0,1
269.4,48.756,55.809,38.94,1.5,1.5,14,2,-0.017,0.002,0,1
269.6,48.721,55.803,39.722,1.5,1.5,14,2,-0.034,0.002,0,1
269.8,48.718,55.786,40.038,1.5,1.5,14,2,-0.004,0.002,0,1
270.0,48.721,55.773,40.059,1.5,1.5,14,2,0.003,0.002,0,1
270.2,48.733,55.759,39.996,1.5,1.5,14,2,0.012,0.002,0,1
270.4,48.735,55.753,39.932,1.5,1.5,14,2,0.002,0.001,0,1
270.6,48.722,55.732,40.112,1.5,1.5,14,2,-0.013,0.001,0,1
270.8,48.703,55.727,40.582,1.5,1.5,14,2,-0.019,0.001,0,1
271.0,48.7,55.713,40.641,1.5,1.5,14,2,-0.002,0.0,0,1
271.2,48.681,55.715,41.087,1.5,1.5,14,2,-0.019,0.0,0,1
271.4,48.668,55.699,41.495,1.5,1.5,14,2,-0.013,0.0,0,1
271.6,48.661,55.695,41.648,1.5,1.5,14,2,-0.008,0.001,0,1
271.8,48.637,55.707,42.428,1.5,1.5,14,2,-0.023,0.001,0,1
272.0,48.635,55.701,42.611,1.5,1.5,14,2,-0.002,0.001,0,1
272.2,48.642,55.686,42.577,1.5,1.5,14,2,0.007,0.001,0,1
272.4,48.641,55.667,42.863,1.5,1.5,14,2,-0.001,0.001,0,1
272.6,48.635,55.669,43.091,1.5,1.5,14,2,-0.007,0.001,0,1
272.8,48.627,55.668,43.44,1.5,1.5,14,2,-0.008,0.001,0,1
273.0,48.621,55.685,43.744,1.5,1.5,14,2,-0.006,0.0,0,1
273.2,48.614,55.686,43.887,1.5,1.5,14,2,-0.007,0.0,0,1
273.4,48.619,55.687,43.466,1.5,1.5,14,2,0.005,0.0,0,1
273.6,48.602,55.696,43.952,1.5,1.5,14,2,-0.017,0.0,0,1
273.8,48.61,55.701,43.828,1.5,1.5,14,2,0.008,0.0,0,1
274.0,48.615,55.726,43.362,1.5,1.5,14,2,0.006,0.0,0,1
274.2,48.613,55.732,43.421,1.5,1.5,14,2,-0.003,0.0,0,1
274.4,48.611,55.724,43.597,1.5,1.5,14,2,-0.001,0.0,0,1
274.6,48.61,55.736,43.585,1.5,1.5,14,2,-0.001,0.0,0,1
274.8,48.628,55.739,43.323,1.5,1.5,14,2,0.018,0.0,0,1
275.0,48.63,55.754,43.129,1.5,1.5,14,2,0.002,0.0,0,1
275.2,48.648,55.752,42.806,1.5,1.5,14,2,0.018,0.0,0,1
275.4,48.659,55.767,42.391,1.5,1.5,14,2,0.01,0.0,0,1
275.6,48.683,55.77,41.841,1.5,1.5,14,2,0.025,0.001,0,1
275.8,48.687,55.786,41.593,1.5,1.5,14,2,0.003,0.001,0,1
276.0,48.692,55.802,41.264,1.5,1.5,14,2,0.005,0.001,0,1
276.2,48.702,55.805,40.855,1.5,1.5,14,2,0.01,0.001,0,1
276.4,48.714,55.837,40.48,1.5,1.5,14,2,0.012,0.001,0,1
276.6,48.722,55.87,40.182,1.5,1.5,14,2,0.008,0.001,0,1
276.8,48.715,55.884,40.133,1.5,1.5,14,2,-0.007,0.001,0,1
277.0,48.716,55.891,40.107,1.5,1.5,14,2,0.001,0.001,0,1
277.2,48.735,55.903,39.632,1.5,1.5,14,2,0.019,0.0,0,1
277.4,48.757,55.908,39.255,1.5,1.5,14,2,0.022,0.0,0,1
277.6,48.771,55.917,38.943,1.5,1.5,14,2,0.014,0.001,0,1
277.8,48.771,55.921,38.808,1.5,1.5,14,2,0.0,0.001,0,1
278.0,48.773,55.918,38.705,1.5,1.5,14,2,0.002,0.001,0,1
278.2,48.782,55.926,38.481,1.5,1.5,14,2,0.009,0.001,0,1
278.4,48.777,55.917,38.461,1.5,1.5,14,2,-0.005,0.001,0,1
278.6,48.791,55.91,38.173,1.5,1.5,14,2,0.014,0.001,0,1
278.8,48.789,55.907,38.125,1.5,1.5,14,2,-0.002,0.001,0,1
279.0,48.804,55.928,37.947,1.5,1.5,14,2,0.015,0.0,0,1
279.2,48.795,55.911,38.103,1.5,1.5,14,2,-0.009,0.0,0,1
279.4,48.795,55.922,38.185,1.5,1.5,14,2,-0.0,0.0,0,1
279.6,48.794,55.929,38.267,1.5,1.5,14,2,-0.001,0.0,0,1
279.8,48.791,55.924,38.377,1.5,1.5,14,2,-0.003,0.0,0,1
280.0,48.794,55.913,38.383,1.5,1.5,14,2,0.003,0.0,0,1
280.2,48.804,55.921,38.161,1.5,1.5,14,2,0.01,0.0,0,1
280.4,48.813,55.926,37.989,1.5,1.5,14,2,0.009,0.0,0,1
280.6,48.808,55.927,38.022,1.5,1.5,14,2,-0.005,0.0,0,1
280.8,48.804,55.92,38.212,1.5,1.5,14,2,-0.004,0.0,0,1
281.0,48.808,55.926,38.174,1.5,1.5,14,2,0.004,0.0,0,1
281.2,48.813,55.933,38.001,1.5,1.5,14,2,0.004,0.0,0,1
281.4,48.811,55.915,37.964,1.5,1.5,14,2,-0.002,0.0,0,1
281.6,48.811,55.911,37.988,1.5,1.5,14,2,-0.0,0.0,0,1
281.8,48.814,55.914,37.956,1.5,1.5,14,2,0.003,0.0,0,1
282.0,48.825,55.922,37.807,1.5,1.5,14,2,0.011,0.0,0,1
282.2,48.813,55.922,37.976,1.5,1.5,14,2,-0.012,0.0,0,1
282.4,48.807,55.91,38.234,1.5,1.5,14,2,-0.005,0.0,0,1
282.6,48.782,55.922,38.811,1.5,1.5,14,2,-0.025,0.0,0,1
282.8,48.788,55.925,38.954,1.5,1.5,14,2,0.005,0.0,0,1
283.0,48.791,55.938,38.995,1.5,1.5,14,2,0.003,0.0,0,1
283.2,48.775,55.937,39.21,1.5,1.5,14,2,-0.015,0.0,0,1
283.4,48.78,55.937,39.158,1.5,1.5,14,2,0.005,0.0,0,1
283.6,48.791,55.944,39.054,1.5,1.5,14,2,0.01,0.0,0,1
283.8,48.797,55.952,39.019,1.5,1.5,14,2,0.006,0.0,0,1
284.0,48.792,55.953,39.097,1.5,1.5,14,2,-0.005,0.0,0,1
284.2,48.786,55.947,39.077,1.5,1.5,14,2,-0.006,0.0,0,1
284.4,48.773,55.953,39.393,1.5,1.5,14,2,-0.014,0.0,0,1
284.6,48.766,55.949,39.624,1.5,1.5,14,2,-0.007,0.0,0,1
284.8,48.76,55.955,39.948,1.5,1.5,14,2,-0.006,0.0,0,1
285.0,48.736,55.958,40.287,1.5,1.5,14,2,-0.024,0.0,0,1
285.2,48.719,55.971,40.808,1.5,1.5,14,2,-0.018,0.001,0,1
285.4,48.721,55.993,40.871,1.5,1.5,14,2,0.002,0.001,0,1
285.6,48.723,55.979,40.878,1.5,1.5,14,2,0.002,0.001,0,1
285.8,48.713,55.99,41.148,1.5,1.5,14,2,-0.01,0.001,0,1
286.0,48.723,55.989,40.834,1.5,1.5,14,2,0.01,0.001,0,1
286.2,48.729,55.984,40.762,1.5,1.5,14,2,0.006,0.0,0,1
286.4,48.74,55.98,40.546,1.5,1.5,14,2,0.011,0.0,0,1
286.6,48.722,55.97,40.741,1.5,1.5,14,2,-0.018,0.0,0,1
286.8,48.708,55.963,40.698,1.5,1.5,14,2,-0.014,0.0,0,1
287.0,48.702,55.964,41.051,1.5,1.5,14,2,-0.006,0.0,0,1
287.2,48.699,55.973,41.132,1.5,1.5,14,2,-0.003,0.0,0,1
287.4,48.699,55.976,41.209,1.5,1.5,14,2,0.001,0.0,0,1
287.6,48.707,55.973,41.297,1.5,1.5,14,2,0.008,0.0,0,1
287.8,48.695,55.973,41.688,1.5,1.5,14,2,-0.012,0.0,0,1
288.0,48.688,55.967,41.776,1.5,1.5,14,2,-0.007,0.0,0,1
288.2,48.682,55.965,41.85,1.5,1.5,14,2,-0.006,0.0,0,1
288.4,48.67,55.966,42.061,1.5,1.5,14,2,-0.012,0.0,0,1
288.6,48.67,55.962,42.006,1.5,1.5,14,2,0.0,0.0,0,1
288.8,48.669,55.967,42.18,1.5,1.5,14,2,-0.001,0.0,0,1
289.0,48.661,55.958,42.35,1.5,1.5,14,2,-0.008,0.0,0,1
289.2,48.657,55.958,42.379,1.5,1.5,14,2,-0.004,0.0,0,1
289.4,48.661,55.94,42.456,1.5,1.5,14,2,0.004,0.0,0,1
289.6,48.66,55.943,42.439,1.5,1.5,14,2,-0.001,0.0,0,1
289.8,48.658,55.956,42.487,1.5,1.5,14,2,-0.002,0.0,0,1
290.0,48.66,55.949,42.401,1.5,1.5,14,2,0.002,0.0,0,1
290.2,48.647,55.949,42.572,1.5,1.5,14,2,-0.013,0.0,0,1
290.4,48.651,55.956,42.508,1.5,1.5,14,2,0.005,0.0,0,1
290.6,48.651,55.962,42.608,1.5,1.5,14,2,-0.0,0.0,0,1
290.8,48.66,55.942,42.168,1.5,1.5,14,2,0.009,0.0,0,1
291.0,48.657,55.944,42.188,1.5,1.5,14,2,-0.003,0.0,0,1
291.2,48.642,55.956,42.505,1.5,1.5,14,2,-0.015,0.0,0,1
291.4,48.645,55.954,42.558,1.5,1.5,14,2,0.003,0.0,0,1
291.6,48.649,55.969,42.325,1.5,1.5,14,2,0.004,0.0,0,1
291.8,48.648,55.956,42.473,1.5,1.5,14,2,-0.001,0.0,0,1
292.0,48.642,55.938,42.773,1.5,1.5,14,2,-0.006,0.0,0,1
292.2,48.642,55.947,42.848,1.5,1.5,14,2,-0.0,0.0,0,1
292.4,48.62,55.941,43.371,1.5,1.5,14,2,-0.022,0.0,0,1
292.6,48.602,55.935,43.689,1.5,1.5,14,2,-0.018,0.0,0,1
292.8,48.602,55.929,43.8,1.5,1.5,14,2,-0.0,0.0,0,1
293.0,48.599,55.935,44.07,1.5,1.5,14,2,-0.003,0.0,0,1
293.2,48.584,55.927,44.66,1.5,1.5,14,2,-0.015,0.001,0,1
293.4,48.603,55.925,44.103,1.5,1.5,14,2,0.019,0.001,0,1
293.6,48.606,55.933,44.259,1.5,1.5,14,2,0.003,0.0,0,1
293.8,48.588,55.934,44.649,1.5,1.5,14,2,-0.018,0.0,0,1
294.0,48.6,55.935,44.276,1.5,1.5,14,2,0.012,0.0,0,1
294.2,48.603,55.924,44.131,1.5,1.5,14,2,0.004,0.0,0,1
294.4,48.615,55.913,44.097,1.5,1.5,14,2,0.012,0.0,0,1
294.6,48.623,55.914,43.73,1.5,1.5,14,2,0.008,0.0,0,1
294.8,48.608,55.912,44.112,1.5,1.5,14,2,-0.015,0.0,0,1
295.0,48.617,55.897,43.897,1.5,1.5,14,2,0.009,0.0,0,1
295.2,48.608,55.883,44.012,1.5,1.5,14,2,-0.009,0.0,0,1
295.4,48.628,55.873,43.543,1.5,1.5,14,2,0.02,0.0,0,1
295.6,48.62,55.854,43.67,1.5,1.5,14,2,-0.008,0.0,0,1
295.8,48.625,55.854,43.628,1.5,1.5,14,2,0.005,0.0,0,1
296.0,48.637,55.85,43.458,1.5,1.5,14,2,0.012,0.0,0,1
296.2,48.62,55.826,43.97,1.5,1.5,14,2,-0.017,0.0,0,1
296.4,48.618,55.799,44.127,1.5,1.5,14,2,-0.002,0.0,0,1
296.6,48.621,55.78,43.88,1.5,1.5,14,2,0.003,0.0,0,1
296.8,48.612,55.752,44.099,1.5,1.5,14,2,-0.009,0.0,0,1
297.0,48.604,55.731,44.256,1.5,1.5,14,2,-0.007,0.0,0,1
297.2,48.608,55.715,44.375,1.5,1.5,14,2,0.004,0.0,0,1
297.4,48.596,55.7,44.733,1.5,1.5,14,2,-0.012,0.0,0,1
297.6,48.587,55.699,45.228,1.5,1.5,14,2,-0.009,0.0,0,1
297.8,48.586,55.677,45.145,1.5,1.5,14,2,-0.001,0.0,0,1
298.0,48.592,55.652,45.34,1.5,1.5,14,2,0.006,0.0,0,1
298.2,48.587,55.638,45.478,1.5,1.5,14,2,-0.005,0.0,0,1
298.4,48.581,55.632,45.604,1.5,1.5,14,2,-0.006,0.0,0,1
298.6,48.572,55.62,45.556,1.5,1.5,14,2,-0.009,0.0,0,1
298.8,48.584,55.613,45.644,1.5,1.5,14,2,0.012,0.0,0,1
299.0,48.576,55.597,46.305,1.5,1.5,14,2,-0.009,0.0,0,1
299.2,48.569,55.589,46.435,1.5,1.5,14,2,-0.007,0.0,0,1
299.4,48.582,55.574,46.062,1.5,1.5,14,2,0.013,0.0,0,1
299.6,48.578,55.556,46.336,1.5,1.5,14,2,-0.004,0.0,0,1
299.8,48.568,55.555,46.446,1.5,1.5,14,2,-0.01,0.0,0,1
300.0,48.56,55.56,46.898,1.5,1.5,14,2,-0.008,0.0,0,1
300.2,48.572,55.569,46.411,1.5,1.5,14,2,0.013,0.0,0,1
300.4,48.561,55.568,46.415,1.5,1.5,14,2,-0.012,0.0,0,1
300.6,48.547,55.571,46.471,1.5,1.5,14,2,-0.013,0.0,0,1
300.8,48.539,55.571,46.711,1.5,1.5,14,2,-0.008,0.0,0,1
301.0,48.558,55.573,46.535,1.5,1.5,14,2,0.019,0.0,0,1
301.2,48.551,55.566,47.076,1.5,1.5,14,2,-0.007,0.0,0,1
301.4,48.531,55.562,47.408,1.5,1.5,14,2,-0.02,0.0,0,1
301.6,48.521,55.552,47.696,1.5,1.5,14,2,-0.01,0.0,0,1
301.8,48.526,55.546,47.434,1.5,1.5,14,2,0.005,0.0,0,1
302.0,48.531,55.553,47.396,1.5,1.5,14,2,0.006,0.0,0,1
302.2,48.558,55.574,46.863,1.5,1.5,14,2,0.026,0.0,0,1
302.4,48.54,55.591,47.246,1.5,1.5,14,2,-0.018,0.0,0,1
302.6,48.538,55.608,47.284,1.5,1.5,14,2,-0.002,0.0,0,1
302.8,48.524,55.604,47.821,1.5,1.5,14,2,-0.014,0.0,0,1
303.0,48.513,55.624,47.941,1.5,1.5,14,2,-0.011,0.0,0,1
303.2,48.525,55.643,47.83,1.5,1.5,14,2,0.012,0.0,0,1
303.4,48.507,55.646,48.285,1.5,1.5,14,2,-0.018,0.0,0,1
303.6,48.506,55.653,48.453,1.5,1.5,14,2,-0.001,0.0,0,1
303.8,48.501,55.644,48.318,1.5,1.5,14,2,-0.005,0.0,0,1
304.0,48.494,55.647,48.482,1.5,1.5,14,2,-0.007,0.0,0,1
304.2,48.488,55.643,48.363,1.5,1.5,14,2,-0.006,0.0,0,1
304.4,48.5,55.66,47.988,1.5,1.5,14,2,0.012,0.0,0,1
304.6,48.494,55.675,47.905,1.5,1.5,14,2,-0.006,0.0,0,1
304.8,48.496,55.681,47.84,1.5,1.5,14,2,0.002,0.0,0,1
305.0,48.501,55.681,47.919,1.5,1.5,14,2,0.005,0.0,0,1
305.2,48.492,55.684,47.916,1.5,1.5,14,2,-0.009,0.0,0,1
305.4,48.497,55.696,47.865,1.5,1.5,14,2,0.006,0.0,0,1
305.6,48.467,55.701,48.86,1.5,1.5,14,2,-0.03,0.0,0,1
305.8,48.456,55.716,48.907,1.5,1.5,14,2,-0.011,0.0,0,1
306.0,48.447,55.719,49.223,1.5,1.5,14,2,-0.009,0.0,0,1
306.2,48.436,55.702,49.495,1.5,1.5,14,2,-0.011,0.001,0,1
306.4,48.445,55.686,49.624,1.5,1.5,14,2,0.008,0.001,0,1
306.6,48.454,55.693,49.474,1.5,1.5,14,2,0.009,0.001,0,1
306.8,48.444,55.71,49.523,1.5,1.5,14,2,-0.01,0.001,0,1
307.0,48.438,55.707,49.643,1.5,1.5,14,2,-0.006,0.0,0,1
307.2,48.456,55.712,49.054,1.5,1.5,14,2,0.019,0.0,0,1
307.4,48.47,55.695,48.993,1.5,1.5,14,2,0.013,0.0,0,1
307.6,48.456,55.684,49.511,1.5,1.5,14,2,-0.014,0.0,0,1
307.8,48.442,55.684,49.442,1.5,1.5,14,2,-0.014,0.0,0,1
308.0,48.428,55.681,49.791,1.5,1.5,14,2,-0.015,0.0,0,1
308.2,48.438,55.677,49.135,1.5,1.5,14,2,0.011,0.0,0,1
308.4,48.435,55.681,49.099,1.5,1.5,14,2,-0.003,0.0,0,1
308.6,48.413,55.677,49.468,1.5,1.5,14,2,-0.022,0.0,0,1
308.8,48.411,55.666,49.595,1.5,1.5,14,2,-0.002,0.0,0,1
309.0,48.422,55.665,49.572,1.5,1.5,14,2,0.011,0.0,0,1
309.2,48.433,55.656,49.153,1.5,1.5,14,2,0.011,0.0,0,1
309.4,48.443,55.66,49.001,1.5,1.5,14,2,0.01,0.0,0,1
309.6,48.439,55.67,49.086,1.5,1.5,14,2,-0.004,0.0,0,1
309.8,48.411,55.662,49.368,1.5,1.5,14,2,-0.028,0.0,0,1
310.0,48.421,55.664,49.448,1.5,1.5,14,2,0.011,0.0,0,1
310.2,48.411,55.672,49.521,1.5,1.5,14,2,-0.01,0.0,0,1
310.4,48.421,55.678,49.128,1.5,1.5,14,2,0.011,0.0,0,1
310.6,48.421,55.684,48.993,1.5,1.5,14,2,-0.001,0.0,0,1
310.8,48.418,55.681,48.885,1.5,1.5,14,2,-0.003,0.0,0,1
311.0,48.418,55.678,48.558,1.5,1.5,14,2,0.0,0.0,0,1
311.2,48.431,55.684,48.282,1.5,1.5,14,2,0.013,0.0,0,1
311.4,48.421,55.676,48.393,1.5,1.5,14,2,-0.011,0.0,0,1
311.6,48.422,55.685,48.147,1.5,1.5,14,2,0.002,0.0,0,1
311.8,48.43,55.702,47.959,1.5,1.5,14,2,0.008,0.0,0,1
312.0,48.421,55.693,47.799,1.5,1.5,14,2,-0.009,0.0,0,1
312.2,48.408,55.698,48.215,1.5,1.5,14,2,-0.013,0.0,0,1
312.4,48.422,55.706,48.022,1.5,1.5,14,2,0.014,0.0,0,1
312.6,48.406,55.707,48.548,1.5,1.5,14,2,-0.016,0.0,0,1
312.8,48.407,55.707,48.785,1.5,1.5,14,2,0.001,0.0,0,1
313.0,48.4,55.712,49.065,1.5,1.5,14,2,-0.007,0.0,0,1
313.2,48.397,55.724,49.3,1.5,1.5,14,2,-0.003,0.0,0,1
313.4,48.389,55.714,49.913,1.5,1.5,14,2,-0.007,0.0,0,1
313.6,48.364,55.721,50.72,1.5,1.5,14,2,-0.025,0.0,0,1
313.8,48.358,55.712,50.847,1.5,1.5,14,2,-0.006,0.0,0,1
314.0,48.367,55.721,50.616,1.5,1.5,14,2,0.008,0.0,0,1
314.2,48.336,55.716,51.446,1.5,1.5,14,2,-0.03,0.001,0,1
314.4,48.331,55.725,51.724,1.5,1.5,14,2,-0.005,0.001,0,1
314.6,48.344,55.727,51.267,1.5,1.5,14,2,0.013,0.001,0,1
314.8,48.329,55.729,51.899,1.5,1.5,14,2,-0.015,0.001,0,1
315.0,48.33,55.735,51.637,1.5,1.5,14,2,0.001,0.001,0,1
315.2,48.333,55.74,51.512,1.5,1.5,14,2,0.003,0.0,0,1
315.4,48.342,55.718,51.428,1.5,1.5,14,2,0.009,0.0,0,1
315.6,48.327,55.723,52.004,1.5,1.5,14,2,-0.015,0.0,0,1
315.8,48.342,55.744,51.414,1.5,1.5,14,2,0.015,0.0,0,1
316.0,48.324,55.746,51.525,1.5,1.5,14,2,-0.017,0.0,0,1
316.2,48.316,55.735,51.651,1.5,1.5,14,2,-0.009,0.0,0,1
316.4,48.317,55.738,51.547,1.5,1.5,14,2,0.001,0.0,0,1
316.6,48.325,55.746,50.839,1.5,1.5,14,2,0.008,0.0,0,1
316.8,48.335,55.754,50.29,1.5,1.5,14,2,0.011,0.0,0,1
317.0,48.328,55.763,50.18,1.5,1.5,14,2,-0.008,0.0,0,1
317.2,48.356,55.758,49.466,1.5,1.5,14,2,0.028,0.0,0,1
317.4,48.368,55.781,48.988,1.5,1.5,14,2,0.012,0.0,0,1
317.6,48.362,55.809,49.248,1.5,1.5,14,2,-0.006,0.0,0,1
317.8,48.366,55.801,48.904,1.5,1.5,14,2,0.004,0.0,0,1
318.0,49.83,55.823,22.579,1.5,1.5,13,2,1.464,0.2,0,1
318.2,49.824,55.822,22.62,1.5,1.5,13,2,-0.006,0.352,0,1
318.4,49.826,55.839,22.599,1.5,1.5,13,2,0.003,0.459,0,1
318.6,49.827,55.846,22.592,1.5,1.5,13,2,0.0,0.522,0,1
318.8,49.817,55.851,22.683,1.5,1.5,13,2,-0.01,0.54,0,1
319.0,49.82,55.841,22.635,1.5,1.5,13,2,0.003,0.512,0,1
319.2,49.814,55.837,22.709,1.5,1.5,13,2,-0.005,0.446,0,1
319.4,49.818,55.854,22.642,1.5,1.5,13,2,0.004,0.34,0,1
319.6,49.813,55.847,22.649,1.5,1.5,13,2,-0.005,0.19,0,1
319.8,49.815,55.856,22.616,1.5,1.5,13,2,0.001,0.0,0,1
320.0,49.801,55.859,22.842,1.5,1.5,13,2,-0.014,0.0,0,1
320.2,49.793,55.864,22.936,1.5,1.5,13,2,-0.008,0.0,0,1
320.4,49.787,55.86,22.987,1.5,1.5,13,2,-0.006,0.0,0,1
320.6,49.793,55.856,22.914,1.5,1.5,13,2,0.005,0.0,0,1
320.8,49.791,55.847,22.938,1.5,1.5,13,2,-0.002,0.0,0,1
321.0,49.788,55.839,22.897,1.5,1.5,13,2,-0.003,0.0,0,1
321.2,49.802,55.831,22.71,1.5,1.5,13,2,0.014,0.0,0,1
321.4,49.799,55.812,22.731,1.5,1.5,13,2,-0.003,0.0,0,1
321.6,49.789,55.807,22.797,1.5,1.5,13,2,-0.011,0.0,0,1
321.8,49.775,55.809,22.949,1.5,1.5,13,2,-0.014,0.0,0,1
322.0,49.783,55.799,22.84,1.5,1.5,13,2,0.008,0.0,0,1
322.2,49.793,55.785,22.716,1.5,1.5,13,2,0.01,0.0,0,1
322.4,49.802,55.773,22.6,1.5,1.5,13,2,0.008,0.0,0,1
322.6,49.811,55.761,22.531,1.5,1.5,13,2,0.009,0.0,0,1
322.8,49.804,55.759,22.622,1.5,1.5,13,2,-0.006,0.0,0,1
323.0,49.798,55.75,22.771,1.5,1.5,13,2,-0.007,0.0,0,1
323.2,49.788,55.735,22.929,1.5,1.5,13,2,-0.01,0.0,0,1
323.4,49.798,55.718,22.773,1.5,1.5,13,2,0.01,0.0,0,1
323.6,49.805,55.696,22.639,1.5,1.5,13,2,0.007,0.0,0,1
323.8,49.802,55.685,22.61,1.5,1.5,13,2,-0.002,0.0,0,1
324.0,49.817,55.67,22.441,1.5,1.5,13,2,0.014,0.0,0,1
324.2,49.813,55.643,22.473,1.5,1.5,13,2,-0.003,0.0,0,1
324.4,49.815,55.631,22.403,1.5,1.5,13,2,0.002,0.0,0,1
324.6,49.814,55.627,22.438,1.5,1.5,13,2,-0.002,0.0,0,1
324.8,49.813,55.615,22.477,1.5,1.5,13,2,-0.0,0.0,0,1
325.0,49.834,55.601,22.294,1.5,1.5,13,2,0.02,0.0,0,1
325.2,49.829,55.604,22.408,1.5,1.5,13,2,-0.005,0.0,0,1
325.4,49.844,55.59,22.245,1.5,1.5,13,2,0.015,0.0,0,1
325.6,49.839,55.589,22.289,1.5,1.5,13,2,-0.005,0.0,0,1
325.8,49.844,55.586,22.209,1.5,1.5,13,2,0.005,0.0,0,1
326.0,49.83,55.595,22.361,1.5,1.5,13,2,-0.014,0.0,0,1
326.2,49.822,55.604,22.401,1.5,1.5,13,2,-0.008,0.0,0,1
326.4,49.824,55.605,22.352,1.5,1.5,13,2,0.002,0.0,0,1
326.6,49.821,55.595,22.264,1.5,1.5,13,2,-0.003,0.0,0,1
326.8,49.822,55.595,22.198,1.5,1.5,13,2,0.001,0.0,0,1
327.0,49.821,55.598,22.198,1.5,1.5,13,2,-0.002,0.0,0,1
327.2,49.831,55.597,22.047,1.5,1.5,13,2,0.011,0.0,0,1
327.4,49.828,55.593,22.031,1.5,1.5,13,2,-0.003,0.0,0,1
327.6,49.837,55.602,21.841,1.5,1.5,13,2,0.009,0.0,0,1
327.8,49.845,55.608,21.781,1.5,1.5,13,2,0.008,0.0,0,1
328.0,49.845,55.607,21.733,1.5,1.5,13,2,0.0,0.0,0,1
328.2,49.842,55.613,21.753,1.5,1.5,13,2,-0.004,0.0,0,1
328.4,49.834,55.628,21.827,1.5,1.5,13,2,-0.007,0.0,0,1
328.6,49.832,55.645,21.848,1.5,1.5,13,2,-0.003,0.0,0,1
328.8,49.834,55.664,21.835,1.5,1.5,13,2,0.003,0.0,0,1
329.0,49.83,55.659,21.837,1.5,1.5,13,2,-0.005,0.0,0,1
329.2,49.835,55.671,21.796,1.5,1.5,13,2,0.005,0.0,0,1
329.4,49.847,55.683,21.63,1.5,1.5,13,2,0.012,0.0,0,1
329.6,49.838,55.7,21.675,1.5,1.5,13,2,-0.008,0.0,0,1
329.8,49.839,55.718,21.62,1.5,1.5,13,2,0.001,0.0,0,1
330.0,49.868,55.719,21.261,1.5,1.5,13,2,0.029,0.0,0,1
330.2,49.865,55.713,21.282,1.5,1.5,13,2,-0.003,0.0,0,1
330.4,49.878,55.711,21.076,1.5,1.5,13,2,0.014,0.0,0,1
330.6,49.879,55.715,21.105,1.5,1.5,13,2,0.0,0.0,0,1
330.8,49.885,55.737,21.017,1.5,1.5,13,2,0.006,0.0,0,1
331.0,49.897,55.735,20.869,1.5,1.5,13,2,0.013,0.0,0,1
331.2,49.902,55.718,20.811,1.5,1.5,13,2,0.005,0.0,0,1
331.4,49.9,55.738,20.782,1.5,1.5,13,2,-0.002,0.0,0,1
331.6,49.916,55.738,20.577,1.5,1.5,13,2,0.016,0.0,0,1
331.8,49.918,55.74,20.506,1.5,1.5,13,2,0.002,0.0,0,1
332.0,49.918,55.754,20.477,1.5,1.5,13,2,-0.0,0.0,0,1
332.2,49.918,55.762,20.514,1.5,1.5,13,2,-0.0,0.0,0,1
332.4,49.917,55.759,20.473,1.5,1.5,13,2,-0.001,0.0,0,1
332.6,49.922,55.778,20.451,1.5,1.5,13,2,0.005,0.0,0,1
332.8,49.934,55.787,20.3,1.5,1.5,13,2,0.012,0.0,0,1
333.0,49.933,55.8,20.319,1.5,1.5,13,2,-0.001,0.0,0,1
333.2,49.933,55.791,20.278,1.5,1.5,13,2,0.0,0.0,0,1
333.4,49.948,55.786,20.123,1.5,1.5,13,2,0.015,0.0,0,1
333.6,49.962,55.766,19.924,1.5,1.5,13,2,0.014,0.0,0,1
333.8,49.964,55.759,19.967,1.5,1.5,13,2,0.001,0.0,0,1
334.0,49.966,55.761,19.92,1.5,1.5,13,2,0.002,0.0,0,1
334.2,49.975,55.76,19.858,1.5,1.5,13,2,0.009,0.0,0,1
334.4,49.981,55.766,19.785,1.5,1.5,13,2,0.006,0.0,0,1
334.6,49.988,55.767,19.746,1.5,1.5,13,2,0.007,0.0,0,1
334.8,49.984,55.767,19.772,1.5,1.5,13,2,-0.004,0.0,0,1
335.0,49.99,55.78,19.732,1.5,1.5,13,2,0.005,0.0,0,1
335.2,49.982,55.778,19.756,1.5,1.5,13,2,-0.008,0.0,0,1
335.4,49.981,55.783,19.71,1.5,1.5,13,2,-0.0,0.0,0,1
335.6,49.984,55.791,19.626,1.5,1.5,13,2,0.002,0.0,0,1
335.8,49.986,55.784,19.554,1.5,1.5,13,2,0.002,0.0,0,1
336.0,50.001,55.791,19.323,1.5,1.5,13,2,0.015,0.0,0,1
336.2,49.997,55.79,19.321,1.5,1.5,13,2,-0.004,0.0,0,1
336.4,49.993,55.801,19.38,1.5,1.5,13,2,-0.004,0.0,0,1
336.6,50.002,55.801,19.277,1.5,1.5,13,2,0.009,0.0,0,1
336.8,50.0,55.816,19.272,1.5,1.5,13,2,-0.002,0.0,0,1
337.0,50.001,55.831,19.288,1.5,1.5,13,2,0.001,0.0,0,1
337.2,50.001,55.83,19.326,1.5,1.5,13,2,0.0,0.0,0,1
337.4,49.992,55.851,19.441,1.5,1.5,13,2,-0.009,0.0,0,1
337.6,50.001,55.833,19.348,1.5,1.5,13,2,0.009,0.0,0,1
337.8,50.003,55.826,19.379,1.5,1.5,13,2,0.002,0.0,0,1
338.0,50.019,55.83,19.207,1.5,1.5,13,2,0.016,0.0,0,1
338.2,50.024,55.834,19.129,1.5,1.5,13,2,0.005,0.0,0,1
338.4,50.028,55.848,19.107,1.5,1.5,13,2,0.003,0.0,0,1
338.6,50.02,55.839,19.181,1.5,1.5,13,2,-0.008,0.0,0,1
338.8,50.009,55.827,19.286,1.5,1.5,13,2,-0.011,0.0,0,1
339.0,50.009,55.847,19.33,1.5,1.5,13,2,-0.0,0.0,0,1
339.2,50.003,55.848,19.45,1.5,1.5,13,2,-0.006,0.0,0,1
339.4,50.011,55.864,19.394,1.5,1.5,13,2,0.009,0.0,0,1
339.6,50.004,55.885,19.529,1.5,1.5,13,2,-0.008,0.0,0,1
339.8,50.002,55.899,19.503,1.5,1.5,13,2,-0.001,0.0,0,1
340.0,50.003,55.914,19.547,1.5,1.5,13,2,0.0,0.0,0,1
340.2,49.997,55.922,19.542,1.5,1.5,13,2,-0.006,0.0,0,1
340.4,50.0,55.931,19.518,1.5,1.5,13,2,0.003,0.0,0,1
340.6,49.999,55.94,19.518,1.5,1.5,13,2,-0.0,0.0,0,1
340.8,49.998,55.95,19.506,1.5,1.5,13,2,-0.001,0.0,0,1
341.0,49.984,55.949,19.661,1.5,1.5,13,2,-0.014,0.0,0,1
341.2,49.981,55.96,19.694,1.5,1.5,13,2,-0.003,0.0,0,1
341.4,49.973,55.965,19.794,1.5,1.5,13,2,-0.008,0.0,0,1
341.6,49.946,55.97,20.093,1.5,1.5,13,2,-0.027,0.0,0,1
341.8,49.946,55.968,20.07,1.5,1.5,13,2,0.0,0.0,0,1
342.0,49.948,55.967,20.092,1.5,1.5,13,2,0.002,0.0,0,1
342.2,49.933,55.965,20.191,1.5,1.5,13,2,-0.015,0.001,0,1
342.4,49.945,55.976,20.122,1.5,1.5,13,2,0.011,0.001,0,1
342.6,49.929,55.98,20.326,1.5,1.5,13,2,-0.016,0.001,0,1
342.8,49.927,55.988,20.349,1.5,1.5,13,2,-0.001,0.0,0,1
343.0,49.933,55.995,20.284,1.5,1.5,13,2,0.005,0.0,0,1
343.2,49.94,56.008,20.26,1.5,1.5,13,2,0.008,0.0,0,1
343.4,49.948,56.014,20.207,1.5,1.5,13,2,0.008,0.0,0,1
343.6,49.939,56.014,20.327,1.5,1.5,13,2,-0.009,0.0,0,1
343.8,49.938,56.01,20.391,1.5,1.5,13,2,-0.001,0.0,0,1
344.0,49.931,56.005,20.513,1.5,1.5,13,2,-0.007,0.0,0,1
344.2,49.924,56.004,20.606,1.5,1.5,13,2,-0.007,0.0,0,1
344.4,49.921,56.012,20.664,1.5,1.5,13,2,-0.003,0.0,0,1
344.6,49.918,56.004,20.69,1.5,1.5,13,2,-0.003,0.0,0,1
344.8,49.925,55.994,20.584,1.5,1.5,13,2,0.007,0.0,0,1
345.0,49.912,55.994,20.758,1.5,1.5,13,2,-0.013,0.0,0,1
345.2,49.909,56.007,20.794,1.5,1.5,13,2,-0.003,0.0,0,1
345.4,49.893,55.999,20.923,1.5,1.5,13,2,-0.016,0.0,0,1
345.6,49.893,55.991,20.897,1.5,1.5,13,2,-0.0,0.0,0,1
345.8,49.881,55.986,20.993,1.5,1.5,13,2,-0.011,0.0,0,1
346.0,49.888,55.979,20.933,1.5,1.5,13,2,0.007,0.0,0,1
346.2,49.885,55.979,20.93,1.5,1.5,13,2,-0.003,0.0,0,1
346.4,49.895,55.954,20.794,1.5,1.5,13,2,0.009,0.0,0,1
346.6,49.894,55.914,20.738,1.5,1.5,13,2,-0.0,0.0,0,1
346.8,49.898,55.888,20.704,1.5,1.5,13,2,0.003,0.0,0,1
347.0,49.885,55.883,20.897,1.5,1.5,13,2,-0.013,0.0,0,1
347.2,49.892,55.886,20.803,1.5,1.5,13,2,0.007,0.0,0,1
347.4,49.891,55.875,20.749,1.5,1.5,13,2,-0.001,0.0,0,1
347.6,49.898,55.874,20.68,1.5,1.5,13,2,0.006,0.0,0,1
347.8,49.9,55.867,20.648,1.5,1.5,13,2,0.002,0.0,0,1
348.0,49.909,55.861,20.606,1.5,1.5,13,2,0.009,0.0,0,1
348.2,49.915,55.846,20.571,1.5,1.5,13,2,0.006,0.0,0,1
348.4,49.909,55.816,20.665,1.5,1.5,13,2,-0.005,0.0,0,1
348.6,49.929,55.779,20.437,1.5,1.5,13,2,0.02,0.0,0,1
348.8,49.923,55.771,20.501,1.5,1.5,13,2,-0.006,0.0,0,1
349.0,49.922,55.773,20.544,1.5,1.5,13,2,-0.001,0.0,0,1
349.2,49.933,55.745,20.455,1.5,1.5,13,2,0.01,0.0,0,1
349.4,49.956,55.719,20.184,1.5,1.5,13,2,0.024,0.0,0,1
349.6,49.945,55.707,20.27,1.5,1.5,13,2,-0.012,0.0,0,1
349.8,49.945,55.685,20.257,1.5,1.5,13,2,0.001,0.0,0,1
350.0,49.941,55.68,20.342,1.5,1.5,13,2,-0.004,0.0,0,1
350.2,49.94,55.659,20.293,1.5,1.5,13,2,-0.001,0.0,0,1
350.4,49.95,55.658,20.194,1.5,1.5,13,2,0.01,0.0,0,1
350.6,49.948,55.649,20.231,1.5,1.5,13,2,-0.002,0.0,0,1
350.8,49.936,55.654,20.396,1.5,1.5,13,2,-0.012,0.0,0,1
351.0,49.928,55.652,20.467,1.5,1.5,13,2,-0.008,0.0,0,1
351.2,49.921,55.635,20.563,1.5,1.5,13,2,-0.008,0.0,0,1
351.4,49.905,55.631,20.738,1.5,1.5,13,2,-0.016,0.0,0,1
351.6,49.917,55.617,20.607,1.5,1.5,13,2,0.013,0.0,0,1
351.8,49.914,55.595,20.627,1.5,1.5,13,2,-0.004,0.0,0,1
352.0,49.926,55.598,20.409,1.5,1.5,13,2,0.012,0.0,0,1
352.2,49.924,55.613,20.406,1.5,1.5,13,2,-0.002,0.0,0,1
352.4,49.927,55.601,20.363,1.5,1.5,13,2,0.003,0.0,0,1
352.6,49.946,55.607,20.185,1.5,1.5,13,2,0.019,0.0,0,1
352.8,49.952,55.613,20.082,1.5,1.5,13,2,0.006,0.0,0,1
353.0,49.953,55.642,20.099,1.5,1.5,13,2,0.001,0.0,0,1
353.2,49.959,55.651,20.055,1.5,1.5,13,2,0.006,0.0,0,1
353.4,49.962,55.653,20.051,1.5,1.5,13,2,0.003,0.0,0,1
353.6,49.979,55.664,20.01,1.5,1.5,13,2,0.017,0.0,0,1
353.8,49.967,55.683,20.167,1.5,1.5,13,2,-0.012,0.0,0,1
354.0,49.975,55.685,20.179,1.5,1.5,13,2,0.008,0.0,0,1
354.2,49.969,55.686,20.284,1.5,1.5,13,2,-0.007,0.0,0,1
354.4,49.967,55.694,20.328,1.5,1.5,13,2,-0.002,0.0,0,1
354.6,49.963,55.692,20.356,1.5,1.5,13,2,-0.004,0.0,0,1
354.8,49.962,55.698,20.375,1.5,1.5,13,2,-0.0,0.0,0,1
355.0,49.969,55.685,20.322,1.5,1.5,13,2,0.007,0.0,0,1
355.2,49.974,55.679,20.229,1.5,1.5,13,2,0.005,0.0,0,1
355.4,49.972,55.687,20.217,1.5,1.5,13,2,-0.002,0.0,0,1
355.6,49.985,55.686,20.098,1.5,1.5,13,2,0.013,0.0,0,1
355.8,49.984,55.667,20.105,1.5,1.5,13,2,-0.001,0.0,0,1
356.0,49.988,55.662,20.078,1.5,1.5,13,2,0.004,0.0,0,1
356.2,49.976,55.653,20.209,1.5,1.5,13,2,-0.012,0.0,0,1
356.4,49.982,55.643,20.084,1.5,1.5,13,2,0.007,0.0,0,1
356.6,49.978,55.629,20.135,1.5,1.5,13,2,-0.004,0.0,0,1
356.8,49.971,55.619,20.204,1.5,1.5,13,2,-0.008,0.0,0,1
357.0,49.975,55.634,20.165,1.5,1.5,13,2,0.004,0.0,0,1
357.2,49.969,55.632,20.268,1.5,1.5,13,2,-0.005,0.0,0,1
357.4,49.982,55.624,20.206,1.5,1.5,13,2,0.012,0.0,0,1
357.6,49.976,55.618,20.24,1.5,1.5,13,2,-0.005,0.0,0,1
357.8,49.976,55.624,20.289,1.5,1.5,13,2,-0.001,0.0,0,1
358.0,49.964,55.621,20.452,1.5,1.5,13,2,-0.012,0.0,0,1
358.2,49.982,55.622,20.26,1.5,1.5,13,2,0.018,0.0,0,1
358.4,50.004,55.611,19.966,1.5,1.5,13,2,0.023,0.0,0,1
358.6,50.001,55.608,19.964,1.5,1.5,13,2,-0.003,0.0,0,1
358.8,49.995,55.605,20.005,1.5,1.5,13,2,-0.006,0.0,0,1
359.0,49.987,55.615,20.145,1.5,1.5,13,2,-0.008,0.0,0,1
359.2,49.986,55.623,20.124,1.5,1.5,13,2,-0.001,0.0,0,1
359.4,49.993,55.616,20.012,1.5,1.5,13,2,0.007,0.0,0,1
359.6,50.003,55.61,19.929,1.5,1.5,13,2,0.01,0.0,0,1
359.8,49.989,55.588,20.152,1.5,1.5,13,2,-0.014,0.0,0,1
360.0,49.981,55.584,20.225,1.5,1.5,13,2,-0.008,0.0,0,1
360.2,49.983,55.569,20.24,1.5,1.5,13,2,0.002,0.0,0,1
360.4,49.984,55.568,20.229,1.5,1.5,13,2,0.001,0.0,0,1
360.6,49.978,55.564,20.272,1.5,1.5,13,2,-0.005,0.0,0,1
360.8,49.985,55.548,20.181,1.5,1.5,13,2,0.007,0.0,0,1
361.0,49.999,55.542,20.052,1.5,1.5,13,2,0.014,0.0,0,1
361.2,50.005,55.52,19.992,1.5,1.5,13,2,0.006,0.0,0,1
361.4,50.006,55.516,19.983,1.5,1.5,13,2,0.001,0.0,0,1
361.6,50.011,55.509,19.867,1.5,1.5,13,2,0.006,0.0,0,1
361.8,50.009,55.511,19.845,1.5,1.5,13,2,-0.002,0.0,0,1
362.0,50.009,55.514,19.94,1.5,1.5,13,2,0.0,0.0,0,1
362.2,50.002,55.508,20.008,1.5,1.5,13,2,-0.008,0.0,0,1
362.4,50.007,55.506,20.0,1.5,1.5,13,2,0.006,0.0,0,1
362.6,50.008,55.526,20.03,1.5,1.5,13,2,0.0,0.0,0,1
362.8,50.017,55.544,19.958,1.5,1.5,13,2,0.01,0.0,0,1
363.0,50.011,55.565,19.958,1.5,1.5,13,2,-0.007,0.0,0,1
363.2,50.01,55.575,19.948,1.5,1.5,13,2,-0.001,0.0,0,1
363.4,50.012,55.593,19.918,1.5,1.5,13,2,0.002,0.0,0,1
363.6,50.013,55.619,19.929,1.5,1.5,13,2,0.0,0.0,0,1
363.8,50.004,55.627,20.027,1.5,1.5,13,2,-0.009,0.0,0,1
364.0,49.998,55.651,20.116,1.5,1.5,13,2,-0.006,0.0,0,1
364.2,50.003,55.674,20.067,1.5,1.5,13,2,0.005,0.0,0,1
364.4,49.997,55.691,20.109,1.5,1.5,13,2,-0.005,0.0,0,1
364.6,50.0,55.71,20.073,1.5,1.5,13,2,0.003,0.0,0,1
364.8,49.997,55.728,20.063,1.5,1.5,13,2,-0.003,0.0,0,1
365.0,50.007,55.755,19.92,1.5,1.5,13,2,0.01,0.0,0,1
365.2,50.002,55.766,19.937,1.5,1.5,13,2,-0.005,0.0,0,1
365.4,50.007,55.77,19.837,1.5,1.5,13,2,0.006,0.0,0,1
365.6,49.998,55.796,19.87,1.5,1.5,13,2,-0.01,0.0,0,1
365.8,49.994,55.823,19.879,1.5,1.5,13,2,-0.004,0.0,0,1
366.0,49.986,55.831,19.982,1.5,1.5,13,2,-0.008,0.0,0,1
366.2,49.983,55.83,20.024,1.5,1.5,13,2,-0.002,0.0,0,1
366.4,49.981,55.854,20.049,1.5,1.5,13,2,-0.002,0.0,0,1
366.6,49.976,55.856,20.193,1.5,1.5,13,2,-0.006,0.0,0,1
366.8,49.963,55.88,20.298,1.5,1.5,13,2,-0.012,0.0,0,1
367.0,49.959,55.894,20.344,1.5,1.5,13,2,-0.004,0.0,0,1
367.2,49.968,55.885,20.276,1.5,1.5,13,2,0.008,0.0,0,1
367.4,49.963,55.892,20.388,1.5,1.5,13,2,-0.004,0.0,0,1
367.6,49.961,55.899,20.448,1.5,1.5,13,2,-0.002,0.0,0,1
367.8,49.966,55.899,20.426,1.5,1.5,13,2,0.005,0.0,0,1
368.0,49.957,55.906,20.518,1.5,1.5,13,2,-0.01,0.0,0,1
368.2,49.973,55.919,20.346,1.5,1.5,13,2,0.016,0.0,0,1
368.4,49.968,55.92,20.452,1.5,1.5,13,2,-0.005,0.0,0,1
368.6,49.974,55.934,20.424,1.5,1.5,13,2,0.006,0.0,0,1
368.8,49.969,55.938,20.471,1.5,1.5,13,2,-0.004,0.0,0,1
369.0,49.971,55.937,20.405,1.5,1.5,13,2,0.002,0.0,0,1
369.2,49.969,55.937,20.445,1.5,1.5,13,2,-0.002,0.0,0,1
369.4,49.976,55.92,20.384,1.5,1.5,13,2,0.007,0.0,0,1
369.6,49.972,55.922,20.42,1.5,1.5,13,2,-0.004,0.0,0,1
369.8,49.959,55.912,20.61,1.5,1.5,13,2,-0.013,0.0,0,1
370.0,49.954,55.908,20.719,1.5,1.5,13,2,-0.006,0.0,0,1
370.2,49.936,55.909,20.925,1.5,1.5,13,2,-0.018,0.0,0,1
370.4,49.928,55.905,21.006,1.5,1.5,13,2,-0.008,0.0,0,1
370.6,49.912,55.892,21.18,1.5,1.5,13,2,-0.015,0.0,0,1
370.8,49.907,55.877,21.304,1.5,1.5,13,2,-0.006,0.001,0,1
371.0,49.905,55.847,21.314,1.5,1.5,13,2,-0.002,0.001,0,1
371.2,49.903,55.822,21.322,1.5,1.5,13,2,-0.002,0.001,0,1
371.4,49.896,55.835,21.33,1.5,1.5,13,2,-0.007,0.001,0,1
371.6,49.901,55.829,21.309,1.5,1.5,13,2,0.004,0.0,0,1
371.8,49.909,55.815,21.231,1.5,1.5,13,2,0.008,0.0,0,1
372.0,49.905,55.804,21.312,1.5,1.5,13,2,-0.004,0.0,0,1
372.2,49.901,55.796,21.357,1.5,1.5,13,2,-0.003,0.0,0,1
372.4,49.909,55.778,21.313,1.5,1.5,13,2,0.007,0.0,0,1
372.6,49.905,55.783,21.371,1.5,1.5,13,2,-0.004,0.0,0,1
372.8,49.896,55.787,21.525,1.5,1.5,13,2,-0.009,0.0,0,1
373.0,49.882,55.769,21.728,1.5,1.5,13,2,-0.014,0.0,0,1
373.2,49.879,55.767,21.8,1.5,1.5,13,2,-0.003,0.0,0,1
373.4,49.884,55.782,21.761,1.5,1.5,13,2,0.005,0.0,0,1
373.6,49.871,55.781,21.92,1.5,1.5,13,2,-0.013,0.0,0,1
373.8,49.871,55.774,21.954,1.5,1.5,13,2,0.0,0.0,0,1
374.0,49.859,55.784,22.084,1.5,1.5,13,2,-0.012,0.0,0,1
374.2,49.864,55.791,22.098,1.5,1.5,13,2,0.005,0.0,0,1
374.4,49.863,55.789,22.159,1.5,1.5,13,2,-0.001,0.0,0,1
374.6,49.866,55.793,22.111,1.5,1.5,13,2,0.003,0.0,0,1
374.8,49.844,55.8,22.364,1.5,1.5,13,2,-0.023,0.0,0,1
375.0,49.84,55.811,22.404,1.5,1.5,13,2,-0.004,0.0,0,1
375.2,49.838,55.818,22.365,1.5,1.5,13,2,-0.002,0.0,0,1
375.4,49.815,55.825,22.594,1.5,1.5,13,2,-0.023,0.0,0,1
375.6,49.813,55.82,22.589,1.5,1.5,13,2,-0.002,0.0,0,1
375.8,49.812,55.839,22.561,1.5,1.5,13,2,-0.0,0.0,0,1
376.0,49.807,55.857,22.618,1.5,1.5,13,2,-0.005,0.0,0,1
376.2,49.834,55.866,22.346,1.5,1.5,13,2,0.027,0.0,0,1
376.4,49.828,55.88,22.416,1.5,1.5,13,2,-0.006,0.0,0,1
376.6,49.823,55.897,22.489,1.5,1.5,13,2,-0.005,0.0,0,1
376.8,49.808,55.899,22.705,1.5,1.5,13,2,-0.015,0.0,0,1
377.0,49.808,55.913,22.724,1.5,1.5,13,2,0.001,0.0,0,1
377.2,49.802,55.929,22.785,1.5,1.5,13,2,-0.006,0.0,0,1
377.4,49.809,55.941,22.693,1.5,1.5,13,2,0.007,0.0,0,1
377.6,49.813,55.952,22.608,1.5,1.5,13,2,0.004,0.0,0,1
377.8,49.809,55.956,22.63,1.5,1.5,13,2,-0.004,0.0,0,1
378.0,49.803,55.958,22.687,1.5,1.5,13,2,-0.006,0.0,0,1
378.2,49.802,55.954,22.684,1.5,1.5,13,2,-0.001,0.0,0,1
378.4,49.791,55.966,22.777,1.5,1.5,13,2,-0.011,0.0,0,1
378.6,49.792,55.979,22.736,1.5,1.5,13,2,0.001,0.0,0,1
378.8,49.783,55.974,22.859,1.5,1.5,13,2,-0.009,0.0,0,1
379.0,49.77,55.98,23.015,1.5,1.5,13,2,-0.013,0.0,0,1
379.2,49.761,55.98,23.2,1.5,1.5,13,2,-0.009,0.0,0,1
379.4,49.756,55.975,23.223,1.5,1.5,13,2,-0.005,0.0,0,1
379.6,49.766,55.97,23.081,1.5,1.5,13,2,0.01,0.0,0,1
379.8,49.767,55.973,23.117,1.5,1.5,13,2,0.001,0.0,0,1
380.0,49.76,55.984,23.151,1.5,1.5,13,2,-0.008,0.0,0,1
380.2,49.755,55.965,23.179,1.5,1.5,13,2,-0.005,0.0,0,1
380.4,49.753,55.954,23.198,1.5,1.5,13,2,-0.003,0.0,0,1
380.6,49.75,55.955,23.255,1.5,1.5,13,2,-0.002,0.0,0,1
380.8,49.748,55.941,23.262,1.5,1.5,13,2,-0.002,0.0,0,1
381.0,49.746,55.923,23.303,1.5,1.5,13,2,-0.003,0.0,0,1
381.2,49.743,55.908,23.385,1.5,1.5,13,2,-0.003,0.0,0,1
381.4,49.754,55.908,23.18,1.5,1.5,13,2,0.011,0.0,0,1
381.6,49.74,55.892,23.32,1.5,1.5,13,2,-0.014,0.0,0,1
381.8,49.745,55.882,23.333,1.5,1.5,13,2,0.004,0.0,0,1
382.0,49.729,55.875,23.569,1.5,1.5,13,2,-0.016,0.0,0,1
382.2,49.732,55.881,23.584,1.5,1.5,13,2,0.003,0.0,0,1
382.4,49.73,55.874,23.607,1.5,1.5,13,2,-0.002,0.0,0,1
382.6,49.735,55.869,23.588,1.5,1.5,13,2,0.005,0.0,0,1
382.8,49.726,55.85,23.67,1.5,1.5,13,2,-0.009,0.0,0,1
383.0,49.735,55.826,23.608,1.5,1.5,13,2,0.01,0.0,0,1
383.2,49.739,55.817,23.564,1.5,1.5,13,2,0.004,0.0,0,1
383.4,49.748,55.799,23.434,1.5,1.5,13,2,0.009,0.0,0,1
383.6,49.76,55.788,23.327,1.5,1.5,13,2,0.011,0.0,0,1
383.8,49.755,55.787,23.435,1.5,1.5,13,2,-0.004,0.0,0,1
384.0,49.757,55.802,23.369,1.5,1.5,13,2,0.001,0.0,0,1
384.2,49.764,55.798,23.272,1.5,1.5,13,2,0.008,0.0,0,1
384.4,49.774,55.805,23.141,1.5,1.5,13,2,0.009,0.0,0,1
384.6,49.768,55.798,23.221,1.5,1.5,13,2,-0.006,0.0,0,1
384.8,49.767,55.804,23.181,1.5,1.5,13,2,-0.001,0.0,0,1
385.0,49.78,55.816,22.983,1.5,1.5,13,2,0.013,0.0,0,1
385.2,49.79,55.818,22.797,1.5,1.5,13,2,0.01,0.0,0,1
385.4,49.791,55.801,22.824,1.5,1.5,13,2,0.001,0.0,0,1
385.6,49.787,55.784,22.825,1.5,1.5,13,2,-0.004,0.0,0,1
385.8,49.791,55.776,22.747,1.5,1.5,13,2,0.004,0.0,0,1
386.0,49.802,55.765,22.601,1.5,1.5,13,2,0.011,0.0,0,1
386.2,49.82,55.755,22.456,1.5,1.5,13,2,0.018,0.0,0,1
386.4,49.818,55.769,22.543,1.5,1.5,13,2,-0.002,0.0,0,1
386.6,49.823,55.756,22.512,1.5,1.5,13,2,0.005,0.0,0,1
386.8,49.81,55.754,22.601,1.5,1.5,13,2,-0.013,0.0,0,1
387.0,49.805,55.752,22.666,1.5,1.5,13,2,-0.005,0.0,0,1
387.2,49.806,55.755,22.705,1.5,1.5,13,2,0.001,0.0,0,1
387.4,49.826,55.751,22.402,1.5,1.5,13,2,0.02,0.0,0,1
387.6,49.834,55.749,22.341,1.5,1.5,13,2,0.008,0.0,0,1
387.8,49.845,55.762,22.205,1.5,1.5,13,2,0.012,0.0,0,1
388.0,49.84,55.771,22.258,1.5,1.5,13,2,-0.005,0.0,0,1
388.2,49.848,55.793,22.177,1.5,1.5,13,2,0.007,0.0,0,1
388.4,49.847,55.819,22.22,1.5,1.5,13,2,-0.0,0.0,0,1
388.6,49.842,55.838,22.293,1.5,1.5,13,2,-0.006,0.0,0,1
388.8,49.851,55.853,22.151,1.5,1.5,13,2,0.01,0.0,0,1
389.0,49.844,55.868,22.233,1.5,1.5,13,2,-0.008,0.0,0,1
389.2,49.852,55.891,22.134,1.5,1.5,13,2,0.008,0.0,0,1
389.4,49.848,55.902,22.141,1.5,1.5,13,2,-0.004,0.0,0,1
389.6,49.853,55.925,22.109,1.5,1.5,13,2,0.006,0.0,0,1
389.8,49.853,55.947,22.122,1.5,1.5,13,2,-0.0,0.0,0,1
390.0,49.851,55.976,22.124,1.5,1.5,13,2,-0.002,0.0,0,1
390.2,49.844,55.974,22.247,1.5,1.5,13,2,-0.007,0.0,0,1
390.4,49.849,55.987,22.247,1.5,1.5,13,2,0.004,0.0,0,1
390.6,49.85,55.999,22.256,1.5,1.5,13,2,0.002,0.0,0,1
390.8,49.863,56.012,22.064,1.5,1.5,13,2,0.013,0.0,0,1
391.0,49.86,56.027,22.176,1.5,1.5,13,2,-0.003,0.0,0,1
391.2,49.847,56.04,22.335,1.5,1.5,13,2,-0.013,0.0,0,1
391.4,49.847,56.061,22.387,1.5,1.5,13,2,0.001,0.0,0,1
391.6,49.842,56.082,22.483,1.5,1.5,13,2,-0.006,0.0,0,1
391.8,49.849,56.105,22.408,1.5,1.5,13,2,0.007,0.0,0,1
392.0,49.849,56.115,22.424,1.5,1.5,13,2,0.001,0.0,0,1
392.2,49.855,56.123,22.354,1.5,1.5,13,2,0.006,0.0,0,1
392.4,49.858,56.138,22.301,1.5,1.5,13,2,0.003,0.0,0,1
392.6,49.835,56.165,22.541,1.5,1.5,13,2,-0.022,0.0,0,1
392.8,49.842,56.168,22.416,1.5,1.5,13,2,0.007,0.0,0,1
393.0,49.851,56.178,22.272,1.5,1.5,13,2,0.008,0.0,0,1
393.2,49.86,56.187,22.081,1.5,1.5,13,2,0.009,0.0,0,1
393.4,49.854,56.199,22.149,1.5,1.5,13,2,-0.006,0.0,0,1
393.6,49.862,56.199,21.96,1.5,1.5,13,2,0.008,0.0,0,1
393.8,49.868,56.196,21.917,1.5,1.5,13,2,0.007,0.0,0,1
394.0,49.87,56.208,21.858,1.5,1.5,13,2,0.002,0.0,0,1
394.2,49.88,56.226,21.735,1.5,1.5,13,2,0.01,0.0,0,1
394.4,49.872,56.243,21.806,1.5,1.5,13,2,-0.009,0.0,0,1
394.6,49.869,56.261,21.822,1.5,1.5,13,2,-0.003,0.0,0,1
394.8,49.856,56.278,21.986,1.5,1.5,13,2,-0.013,0.0,0,1
395.0,49.847,56.271,22.073,1.5,1.5,13,2,-0.008,0.0,0,1
395.2,49.847,56.275,22.024,1.5,1.5,13,2,-0.0,0.0,0,1
395.4,49.839,56.277,22.118,1.5,1.5,13,2,-0.008,0.0,0,1
395.6,49.845,56.273,22.014,1.5,1.5,13,2,0.005,0.0,0,1
395.8,49.827,56.272,22.191,1.5,1.5,13,2,-0.017,0.0,0,1
396.0,49.83,56.256,22.151,1.5,1.5,13,2,0.002,0.0,0,1
396.2,49.827,56.237,22.215,1.5,1.5,13,2,-0.003,0.0,0,1
396.4,49.825,56.221,22.27,1.5,1.5,13,2,-0.002,0.0,0,1
396.6,49.821,56.207,22.362,1.5,1.5,13,2,-0.005,0.0,0,1
396.8,49.832,56.183,22.269,1.5,1.5,13,2,0.011,0.0,0,1
397.0,49.833,56.156,22.268,1.5,1.5,13,2,0.001,0.0,0,1
397.2,49.855,56.146,21.918,1.5,1.5,13,2,0.022,0.0,0,1
397.4,49.86,56.141,21.876,1.5,1.5,13,2,0.005,0.0,0,1
397.6,49.861,56.132,21.863,1.5,1.5,13,2,0.001,0.0,0,1
397.8,49.862,56.131,21.896,1.5,1.5,13,2,0.0,0.0,0,1
398.0,49.869,56.128,21.848,1.5,1.5,13,2,0.008,0.0,0,1
398.2,49.864,56.125,21.886,1.5,1.5,13,2,-0.006,0.0,0,1
398.4,49.873,56.124,21.793,1.5,1.5,13,2,0.01,0.0,0,1
398.6,49.87,56.12,21.818,1.5,1.5,13,2,-0.004,0.0,0,1
398.8,49.89,56.11,21.578,1.5,1.5,13,2,0.02,0.0,0,1
399.0,49.873,56.094,21.767,1.5,1.5,13,2,-0.016,0.0,0,1
399.2,49.871,56.096,21.818,1.5,1.5,13,2,-0.003,0.0,0,1
399.4,49.873,56.122,21.734,1.5,1.5,13,2,0.003,0.0,0,1
399.6,49.885,56.135,21.568,1.5,1.5,13,2,0.011,0.0,0,1
399.8,49.886,56.131,21.604,1.5,1.5,13,2,0.001,0.0,0,1
400.0,49.901,56.113,21.375,1.5,1.5,13,2,0.016,0.0,0,1
400.2,49.898,56.121,21.474,1.5,1.5,13,2,-0.004,0.0,0,1
400.4,49.894,56.121,21.452,1.5,1.5,13,2,-0.004,0.0,0,1
400.6,49.896,56.115,21.42,1.5,1.5,13,2,0.002,0.0,0,1
400.8,49.894,56.104,21.428,1.5,1.5,13,2,-0.002,0.0,0,1
401.0,49.901,56.094,21.295,1.5,1.5,13,2,0.006,0.0,0,1
401.2,49.907,56.094,21.227,1.5,1.5,13,2,0.007,0.0,0,1
401.4,49.916,56.096,21.092,1.5,1.5,13,2,0.009,0.0,0,1
401.6,49.917,56.087,21.047,1.5,1.5,13,2,0.001,0.0,0,1
401.8,49.919,56.072,21.068,1.5,1.5,13,2,0.002,0.0,0,1
402.0,49.936,56.057,20.866,1.5,1.5,13,2,0.017,0.0,0,1
402.2,49.943,56.052,20.816,1.5,1.5,13,2,0.007,0.0,0,1
402.4,49.937,56.05,20.917,1.5,1.5,13,2,-0.006,0.0,0,1
402.6,49.928,56.034,21.0,1.5,1.5,13,2,-0.009,0.0,0,1
402.8,49.934,56.037,20.958,1.5,1.5,13,2,0.006,0.0,0,1
403.0,49.914,56.045,21.201,1.5,1.5,13,2,-0.02,0.0,0,1
403.2,49.915,56.048,21.264,1.5,1.5,13,2,0.0,0.0,0,1
403.4,49.912,56.045,21.349,1.5,1.5,13,2,-0.003,0.0,0,1
403.6,49.915,56.031,21.354,1.5,1.5,13,2,0.003,0.0,0,1
403.8,49.924,56.022,21.285,1.5,1.5,13,2,0.009,0.0,0,1
404.0,49.92,56.025,21.32,1.5,1.5,13,2,-0.004,0.0,0,1
404.2,49.926,56.036,21.186,1.5,1.5,13,2,0.006,0.0,0,1
404.4,49.932,56.029,21.128,1.5,1.5,13,2,0.006,0.0,0,1
404.6,49.945,56.016,21.04,1.5,1.5,13,2,0.013,0.0,0,1
404.8,49.937,56.021,21.108,1.5,1.5,13,2,-0.008,0.0,0,1
405.0,49.949,56.006,20.962,1.5,1.5,13,2,0.012,0.0,0,1
405.2,49.948,56.007,20.962,1.5,1.5,13,2,-0.002,0.0,0,1
405.4,49.949,56.003,20.941,1.5,1.5,13,2,0.001,0.0,0,1
405.6,49.952,55.991,20.873,1.5,1.5,13,2,0.003,0.0,0,1
405.8,49.947,55.996,20.973,1.5,1.5,13,2,-0.005,0.0,0,1
406.0,49.936,55.99,21.114,1.5,1.5,13,2,-0.011,0.0,0,1
406.2,49.951,56.004,20.967,1.5,1.5,13,2,0.015,0.0,0,1
406.4,49.954,55.998,20.979,1.5,1.5,13,2,0.003,0.0,0,1
406.6,49.954,55.99,20.959,1.5,1.5,13,2,-0.001,0.0,0,1
406.8,49.952,55.983,21.01,1.5,1.5,13,2,-0.002,0.0,0,1
407.0,49.949,55.989,21.039,1.5,1.5,13,2,-0.003,0.0,0,1
407.2,49.95,55.978,21.023,1.5,1.5,13,2,0.001,0.0,0,1
407.4,49.946,55.971,21.083,1.5,1.5,13,2,-0.004,0.0,0,1
407.6,49.94,55.961,21.16,1.5,1.5,13,2,-0.006,0.0,0,1
407.8,49.945,55.955,21.132,1.5,1.5,13,2,0.004,0.0,0,1
408.0,49.945,55.951,21.164,1.5,1.5,13,2,0.0,0.0,0,1
408.2,49.939,55.943,21.221,1.5,1.5,13,2,-0.006,0.0,0,1
408.4,49.952,55.943,21.039,1.5,1.5,13,2,0.013,0.0,0,1
408.6,49.95,55.931,21.089,1.5,1.5,13,2,-0.002,0.0,0,1
408.8,49.948,55.928,21.069,1.5,1.5,13,2,-0.003,0.0,0,1
409.0,49.942,55.931,21.136,1.5,1.5,13,2,-0.005,0.0,0,1
409.2,49.935,55.926,21.237,1.5,1.5,13,2,-0.008,0.0,0,1
409.4,49.938,55.916,21.076,1.5,1.5,13,2,0.004,0.0,0,1
409.6,49.929,55.898,21.167,1.5,1.5,13,2,-0.009,0.0,0,1
409.8,49.945,55.884,20.999,1.5,1.5,13,2,0.016,0.0,0,1
410.0,49.94,55.871,20.989,1.5,1.5,13,2,-0.005,0.0,0,1
410.2,49.938,55.865,20.973,1.5,1.5,13,2,-0.002,0.0,0,1
410.4,49.953,55.857,20.817,1.5,1.5,13,2,0.015,0.0,0,1
410.6,49.946,55.843,20.858,1.5,1.5,13,2,-0.007,0.0,0,1
410.8,49.936,55.828,21.034,1.5,1.5,13,2,-0.011,0.0,0,1
411.0,49.943,55.818,20.88,1.5,1.5,13,2,0.007,0.0,0,1
411.2,49.933,55.805,20.905,1.5,1.5,13,2,-0.01,0.0,0,1
411.4,49.931,55.803,20.95,1.5,1.5,13,2,-0.002,0.0,0,1
411.6,49.927,55.793,21.008,1.5,1.5,13,2,-0.004,0.0,0,1
411.8,49.945,55.783,20.762,1.5,1.5,13,2,0.018,0.0,0,1
412.0,49.951,55.783,20.674,1.5,1.5,13,2,0.006,0.0,0,1
412.2,49.933,55.775,20.792,1.5,1.5,13,2,-0.018,0.0,0,1
412.4,49.925,55.773,20.863,1.5,1.5,13,2,-0.009,0.0,0,1
412.6,49.924,55.766,20.875,1.5,1.5,13,2,-0.001,0.0,0,1
412.8,49.926,55.764,20.879,1.5,1.5,13,2,0.001,0.0,0,1
413.0,49.936,55.768,20.821,1.5,1.5,13,2,0.01,0.0,0,1
413.2,49.941,55.764,20.729,1.5,1.5,13,2,0.005,0.0,0,1
413.4,49.955,55.758,20.561,1.5,1.5,13,2,0.014,0.0,0,1
413.6,49.962,55.764,20.497,1.5,1.5,13,2,0.007,0.0,0,1
413.8,49.959,55.757,20.551,1.5,1.5,13,2,-0.003,0.0,0,1
414.0,49.95,55.746,20.581,1.5,1.5,13,2,-0.009,0.0,0,1
414.2,49.951,55.747,20.642,1.5,1.5,13,2,0.001,0.0,0,1
414.4,49.948,55.743,20.654,1.5,1.5,13,2,-0.003,0.0,0,1
414.6,49.968,55.738,20.475,1.5,1.5,13,2,0.02,0.0,0,1
414.8,49.964,55.73,20.552,1.5,1.5,13,2,-0.005,0.0,0,1
415.0,49.964,55.738,20.546,1.5,1.5,13,2,-0.0,0.0,0,1
415.2,49.976,55.74,20.38,1.5,1.5,13,2,0.013,0.0,0,1
415.4,49.974,55.737,20.463,1.5,1.5,13,2,-0.002,0.0,0,1
415.6,49.969,55.744,20.504,1.5,1.5,13,2,-0.005,0.0,0,1
415.8,49.982,55.736,20.384,1.5,1.5,13,2,0.012,0.0,0,1
416.0,49.986,55.743,20.329,1.5,1.5,13,2,0.005,0.0,0,1
416.2,49.995,55.751,20.239,1.5,1.5,13,2,0.009,0.0,0,1
416.4,50.016,55.752,20.05,1.5,1.5,13,2,0.021,0.0,0,1
416.6,50.017,55.757,20.053,1.5,1.5,13,2,0.001,0.0,0,1
416.8,50.016,55.753,20.08,1.5,1.5,13,2,-0.002,0.0,0,1
417.0,49.997,55.761,20.273,1.5,1.5,13,2,-0.018,0.0,0,1
417.2,49.987,55.783,20.406,1.5,1.5,13,2,-0.01,0.0,0,1
417.4,49.981,55.799,20.535,1.5,1.5,13,2,-0.006,0.0,0,1
417.6,49.988,55.811,20.501,1.5,1.5,13,2,0.007,0.0,0,1
417.8,49.989,55.821,20.503,1.5,1.5,13,2,0.001,0.0,0,1
418.0,49.982,55.832,20.621,1.5,1.5,13,2,-0.006,0.0,0,1
418.2,49.978,55.846,20.622,1.5,1.5,13,2,-0.004,0.0,0,1
418.4,49.995,55.861,20.411,1.5,1.5,13,2,0.017,0.0,0,1
418.6,49.997,55.872,20.388,1.5,1.5,13,2,0.002,0.0,0,1
418.8,50.001,55.879,20.232,1.5,1.5,13,2,0.004,0.0,0,1
419.0,50.008,55.884,20.143,1.5,1.5,13,2,0.007,0.0,0,1
419.2,49.997,55.894,20.293,1.5,1.5,13,2,-0.012,0.0,0,1
419.4,50.001,55.895,20.213,1.5,1.5,13,2,0.005,0.0,0,1
419.6,49.998,55.892,20.21,1.5,1.5,13,2,-0.004,0.0,0,1
419.8,50.0,55.91,20.175,1.5,1.5,13,2,0.002,0.0,0,1
420.0,49.987,55.896,20.353,1.5,1.5,13,2,-0.013,0.0,0,1
420.2,49.994,55.902,20.272,1.5,1.5,13,2,0.007,0.0,0,1
420.4,49.991,55.908,20.279,1.5,1.5,13,2,-0.003,0.0,0,1
420.6,49.991,55.914,20.228,1.5,1.5,13,2,0.0,0.0,0,1
420.8,49.996,55.904,20.195,1.5,1.5,13,2,0.005,0.0,0,1
421.0,49.986,55.911,20.317,1.5,1.5,13,2,-0.01,0.0,0,1
421.2,49.99,55.905,20.237,1.5,1.5,13,2,0.004,0.0,0,1
421.4,49.999,55.901,20.129,1.5,1.5,13,2,0.009,0.0,0,1
421.6,49.996,55.899,20.2,1.5,1.5,13,2,-0.003,0.0,0,1
421.8,49.988,55.901,20.235,1.5,1.5,13,2,-0.007,0.0,0,1
422.0,49.995,55.902,20.111,1.5,1.5,13,2,0.006,0.0,0,1
422.2,49.985,55.907,20.27,1.5,1.5,13,2,-0.01,0.0,0,1
422.4,49.985,55.908,20.258,1.5,1.5,13,2,0.0,0.0,0,1
422.6,49.96,55.915,20.535,1.5,1.5,13,2,-0.025,0.0,0,1
422.8,49.958,55.92,20.595,1.5,1.5,13,2,-0.003,0.0,0,1
423.0,49.951,55.934,20.61,1.5,1.5,13,2,-0.007,0.0,0,1
423.2,49.943,55.927,20.695,1.5,1.5,13,2,-0.008,0.0,0,1
423.4,49.943,55.928,20.687,1.5,1.5,13,2,-0.0,0.0,0,1
423.6,49.934,55.928,20.724,1.5,1.5,13,2,-0.008,0.0,0,1
423.8,49.927,55.946,20.781,1.5,1.5,13,2,-0.007,0.0,0,1
424.0,49.915,55.954,20.897,1.5,1.5,13,2,-0.012,0.0,0,1
424.2,49.918,55.953,20.793,1.5,1.5,13,2,0.003,0.0,0,1
424.4,49.907,55.97,20.885,1.5,1.5,13,2,-0.011,0.0,0,1
424.6,49.889,55.982,21.066,1.5,1.5,13,2,-0.017,0.0,0,1
424.8,49.893,55.989,21.025,1.5,1.5,13,2,0.004,0.0,0,1
425.0,49.881,55.999,21.199,1.5,1.5,13,2,-0.013,0.0,0,1
425.2,49.874,56.012,21.247,1.5,1.5,13,2,-0.007,0.0,0,1
425.4,49.882,56.037,21.141,1.5,1.5,13,2,0.008,0.0,0,1
425.6,49.884,56.066,21.106,1.5,1.5,13,2,0.002,0.0,0,1
425.8,49.871,56.084,21.242,1.5,1.5,13,2,-0.013,0.0,0,1
426.0,49.855,56.103,21.41,1.5,1.5,13,2,-0.016,0.0,0,1
426.2,49.855,56.112,21.407,1.5,1.5,13,2,0.001,0.0,0,1
426.4,49.849,56.125,21.465,1.5,1.5,13,2,-0.007,0.0,0,1
426.6,49.843,56.129,21.528,1.5,1.5,13,2,-0.005,0.0,0,1
426.8,49.836,56.139,21.608,1.5,1.5,13,2,-0.008,0.0,0,1
427.0,49.823,56.16,21.801,1.5,1.5,13,2,-0.013,0.0,0,1
427.2,49.82,56.173,21.814,1.5,1.5,13,2,-0.003,0.0,0,1
427.4,49.824,56.173,21.773,1.5,1.5,13,2,0.004,0.0,0,1
427.6,49.825,56.18,21.709,1.5,1.5,13,2,0.0,0.0,0,1
427.8,49.821,56.18,21.727,1.5,1.5,13,2,-0.004,0.0,0,1
428.0,49.826,56.171,21.651,1.5,1.5,13,2,0.005,0.0,0,1
428.2,49.834,56.185,21.559,1.5,1.5,13,2,0.007,0.0,0,1
428.4,49.833,56.203,21.547,1.5,1.5,13,2,-0.001,0.0,0,1
428.6,49.836,56.207,21.549,1.5,1.5,13,2,0.003,0.0,0,1
428.8,49.832,56.212,21.595,1.5,1.5,13,2,-0.003,0.0,0,1
429.0,49.825,56.235,21.672,1.5,1.5,13,2,-0.007,0.0,0,1
429.2,49.832,56.241,21.616,1.5,1.5,13,2,0.006,0.0,0,1
429.4,49.84,56.238,21.527,1.5,1.5,13,2,0.008,0.0,0,1
429.6,49.85,56.24,21.47,1.5,1.5,13,2,0.01,0.0,0,1
429.8,49.846,56.244,21.558,1.5,1.5,13,2,-0.004,0.0,0,1
430.0,49.849,56.247,21.54,1.5,1.5,13,2,0.003,0.0,0,1
430.2,49.856,56.234,21.484,1.5,1.5,13,2,0.007,0.0,0,1
430.4,49.855,56.23,21.466,1.5,1.5,13,2,-0.001,0.0,0,1
430.6,49.856,56.216,21.411,1.5,1.5,13,2,0.002,0.0,0,1
430.8,49.86,56.211,21.407,1.5,1.5,13,2,0.004,0.0,0,1
431.0,49.866,56.216,21.351,1.5,1.5,13,2,0.006,0.0,0,1
431.2,49.888,56.204,21.136,1.5,1.5,13,2,0.022,0.0,0,1
431.4,49.897,56.199,21.01,1.5,1.5,13,2,0.009,0.0,0,1
431.6,49.897,56.186,20.994,1.5,1.5,13,2,-0.0,0.0,0,1
431.8,49.9,56.173,20.989,1.5,1.5,13,2,0.003,0.0,0,1
432.0,49.91,56.166,20.892,1.5,1.5,13,2,0.011,0.0,0,1
432.2,49.912,56.153,20.887,1.5,1.5,13,2,0.001,0.0,0,1
432.4,49.936,56.137,20.625,1.5,1.5,13,2,0.025,0.001,0,1
432.6,49.942,56.115,20.509,1.5,1.5,13,2,0.005,0.001,0,1
432.8,49.95,56.097,20.456,1.5,1.5,13,2,0.008,0.001,0,1
433.0,49.963,56.083,20.328,1.5,1.5,13,2,0.014,0.001,0,1
433.2,49.967,56.065,20.305,1.5,1.5,13,2,0.004,0.001,0,1
433.4,49.957,56.056,20.417,1.5,1.5,13,2,-0.01,0.001,0,1
433.6,49.972,56.047,20.238,1.5,1.5,13,2,0.015,0.001,0,1
433.8,49.974,56.034,20.22,1.5,1.5,13,2,0.002,0.0,0,1
434.0,49.968,56.027,20.289,1.5,1.5,13,2,-0.006,0.0,0,1
434.2,49.965,56.023,20.379,1.5,1.5,13,2,-0.003,0.0,0,1
434.4,49.961,56.009,20.418,1.5,1.5,13,2,-0.005,0.0,0,1
434.6,49.972,56.003,20.338,1.5,1.5,13,2,0.011,0.0,0,1
434.8,49.962,55.999,20.401,1.5,1.5,13,2,-0.01,0.0,0,1
435.0,49.959,55.991,20.417,1.5,1.5,13,2,-0.002,0.0,0,1
435.2,49.973,55.989,20.264,1.5,1.5,13,2,0.014,0.0,0,1
435.4,49.976,55.978,20.202,1.5,1.5,13,2,0.003,0.0,0,1
435.6,49.981,55.976,20.109,1.5,1.5,13,2,0.005,0.0,0,1
435.8,49.994,55.976,19.961,1.5,1.5,13,2,0.013,0.0,0,1
436.0,49.989,55.995,20.036,1.5,1.5,13,2,-0.005,0.0,0,1
436.2,49.988,56.012,20.068,1.5,1.5,13,2,-0.001,0.0,0,1
436.4,49.981,56.021,20.137,1.5,1.5,13,2,-0.007,0.0,0,1
436.6,49.985,56.013,20.121,1.5,1.5,13,2,0.003,0.0,0,1
436.8,49.98,56.036,20.135,1.5,1.5,13,2,-0.004,0.0,0,1
437.0,49.978,56.058,20.174,1.5,1.5,13,2,-0.003,0.0,0,1
437.2,49.98,56.08,20.205,1.5,1.5,13,2,0.002,0.0,0,1
437.4,49.976,56.09,20.164,1.5,1.5,13,2,-0.004,0.0,0,1
437.6,49.977,56.095,20.141,1.5,1.5,13,2,0.001,0.0,0,1
437.8,49.98,56.104,20.098,1.5,1.5,13,2,0.004,0.0,0,1
438.0,49.99,56.121,19.983,1.5,1.5,13,2,0.009,0.0,0,1
438.2,49.991,56.137,19.974,1.5,1.5,13,2,0.001,0.0,0,1
438.4,49.987,56.146,20.007,1.5,1.5,13,2,-0.004,0.0,0,1
438.6,49.964,56.157,20.251,1.5,1.5,13,2,-0.024,0.0,0,1
438.8,49.974,56.177,20.157,1.5,1.5,13,2,0.01,0.0,0,1
439.0,49.982,56.204,20.01,1.5,1.5,13,2,0.008,0.0,0,1
439.2,49.974,56.215,20.125,1.5,1.5,13,2,-0.007,0.0,0,1
439.4,49.973,56.229,20.148,1.5,1.5,13,2,-0.001,0.0,0,1
439.6,49.962,56.235,20.289,1.5,1.5,13,2,-0.012,0.0,0,1
439.8,49.974,56.24,20.165,1.5,1.5,13,2,0.012,0.0,0,1
440.0,49.976,56.241,20.096,1.5,1.5,13,2,0.003,0.0,0,1
440.2,49.97,56.264,20.207,1.5,1.5,13,2,-0.006,0.0,0,1
440.4,49.961,56.282,20.272,1.5,1.5,13,2,-0.009,0.0,0,1
440.6,49.955,56.302,20.311,1.5,1.5,13,2,-0.005,0.0,0,1
440.8,49.962,56.313,20.193,1.5,1.5,13,2,0.006,0.0,0,1
441.0,49.951,56.329,20.292,1.5,1.5,13,2,-0.011,0.0,0,1
441.2,49.952,56.343,20.301,1.5,1.5,13,2,0.001,0.0,0,1
441.4,49.948,56.361,20.366,1.5,1.5,13,2,-0.004,0.0,0,1
441.6,49.941,56.378,20.399,1.5,1.5,13,2,-0.007,0.0,0,1
441.8,49.938,56.399,20.415,1.5,1.5,13,2,-0.004,0.0,0,1
442.0,49.939,56.396,20.41,1.5,1.5,13,2,0.001,0.0,0,1
442.2,49.94,56.394,20.359,1.5,1.5,13,2,0.001,0.0,0,1
442.4,49.951,56.376,20.245,1.5,1.5,13,2,0.011,0.0,0,1
442.6,49.949,56.371,20.288,1.5,1.5,13,2,-0.002,0.0,0,1
442.8,49.94,56.37,20.396,1.5,1.5,13,2,-0.008,0.0,0,1
443.0,49.941,56.363,20.372,1.5,1.5,13,2,0.001,0.0,0,1
443.2,49.944,56.347,20.347,1.5,1.5,13,2,0.002,0.0,0,1
443.4,49.94,56.35,20.383,1.5,1.5,13,2,-0.003,0.0,0,1
443.6,49.932,56.363,20.456,1.5,1.5,13,2,-0.009,0.0,0,1
443.8,49.936,56.36,20.425,1.5,1.5,13,2,0.004,0.0,0,1
444.0,49.931,56.341,20.498,1.5,1.5,13,2,-0.005,0.0,0,1
444.2,49.935,56.319,20.511,1.5,1.5,13,2,0.005,0.0,0,1
444.4,49.942,56.323,20.457,1.5,1.5,13,2,0.006,0.0,0,1
444.6,49.939,56.316,20.574,1.5,1.5,13,2,-0.003,0.0,0,1
444.8,49.964,56.319,20.312,1.5,1.5,13,2,0.025,0.0,0,1
445.0,49.984,56.328,20.133,1.5,1.5,13,2,0.02,0.0,0,1
445.2,49.978,56.326,20.244,1.5,1.5,13,2,-0.005,0.0,0,1
445.4,49.974,56.307,20.315,1.5,1.5,13,2,-0.004,0.0,0,1
445.6,49.991,56.287,20.155,1.5,1.5,13,2,0.017,0.0,0,1
445.8,50.004,56.249,20.03,1.5,1.5,13,2,0.013,0.001,0,1
446.0,49.991,56.24,20.206,1.5,1.5,13,2,-0.013,0.001,0,1
446.2,49.985,56.234,20.22,1.5,1.5,13,2,-0.006,0.0,0,1
446.4,49.983,56.213,20.232,1.5,1.5,13,2,-0.002,0.0,0,1
446.6,49.989,56.202,20.167,1.5,1.5,13,2,0.006,0.0,0,1
446.8,49.999,56.194,19.984,1.5,1.5,13,2,0.011,0.0,0,1
447.0,50.004,56.178,19.96,1.5,1.5,13,2,0.005,0.0,0,1
447.2,50.002,56.172,19.977,1.5,1.5,13,2,-0.002,0.0,0,1
447.4,49.994,56.165,20.099,1.5,1.5,13,2,-0.008,0.0,0,1
447.6,49.996,56.157,20.077,1.5,1.5,13,2,0.002,0.0,0,1
447.8,49.996,56.15,20.057,1.5,1.5,13,2,0.0,0.0,0,1
448.0,49.987,56.137,20.143,1.5,1.5,13,2,-0.009,0.0,0,1
448.2,50.002,56.121,19.919,1.5,1.5,13,2,0.015,0.0,0,1
448.4,50.012,56.107,19.845,1.5,1.5,13,2,0.01,0.0,0,1
448.6,50.015,56.106,19.796,1.5,1.5,13,2,0.002,0.0,0,1
448.8,50.012,56.098,19.884,1.5,1.5,13,2,-0.002,0.0,0,1
449.0,50.019,56.095,19.794,1.5,1.5,13,2,0.007,0.0,0,1
449.2,50.025,56.095,19.704,1.5,1.5,13,2,0.006,0.0,0,1
449.4,50.026,56.098,19.747,1.5,1.5,13,2,0.001,0.0,0,1
449.6,50.044,56.087,19.533,1.5,1.5,13,2,0.017,0.0,0,1
449.8,50.051,56.074,19.449,1.5,1.5,13,2,0.007,0.0,0,1
450.0,50.056,56.073,19.403,1.5,1.5,13,2,0.005,0.0,0,1
450.2,50.06,56.067,19.371,1.5,1.5,13,2,0.004,0.0,0,1
450.4,50.063,56.06,19.335,1.5,1.5,13,2,0.002,0.0,0,1
450.6,50.07,56.046,19.3,1.5,1.5,13,2,0.007,0.0,0,1
450.8,50.066,56.046,19.349,1.5,1.5,13,2,-0.004,0.0,0,1
451.0,50.056,56.043,19.497,1.5,1.5,13,2,-0.01,0.0,0,1
451.2,50.06,56.042,19.43,1.5,1.5,13,2,0.004,0.0,0,1
451.4,50.061,56.036,19.406,1.5,1.5,13,2,0.001,0.0,0,1
451.6,50.056,56.048,19.513,1.5,1.5,13,2,-0.005,0.0,0,1
451.8,50.056,56.054,19.575,1.5,1.5,13,2,-0.0,0.0,0,1
452.0,50.048,56.058,19.692,1.5,1.5,13,2,-0.008,0.0,0,1
452.2,50.043,56.032,19.762,1.5,1.5,13,2,-0.006,0.0,0,1
452.4,50.04,56.045,19.817,1.5,1.5,13,2,-0.003,0.0,0,1
452.6,50.048,56.057,19.686,1.5,1.5,13,2,0.008,0.0,0,1
452.8,50.042,56.051,19.746,1.5,1.5,13,2,-0.006,0.0,0,1
453.0,50.029,56.04,19.882,1.5,1.5,13,2,-0.013,0.0,0,1
453.2,50.027,56.042,19.927,1.5,1.5,13,2,-0.002,0.0,0,1
453.4,50.036,56.051,19.819,1.5,1.5,13,2,0.009,0.0,0,1
453.6,50.041,56.043,19.754,1.5,1.5,13,2,0.005,0.0,0,1
453.8,50.05,56.032,19.628,1.5,1.5,13,2,0.009,0.0,0,1
454.0,50.048,56.029,19.628,1.5,1.5,13,2,-0.003,0.0,0,1
454.2,50.052,56.04,19.616,1.5,1.5,13,2,0.004,0.0,0,1
454.4,50.047,56.039,19.65,1.5,1.5,13,2,-0.005,0.0,0,1
454.6,50.054,56.045,19.571,1.5,1.5,13,2,0.007,0.0,0,1
454.8,50.047,56.041,19.706,1.5,1.5,13,2,-0.006,0.0,0,1
455.0,50.059,56.033,19.546,1.5,1.5,13,2,0.012,0.0,0,1
455.2,50.053,56.026,19.615,1.5,1.5,13,2,-0.006,0.0,0,1
455.4,50.059,56.011,19.556,1.5,1.5,13,2,0.006,0.0,0,1
455.6,50.041,56.02,19.75,1.5,1.5,13,2,-0.018,0.0,0,1
