fix_time,mean_snr,max_snr,var_snr,hdop,pdop,tracked_satellites,fix_quality,delta_mean_snr,rolling_var_snr,spoof_flag_raw,known_spoof_window
26.8,46.691,52.192,25.991,1.5,1.5,14,2,0.0,0.0,0,0
27.0,46.675,52.191,26.275,1.5,1.5,14,2,-0.017,0.0,0,0
27.2,46.662,52.18,26.32,1.5,1.5,14,2,-0.013,0.0,0,0
27.4,46.664,52.202,26.476,1.5,1.5,14,2,0.002,0.0,0,0
27.6,46.67,52.204,26.379,1.5,1.5,14,2,0.006,0.0,0,0
27.8,46.663,52.209,26.495,1.5,1.5,14,2,-0.007,0.0,0,0
28.0,46.661,52.205,26.392,1.5,1.5,14,2,-0.002,0.0,0,0
28.2,46.672,52.203,26.317,1.5,1.5,14,2,0.011,0.0,0,0
28.4,46.682,52.208,26.19,1.5,1.5,14,2,0.01,0.0,0,0
28.6,46.685,52.205,26.041,1.5,1.5,14,2,0.003,0.0,0,0
28.8,46.684,52.208,26.131,1.5,1.5,14,2,-0.001,0.0,0,0
29.0,46.688,52.198,26.003,1.5,1.5,14,2,0.004,0.0,0,0
29.2,46.686,52.191,26.106,1.5,1.5,14,2,-0.001,0.0,0,0
29.4,46.681,52.194,26.166,1.5,1.5,14,2,-0.006,0.0,0,0
29.6,46.678,52.194,26.09,1.5,1.5,14,2,-0.003,0.0,0,0
29.8,46.682,52.197,26.115,1.5,1.5,14,2,0.004,0.0,0,0
30.0,46.693,52.187,25.866,1.5,1.5,14,2,0.011,0.0,0,0
30.2,46.692,52.178,25.952,1.5,1.5,14,2,-0.001,0.0,0,0
30.4,46.684,52.172,26.02,1.5,1.5,14,2,-0.007,0.0,0,0
30.6,46.681,52.166,26.106,1.5,1.5,14,2,-0.003,0.0,0,0
30.8,46.676,52.166,26.094,1.5,1.5,14,2,-0.006,0.0,0,0
31.0,46.67,52.18,26.199,1.5,1.5,14,2,-0.006,0.0,0,0
31.2,46.662,52.163,26.138,1.5,1.5,14,2,-0.008,0.0,0,0
31.4,46.637,52.148,26.198,1.5,1.5,14,2,-0.025,0.0,0,0
31.6,46.629,52.15,26.352,1.5,1.5,14,2,-0.008,0.0,0,0
31.8,46.627,52.145,26.371,1.5,1.5,14,2,-0.002,0.001,0,0
32.0,46.631,52.137,26.212,1.5,1.5,14,2,0.004,0.001,0,0
32.2,46.616,52.14,26.361,1.5,1.5,14,2,-0.015,0.001,0,0
32.4,46.603,52.137,26.418,1.5,1.5,14,2,-0.013,0.001,0,0
32.6,46.601,52.137,26.429,1.5,1.5,14,2,-0.001,0.001,0,0
32.8,46.604,52.134,26.337,1.5,1.5,14,2,0.002,0.001,0,0
33.0,46.607,52.133,26.113,1.5,1.5,14,2,0.003,0.0,0,0
33.2,46.619,52.13,26.032,1.5,1.5,14,2,0.012,0.0,0,0
33.4,46.617,52.113,25.825,1.5,1.5,14,2,-0.002,0.0,0,0
33.6,46.621,52.107,25.741,1.5,1.5,14,2,0.005,0.0,0,0
33.8,46.627,52.075,25.566,1.5,1.5,14,2,0.006,0.0,0,0
34.0,46.618,52.067,25.464,1.5,1.5,14,2,-0.009,0.0,0,0
34.2,46.62,52.051,25.349,1.5,1.5,14,2,0.002,0.0,0,0
34.4,46.634,52.025,25.08,1.5,1.5,14,2,0.014,0.0,0,0
34.6,46.647,52.013,24.82,1.5,1.5,14,2,0.012,0.0,0,0
34.8,46.649,52.003,24.691,1.5,1.5,14,2,0.002,0.0,0,0
35.0,46.642,51.992,24.635,1.5,1.5,14,2,-0.007,0.0,0,0
35.2,46.654,51.986,24.445,1.5,1.5,14,2,0.012,0.0,0,0
35.4,46.645,51.976,24.463,1.5,1.5,14,2,-0.008,0.0,0,0
35.6,46.646,51.953,24.49,1.5,1.5,14,2,0.0,0.0,0,0
35.8,46.651,51.943,24.476,1.5,1.5,14,2,0.005,0.0,0,0
36.0,46.652,51.928,24.478,1.5,1.5,14,2,0.001,0.0,0,0
36.2,46.653,51.912,24.246,1.5,1.5,14,2,0.001,0.0,0,0
36.4,46.653,51.904,24.16,1.5,1.5,14,2,0.0,0.0,0,0
36.6,46.669,51.885,23.983,1.5,1.5,14,2,0.016,0.0,0,0
36.8,46.679,51.883,23.863,1.5,1.5,14,2,0.01,0.0,0,0
37.0,46.667,51.867,23.817,1.5,1.5,14,2,-0.012,0.0,0,0
37.2,46.681,51.863,23.569,1.5,1.5,14,2,0.014,0.0,0,0
37.4,46.69,51.855,23.497,1.5,1.5,14,2,0.009,0.0,0,0
37.6,46.699,51.841,23.338,1.5,1.5,14,2,0.009,0.0,0,0
37.8,46.712,51.834,23.214,1.5,1.5,14,2,0.014,0.0,0,0
38.0,46.714,51.822,23.169,1.5,1.5,14,2,0.002,0.0,0,0
38.2,46.714,51.816,23.095,1.5,1.5,14,2,0.0,0.0,0,0
38.4,46.715,51.8,23.019,1.5,1.5,14,2,0.001,0.0,0,0
38.6,46.726,51.803,22.986,1.5,1.5,14,2,0.011,0.0,0,0
38.8,46.721,51.791,23.043,1.5,1.5,14,2,-0.005,0.0,0,0
39.0,46.717,51.789,23.025,1.5,1.5,14,2,-0.004,0.0,0,0
39.2,46.714,51.799,23.153,1.5,1.5,14,2,-0.003,0.0,0,0
39.4,46.719,51.805,23.195,1.5,1.5,14,2,0.005,0.0,0,0
39.6,46.721,51.802,23.22,1.5,1.5,14,2,0.002,0.0,0,0
39.8,46.718,51.807,23.281,1.5,1.5,14,2,-0.004,0.0,0,0
40.0,46.721,51.815,23.403,1.5,1.5,14,2,0.004,0.0,0,0
40.2,46.712,51.814,23.632,1.5,1.5,14,2,-0.009,0.0,0,0
40.4,46.697,51.808,23.866,1.5,1.5,14,2,-0.014,0.0,0,0
40.6,46.687,51.817,24.0,1.5,1.5,14,2,-0.011,0.0,0,0
40.8,46.678,51.84,24.151,1.5,1.5,14,2,-0.009,0.0,0,0
41.0,46.666,51.841,24.292,1.5,1.5,14,2,-0.012,0.0,0,0
41.2,46.659,51.854,24.564,1.5,1.5,14,2,-0.008,0.001,0,0
41.4,46.666,51.862,24.508,1.5,1.5,14,2,0.007,0.001,0,0
41.6,46.658,51.873,24.723,1.5,1.5,14,2,-0.008,0.001,0,0
41.8,46.66,51.879,24.643,1.5,1.5,14,2,0.002,0.0,0,0
42.0,46.643,51.891,24.8,1.5,1.5,14,2,-0.017,0.0,0,0
42.2,46.646,51.904,24.908,1.5,1.5,14,2,0.003,0.0,0,0
42.4,46.642,51.914,24.936,1.5,1.5,14,2,-0.004,0.0,0,0
42.6,46.639,51.92,24.984,1.5,1.5,14,2,-0.004,0.0,0,0
42.8,46.63,51.921,25.028,1.5,1.5,14,2,-0.009,0.0,0,0
43.0,46.622,51.923,25.165,1.5,1.5,14,2,-0.007,0.0,0,0
43.2,46.634,51.932,25.048,1.5,1.5,14,2,0.011,0.0,0,0
43.4,46.627,51.955,25.08,1.5,1.5,14,2,-0.007,0.0,0,0
43.6,46.632,51.955,25.117,1.5,1.5,14,2,0.005,0.0,0,0
43.8,46.633,51.946,25.159,1.5,1.5,14,2,0.001,0.0,0,0
44.0,46.626,51.93,25.103,1.5,1.5,14,2,-0.007,0.0,0,0
44.2,46.624,51.923,25.021,1.5,1.5,14,2,-0.001,0.0,0,0
44.4,46.618,51.915,24.993,1.5,1.5,14,2,-0.006,0.0,0,0
44.6,46.615,51.908,24.906,1.5,1.5,14,2,-0.004,0.0,0,0
44.8,46.606,51.909,24.897,1.5,1.5,14,2,-0.008,0.0,0,0
45.0,46.607,51.9,24.682,1.5,1.5,14,2,0.001,0.0,0,0
45.2,46.609,51.9,24.63,1.5,1.5,14,2,0.002,0.0,0,0
45.4,46.618,51.911,24.515,1.5,1.5,14,2,0.009,0.0,0,0
45.6,46.631,51.912,24.409,1.5,1.5,14,2,0.013,0.0,0,0
45.8,46.624,51.918,24.373,1.5,1.5,14,2,-0.006,0.0,0,0
46.0,46.627,51.916,24.174,1.5,1.5,14,2,0.003,0.0,0,0
46.2,46.629,51.922,23.997,1.5,1.5,14,2,0.002,0.0,0,0
46.4,46.622,51.915,24.006,1.5,1.5,14,2,-0.007,0.0,0,0
46.6,46.627,51.922,24.058,1.5,1.5,14,2,0.005,0.0,0,0
46.8,46.619,51.926,24.128,1.5,1.5,14,2,-0.008,0.0,0,0
47.0,46.626,51.936,23.929,1.5,1.5,14,2,0.007,0.0,0,0
47.2,46.628,51.938,23.871,1.5,1.5,14,2,0.003,0.0,0,0
47.4,46.617,51.942,23.899,1.5,1.5,14,2,-0.012,0.0,0,0
47.6,46.609,51.951,23.932,1.5,1.5,14,2,-0.008,0.0,0,0
47.8,46.607,51.959,23.864,1.5,1.5,14,2,-0.002,0.0,0,0
48.0,46.604,51.973,23.944,1.5,1.5,14,2,-0.003,0.0,0,0
48.2,46.612,51.982,23.851,1.5,1.5,14,2,0.008,0.0,0,0
48.4,46.623,51.99,23.727,1.5,1.5,14,2,0.011,0.0,0,0
48.6,46.619,52.005,23.828,1.5,1.5,14,2,-0.004,0.0,0,0
48.8,46.626,52.015,23.756,1.5,1.5,14,2,0.007,0.0,0,0
49.0,46.635,52.038,23.58,1.5,1.5,14,2,0.009,0.0,0,0
49.2,46.635,52.049,23.612,1.5,1.5,14,2,-0.001,0.0,0,0
49.4,46.635,52.065,23.527,1.5,1.5,14,2,0.001,0.0,0,0
49.6,46.642,52.083,23.441,1.5,1.5,14,2,0.006,0.0,0,0
49.8,46.634,52.087,23.43,1.5,1.5,14,2,-0.008,0.0,0,0
50.0,46.641,52.102,23.284,1.5,1.5,14,2,0.007,0.0,0,0
50.2,46.642,52.108,23.2,1.5,1.5,14,2,0.001,0.0,0,0
50.4,46.651,52.114,23.108,1.5,1.5,14,2,0.009,0.0,0,0
50.6,46.654,52.118,22.897,1.5,1.5,14,2,0.002,0.0,0,0
50.8,46.661,52.124,22.785,1.5,1.5,14,2,0.007,0.0,0,0
51.0,46.663,52.136,22.562,1.5,1.5,14,2,0.002,0.0,0,0
51.2,46.671,52.133,22.484,1.5,1.5,14,2,0.008,0.0,0,0
51.4,46.666,52.136,22.371,1.5,1.5,14,2,-0.005,0.0,0,0
51.6,46.674,52.144,22.303,1.5,1.5,14,2,0.008,0.0,0,0
51.8,46.67,52.13,22.147,1.5,1.5,14,2,-0.004,0.0,0,0
52.0,46.687,52.123,22.001,1.5,1.5,14,2,0.017,0.0,0,0
52.2,46.692,52.11,21.902,1.5,1.5,14,2,0.005,0.0,0,0
52.4,46.69,52.107,21.843,1.5,1.5,14,2,-0.002,0.0,0,0
52.6,46.694,52.1,21.775,1.5,1.5,14,2,0.004,0.0,0,0
52.8,46.71,52.104,21.47,1.5,1.5,14,2,0.017,0.0,0,0
53.0,46.72,52.098,21.373,1.5,1.5,14,2,0.01,0.0,0,0
53.2,46.714,52.096,21.283,1.5,1.5,14,2,-0.007,0.0,0,0
53.4,46.724,52.088,21.205,1.5,1.5,14,2,0.01,0.0,0,0
53.6,46.738,52.088,21.054,1.5,1.5,14,2,0.014,0.0,0,0
53.8,46.74,52.07,20.83,1.5,1.5,14,2,0.002,0.0,0,0
54.0,46.744,52.068,20.794,1.5,1.5,14,2,0.005,0.0,0,0
54.2,46.743,52.047,20.667,1.5,1.5,14,2,-0.001,0.0,0,0
54.4,46.753,52.037,20.519,1.5,1.5,14,2,0.009,0.0,0,0
54.6,46.751,52.023,20.495,1.5,1.5,14,2,-0.002,0.0,0,0
54.8,46.764,52.012,20.377,1.5,1.5,14,2,0.013,0.0,0,0
55.0,46.773,52.007,20.21,1.5,1.5,14,2,0.009,0.0,0,0
55.2,46.781,51.992,20.128,1.5,1.5,14,2,0.008,0.0,0,0
55.4,46.789,51.975,19.982,1.5,1.5,14,2,0.007,0.0,0,0
55.6,46.791,51.965,19.962,1.5,1.5,14,2,0.002,0.0,0,0
55.8,46.793,51.951,19.924,1.5,1.5,14,2,0.002,0.0,0,0
56.0,46.8,51.929,19.79,1.5,1.5,14,2,0.006,0.0,0,0
56.2,46.802,51.92,19.745,1.5,1.5,14,2,0.002,0.0,0,0
56.4,46.798,51.905,19.71,1.5,1.5,14,2,-0.004,0.0,0,0
56.6,46.791,51.909,19.74,1.5,1.5,14,2,-0.006,0.0,0,0
56.8,46.807,51.905,19.673,1.5,1.5,14,2,0.016,0.0,0,0
57.0,46.806,51.886,19.669,1.5,1.5,14,2,-0.001,0.0,0,0
57.2,46.811,51.892,19.639,1.5,1.5,14,2,0.005,0.0,0,0
57.4,46.806,51.88,19.606,1.5,1.5,14,2,-0.006,0.0,0,0
57.6,46.799,51.861,19.685,1.5,1.5,14,2,-0.006,0.0,0,0
57.8,46.803,51.873,19.627,1.5,1.5,14,2,0.004,0.0,0,0
58.0,46.811,51.869,19.555,1.5,1.5,14,2,0.008,0.0,0,0
58.2,46.815,51.861,19.417,1.5,1.5,14,2,0.004,0.0,0,0
58.4,46.825,51.858,19.273,1.5,1.5,14,2,0.01,0.0,0,0
58.6,46.826,51.853,19.28,1.5,1.5,14,2,0.001,0.0,0,0
58.8,46.82,51.851,19.188,1.5,1.5,14,2,-0.006,0.0,0,0
59.0,46.818,51.839,19.245,1.5,1.5,14,2,-0.002,0.0,0,0
59.2,46.824,51.821,19.129,1.5,1.5,14,2,0.006,0.0,0,0
59.4,46.834,51.816,19.041,1.5,1.5,14,2,0.01,0.0,0,0
59.6,46.843,51.817,18.937,1.5,1.5,14,2,0.008,0.0,0,0
59.8,46.843,51.833,18.906,1.5,1.5,14,2,0.0,0.0,0,0
60.0,46.854,51.826,18.847,1.5,1.5,14,2,0.011,0.0,0,0
60.2,46.842,51.816,18.84,1.5,1.5,14,2,-0.012,0.0,0,0
60.4,46.849,51.821,18.821,1.5,1.5,14,2,0.007,0.0,0,0
60.6,46.837,51.819,18.821,1.5,1.5,14,2,-0.012,0.0,0,0
60.8,46.846,51.833,18.707,1.5,1.5,14,2,0.009,0.0,0,0
61.0,46.857,51.848,18.734,1.5,1.5,14,2,0.011,0.0,0,0
61.2,46.865,51.859,18.656,1.5,1.5,14,2,0.008,0.0,0,0
61.4,46.869,51.859,18.579,1.5,1.5,14,2,0.003,0.0,0,0
61.6,46.864,51.853,18.555,1.5,1.5,14,2,-0.005,0.0,0,0
61.8,46.863,51.851,18.48,1.5,1.5,14,2,-0.001,0.0,0,0
62.0,46.877,51.852,18.451,1.5,1.5,14,2,0.014,0.0,0,0
62.2,46.882,51.854,18.334,1.5,1.5,14,2,0.005,0.0,0,0
62.4,46.885,51.863,18.263,1.5,1.5,14,2,0.003,0.0,0,0
62.6,46.885,51.875,18.213,1.5,1.5,14,2,0.001,0.0,0,0
62.8,46.886,51.875,18.089,1.5,1.5,14,2,0.001,0.0,0,0
63.0,46.891,51.874,18.07,1.5,1.5,14,2,0.005,0.0,0,0
63.2,46.896,51.879,18.016,1.5,1.5,14,2,0.005,0.0,0,0
63.4,46.9,51.87,18.017,1.5,1.5,14,2,0.004,0.0,0,0
63.6,46.905,51.875,17.973,1.5,1.5,14,2,0.005,0.0,0,0
63.8,46.902,51.88,17.946,1.5,1.5,14,2,-0.003,0.0,0,0
64.0,46.906,51.885,17.831,1.5,1.5,14,2,0.004,0.0,0,0
64.2,46.893,51.89,17.786,1.5,1.5,14,2,-0.013,0.0,0,0
64.4,46.882,51.889,17.816,1.5,1.5,14,2,-0.012,0.0,0,0
64.6,46.88,51.882,17.773,1.5,1.5,14,2,-0.002,0.0,0,0
64.8,46.865,51.887,17.843,1.5,1.5,14,2,-0.015,0.0,0,0
65.0,46.867,51.882,17.868,1.5,1.5,14,2,0.003,0.0,0,0
65.2,46.865,51.869,17.829,1.5,1.5,14,2,-0.003,0.0,0,0
65.4,46.868,51.876,17.708,1.5,1.5,14,2,0.004,0.0,0,0
65.6,46.867,51.875,17.636,1.5,1.5,14,2,-0.002,0.0,0,0
65.8,46.863,51.864,17.591,1.5,1.5,14,2,-0.004,0.0,0,0
66.0,46.843,51.859,17.679,1.5,1.5,14,2,-0.02,0.0,0,0
66.2,46.838,51.853,17.633,1.5,1.5,14,2,-0.005,0.0,0,0
66.4,46.833,51.844,17.703,1.5,1.5,14,2,-0.005,0.0,0,0
66.6,46.823,51.836,17.717,1.5,1.5,14,2,-0.01,0.0,0,0
66.8,46.808,51.823,17.795,1.5,1.5,14,2,-0.015,0.0,0,0
67.0,46.807,51.819,17.794,1.5,1.5,14,2,-0.001,0.001,0,0
67.2,46.813,51.82,17.836,1.5,1.5,14,2,0.006,0.001,0,0
67.4,46.807,51.813,17.963,1.5,1.5,14,2,-0.006,0.0,0,0
67.6,46.812,51.814,18.001,1.5,1.5,14,2,0.005,0.0,0,0
67.8,46.817,51.825,18.042,1.5,1.5,14,2,0.006,0.0,0,0
68.0,46.813,51.819,18.161,1.5,1.5,14,2,-0.005,0.0,0,0
68.2,46.809,51.821,18.24,1.5,1.5,14,2,-0.004,0.0,0,0
68.4,46.811,51.827,18.312,1.5,1.5,14,2,0.002,0.0,0,0
68.6,46.82,51.822,18.356,1.5,1.5,14,2,0.009,0.0,0,0
68.8,46.824,51.825,18.348,1.5,1.5,14,2,0.004,0.0,0,0
69.0,46.821,51.826,18.361,1.5,1.5,14,2,-0.004,0.0,0,0
69.2,46.808,51.817,18.386,1.5,1.5,14,2,-0.012,0.0,0,0
69.4,46.796,51.818,18.298,1.5,1.5,14,2,-0.012,0.0,0,0
69.6,46.785,51.821,18.375,1.5,1.5,14,2,-0.011,0.0,0,0
69.8,46.786,51.829,18.461,1.5,1.5,14,2,0.002,0.0,0,0
70.0,46.761,51.829,18.561,1.5,1.5,14,2,-0.025,0.0,0,0
70.2,46.757,51.83,18.707,1.5,1.5,14,2,-0.005,0.001,0,0
70.4,46.75,51.829,18.838,1.5,1.5,14,2,-0.007,0.001,0,0
70.6,46.737,51.825,18.858,1.5,1.5,14,2,-0.013,0.001,0,0
70.8,46.737,51.83,18.969,1.5,1.5,14,2,0.001,0.001,0,0
71.0,46.73,51.828,19.165,1.5,1.5,14,2,-0.007,0.001,0,0
71.2,46.706,51.827,19.327,1.5,1.5,14,2,-0.024,0.001,0,0
71.4,46.693,51.83,19.576,1.5,1.5,14,2,-0.014,0.001,0,0
71.6,46.682,51.825,19.819,1.5,1.5,14,2,-0.011,0.001,0,0
71.8,46.662,51.826,20.089,1.5,1.5,14,2,-0.02,0.001,0,0
72.0,46.653,51.832,20.418,1.5,1.5,14,2,-0.008,0.001,0,0
72.2,46.633,51.851,20.849,1.5,1.5,14,2,-0.02,0.001,0,0
72.4,46.619,51.862,21.267,1.5,1.5,14,2,-0.015,0.002,0,0
72.6,46.603,51.864,21.727,1.5,1.5,14,2,-0.015,0.002,0,0
72.8,46.589,51.876,22.37,1.5,1.5,14,2,-0.015,0.002,0,0
73.0,46.567,51.88,22.886,1.5,1.5,14,2,-0.021,0.002,0,0
73.2,46.552,51.892,23.445,1.5,1.5,14,2,-0.015,0.002,0,0
73.4,46.526,51.896,24.147,1.5,1.5,14,2,-0.026,0.002,0,0
73.6,46.5,51.917,24.737,1.5,1.5,14,2,-0.026,0.003,0,0
73.8,46.464,51.925,25.534,1.5,1.5,14,2,-0.036,0.003,0,0
74.0,46.437,51.935,26.195,1.5,1.5,14,2,-0.028,0.004,0,0
74.2,46.412,51.944,27.096,1.5,1.5,14,2,-0.025,0.005,0,0
74.4,46.372,51.946,28.01,1.5,1.5,14,2,-0.039,0.006,0,0
74.6,46.333,51.958,29.15,1.5,1.5,14,2,-0.04,0.007,0,0
74.8,46.306,51.974,30.268,1.5,1.5,14,2,-0.026,0.007,0,0
75.0,46.288,51.982,31.455,1.5,1.5,14,2,-0.019,0.008,0,0
75.2,46.262,51.997,32.689,1.5,1.5,14,2,-0.026,0.008,0,0
75.4,46.222,51.999,33.954,1.5,1.5,14,2,-0.04,0.008,0,0
75.6,46.195,52.018,35.052,1.5,1.5,14,2,-0.027,0.007,0,0
75.8,46.157,52.03,36.363,1.5,1.5,14,2,-0.039,0.008,0,0
76.0,46.126,52.043,37.487,1.5,1.5,14,2,-0.031,0.008,0,0
76.2,46.097,52.036,38.169,1.5,1.5,14,2,-0.029,0.008,0,0
76.4,46.066,52.04,39.1,1.5,1.5,14,2,-0.031,0.008,0,0
76.6,46.021,52.049,40.486,1.5,1.5,14,2,-0.045,0.008,0,0
76.8,45.996,52.049,41.54,1.5,1.5,14,2,-0.025,0.009,0,0
77.0,45.974,52.041,42.256,1.5,1.5,14,2,-0.022,0.009,0,0
77.2,45.954,52.042,42.891,1.5,1.5,14,2,-0.02,0.008,0,0
77.4,45.956,52.045,43.184,1.5,1.5,14,2,0.002,0.007,0,0
77.6,45.963,52.058,43.332,1.5,1.5,14,2,0.007,0.005,0,0
77.8,45.983,52.069,42.942,1.5,1.5,14,2,0.021,0.003,0,0
78.0,46.004,52.079,42.416,1.5,1.5,14,2,0.02,0.002,0,0
78.2,46.02,52.088,41.679,1.5,1.5,14,2,0.016,0.001,0,0
78.4,46.041,52.079,40.951,1.5,1.5,14,2,0.021,0.001,0,0
78.6,46.082,52.079,39.353,1.5,1.5,14,2,0.041,0.002,0,0
78.8,46.118,52.084,38.445,1.5,1.5,14,2,0.036,0.003,0,0
79.0,46.163,52.075,37.167,1.5,1.5,14,2,0.045,0.005,0,0
79.2,46.173,52.059,36.765,1.5,1.5,14,2,0.009,0.006,0,0
79.4,46.188,52.045,36.2,1.5,1.5,14,2,0.016,0.006,0,0
79.6,46.193,52.035,35.82,1.5,1.5,14,2,0.005,0.006,0,0
79.8,46.221,52.02,34.968,1.5,1.5,14,2,0.028,0.006,0,0
80.0,46.246,52.006,33.951,1.5,1.5,14,2,0.025,0.005,0,0
80.2,46.274,51.997,33.136,1.5,1.5,14,2,0.028,0.005,0,0
80.4,46.311,51.984,32.329,1.5,1.5,14,2,0.036,0.004,0,0
80.6,46.32,51.969,31.996,1.5,1.5,14,2,0.01,0.004,0,0
80.8,46.355,51.959,31.411,1.5,1.5,14,2,0.034,0.004,0,0
81.0,46.37,51.951,30.954,1.5,1.5,14,2,0.015,0.005,0,0
81.2,46.378,51.921,30.4,1.5,1.5,14,2,0.008,0.005,0,0
81.4,46.388,51.893,30.09,1.5,1.5,14,2,0.01,0.004,0,0
81.6,46.407,51.875,29.389,1.5,1.5,14,2,0.019,0.004,0,0
81.8,46.415,51.853,29.136,1.5,1.5,14,2,0.008,0.003,0,0
82.0,46.438,51.837,28.562,1.5,1.5,14,2,0.024,0.002,0,0
82.2,46.458,51.814,28.193,1.5,1.5,14,2,0.02,0.002,0,0
82.4,46.472,51.786,27.793,1.5,1.5,14,2,0.014,0.002,0,0
82.6,46.484,51.76,27.25,1.5,1.5,14,2,0.012,0.002,0,0
82.8,46.486,51.745,27.21,1.5,1.5,14,2,0.002,0.002,0,0
83.0,46.506,51.713,26.765,1.5,1.5,14,2,0.02,0.002,0,0
83.2,46.513,51.693,26.448,1.5,1.5,14,2,0.007,0.002,0,0
83.4,46.526,51.686,26.102,1.5,1.5,14,2,0.013,0.001,0,0
83.6,46.53,51.672,25.986,1.5,1.5,14,2,0.005,0.001,0,0
83.8,46.543,51.675,25.815,1.5,1.5,14,2,0.012,0.001,0,0
84.0,46.556,51.668,25.479,1.5,1.5,14,2,0.014,0.001,0,0
84.2,46.563,51.667,25.296,1.5,1.5,14,2,0.006,0.001,0,0
84.4,46.569,51.664,25.118,1.5,1.5,14,2,0.006,0.001,0,0
84.6,46.574,51.658,24.718,1.5,1.5,14,2,0.005,0.001,0,0
84.8,46.59,51.66,24.356,1.5,1.5,14,2,0.017,0.001,0,0
85.0,46.596,51.66,24.136,1.5,1.5,14,2,0.006,0.001,0,0
85.2,46.611,51.659,23.855,1.5,1.5,14,2,0.015,0.001,0,0
85.4,46.625,51.678,23.694,1.5,1.5,14,2,0.014,0.001,0,0
85.6,46.639,51.689,23.359,1.5,1.5,14,2,0.014,0.001,0,0
85.8,46.663,51.685,23.047,1.5,1.5,14,2,0.024,0.001,0,0
86.0,46.665,51.683,22.909,1.5,1.5,14,2,0.002,0.001,0,0
86.2,46.695,51.679,22.601,1.5,1.5,14,2,0.031,0.002,0,0
86.4,46.704,51.686,22.519,1.5,1.5,14,2,0.009,0.002,0,0
86.6,46.709,51.693,22.569,1.5,1.5,14,2,0.005,0.002,0,0
86.8,46.711,51.704,22.483,1.5,1.5,14,2,0.002,0.002,0,0
87.0,46.727,51.717,22.427,1.5,1.5,14,2,0.016,0.001,0,0
87.2,46.729,51.726,22.346,1.5,1.5,14,2,0.002,0.001,0,0
87.4,46.745,51.748,22.275,1.5,1.5,14,2,0.016,0.001,0,0
87.6,46.739,51.754,22.261,1.5,1.5,14,2,-0.006,0.001,0,0
87.8,46.756,51.765,22.032,1.5,1.5,14,2,0.016,0.001,0,0
88.0,46.753,51.765,22.006,1.5,1.5,14,2,-0.003,0.0,0,0
88.2,46.748,51.76,21.961,1.5,1.5,14,2,-0.005,0.0,0,0
88.4,46.749,51.783,21.856,1.5,1.5,14,2,0.002,0.0,0,0
88.6,46.748,51.781,21.82,1.5,1.5,14,2,-0.001,0.0,0,0
88.8,46.749,51.775,21.775,1.5,1.5,14,2,0.001,0.0,0,0
89.0,46.746,51.788,21.714,1.5,1.5,14,2,-0.002,0.0,0,0
89.2,46.75,51.787,21.567,1.5,1.5,14,2,0.003,0.0,0,0
89.4,46.765,51.794,21.38,1.5,1.5,14,2,0.015,0.0,0,0
89.6,46.768,51.808,21.212,1.5,1.5,14,2,0.004,0.0,0,0
89.8,46.762,51.812,21.117,1.5,1.5,14,2,-0.007,0.0,0,0
90.0,46.774,51.821,20.92,1.5,1.5,14,2,0.012,0.0,0,0
90.2,46.785,51.829,20.821,1.5,1.5,14,2,0.011,0.0,0,0
90.4,46.787,51.834,20.682,1.5,1.5,14,2,0.002,0.0,0,0
90.6,46.792,51.843,20.661,1.5,1.5,14,2,0.005,0.0,0,0
90.8,46.791,51.844,20.472,1.5,1.5,14,2,-0.001,0.0,0,0
91.0,46.789,51.847,20.351,1.5,1.5,14,2,-0.002,0.0,0,0
91.2,46.785,51.843,20.208,1.5,1.5,14,2,-0.004,0.0,0,0
91.4,46.788,51.839,20.001,1.5,1.5,14,2,0.002,0.0,0,0
91.6,46.798,51.847,19.895,1.5,1.5,14,2,0.011,0.0,0,0
91.8,46.804,51.848,19.784,1.5,1.5,14,2,0.005,0.0,0,0
92.0,46.802,51.846,19.737,1.5,1.5,14,2,-0.002,0.0,0,0
92.2,46.805,51.861,19.744,1.5,1.5,14,2,0.004,0.0,0,0
92.4,46.816,51.865,19.693,1.5,1.5,14,2,0.01,0.0,0,0
92.6,46.82,51.873,19.511,1.5,1.5,14,2,0.004,0.0,0,0
92.8,46.824,51.867,19.445,1.5,1.5,14,2,0.004,0.0,0,0
93.0,46.822,51.88,19.456,1.5,1.5,14,2,-0.002,0.0,0,0
93.2,46.827,51.889,19.45,1.5,1.5,14,2,0.006,0.0,0,0
93.4,46.828,51.881,19.519,1.5,1.5,14,2,0.001,0.0,0,0
93.6,46.815,51.879,19.428,1.5,1.5,14,2,-0.012,0.0,0,0
93.8,46.803,51.868,19.473,1.5,1.5,14,2,-0.012,0.0,0,0
94.0,46.806,51.862,19.342,1.5,1.5,14,2,0.003,0.0,0,0
94.2,46.803,51.857,19.223,1.5,1.5,14,2,-0.003,0.0,0,0
94.4,46.82,51.853,19.126,1.5,1.5,14,2,0.017,0.0,0,0
94.6,46.828,51.845,19.066,1.5,1.5,14,2,0.007,0.0,0,0
94.8,46.829,51.848,18.975,1.5,1.5,14,2,0.001,0.0,0,0
95.0,46.819,51.831,19.001,1.5,1.5,14,2,-0.01,0.0,0,0
95.2,46.828,51.825,18.785,1.5,1.5,14,2,0.009,0.0,0,0
95.4,46.832,51.816,18.686,1.5,1.5,14,2,0.004,0.0,0,0
95.6,46.824,51.821,18.733,1.5,1.5,14,2,-0.009,0.0,0,0
95.8,46.821,51.817,18.686,1.5,1.5,14,2,-0.002,0.0,0,0
96.0,46.824,51.82,18.673,1.5,1.5,14,2,0.003,0.0,0,0
96.2,46.82,51.825,18.792,1.5,1.5,14,2,-0.004,0.0,0,0
96.4,46.813,51.835,18.798,1.5,1.5,14,2,-0.008,0.0,0,0
96.6,46.815,51.839,18.776,1.5,1.5,14,2,0.002,0.0,0,0
96.8,46.822,51.836,18.687,1.5,1.5,14,2,0.007,0.0,0,0
97.0,46.822,51.842,18.609,1.5,1.5,14,2,-0.0,0.0,0,0
97.2,46.831,51.856,18.673,1.5,1.5,14,2,0.01,0.0,0,0
97.4,46.843,51.874,18.723,1.5,1.5,14,2,0.012,0.0,0,0
97.6,46.846,51.881,18.677,1.5,1.5,14,2,0.003,0.0,0,0
97.8,46.846,51.896,18.678,1.5,1.5,14,2,-0.0,0.0,0,0
98.0,46.854,51.908,18.761,1.5,1.5,14,2,0.008,0.0,0,0
98.2,46.854,51.909,18.756,1.5,1.5,14,2,0.0,0.0,0,0
98.4,46.86,51.918,18.731,1.5,1.5,14,2,0.006,0.0,0,0
98.6,46.861,51.922,18.812,1.5,1.5,14,2,0.0,0.0,0,0
98.8,46.869,51.935,18.812,1.5,1.5,14,2,0.009,0.0,0,0
99.0,46.854,51.943,18.889,1.5,1.5,14,2,-0.015,0.0,0,0
99.2,46.849,51.952,18.967,1.5,1.5,14,2,-0.006,0.0,0,0
99.4,46.841,51.955,19.079,1.5,1.5,14,2,-0.008,0.0,0,0
99.6,46.817,51.944,19.142,1.5,1.5,14,2,-0.024,0.0,0,0
99.8,46.81,51.948,19.28,1.5,1.5,14,2,-0.007,0.0,0,0
100.0,46.81,51.946,19.384,1.5,1.5,14,2,0.0,0.0,0,0
100.2,46.803,51.955,19.557,1.5,1.5,14,2,-0.007,0.001,0,0
100.4,46.79,51.947,19.692,1.5,1.5,14,2,-0.013,0.001,0,0
100.6,46.76,51.94,19.907,1.5,1.5,14,2,-0.03,0.001,0,0
100.8,46.754,51.928,20.023,1.5,1.5,14,2,-0.006,0.001,0,0
101.0,46.748,51.92,20.194,1.5,1.5,14,2,-0.006,0.001,0,0
101.2,46.733,51.91,20.369,1.5,1.5,14,2,-0.015,0.001,0,0
101.4,46.732,51.895,20.406,1.5,1.5,14,2,-0.001,0.001,0,0
101.6,46.721,51.886,20.524,1.5,1.5,14,2,-0.011,0.001,0,0
101.8,46.712,51.881,20.613,1.5,1.5,14,2,-0.009,0.001,0,0
102.0,46.704,51.875,20.82,1.5,1.5,14,2,-0.008,0.001,0,0
102.2,46.692,51.868,21.006,1.5,1.5,14,2,-0.011,0.001,0,0
102.4,46.681,51.869,21.102,1.5,1.5,14,2,-0.011,0.001,0,0
102.6,46.679,51.869,21.214,1.5,1.5,14,2,-0.002,0.001,0,0
102.8,46.672,51.86,21.329,1.5,1.5,14,2,-0.007,0.001,0,0
103.0,46.659,51.849,21.345,1.5,1.5,14,2,-0.013,0.001,0,0
103.2,46.649,51.846,21.547,1.5,1.5,14,2,-0.01,0.001,0,0
103.4,46.657,51.831,21.577,1.5,1.5,14,2,0.008,0.001,0,0
103.6,46.652,51.817,21.528,1.5,1.5,14,2,-0.004,0.0,0,0
103.8,46.657,51.806,21.454,1.5,1.5,14,2,0.005,0.0,0,0
104.0,46.654,51.804,21.515,1.5,1.5,14,2,-0.003,0.0,0,0
104.2,46.667,51.809,21.442,1.5,1.5,14,2,0.013,0.0,0,0
104.4,46.682,51.814,21.422,1.5,1.5,14,2,0.015,0.0,0,0
104.6,46.682,51.817,21.628,1.5,1.5,14,2,-0.0,0.0,0,0
104.8,46.682,51.82,21.631,1.5,1.5,14,2,-0.0,0.0,0,0
105.0,46.687,51.83,21.646,1.5,1.5,14,2,0.005,0.0,0,0
105.2,46.692,51.832,21.671,1.5,1.5,14,2,0.006,0.0,0,0
105.4,46.693,51.821,21.717,1.5,1.5,14,2,0.0,0.0,0,0
105.6,46.691,51.826,21.71,1.5,1.5,14,2,-0.002,0.0,0,0
105.8,46.685,51.83,21.76,1.5,1.5,14,2,-0.006,0.0,0,0
106.0,46.686,51.829,21.84,1.5,1.5,14,2,0.001,0.0,0,0
106.2,46.693,51.822,21.864,1.5,1.5,14,2,0.007,0.0,0,0
106.4,46.69,51.827,21.973,1.5,1.5,14,2,-0.003,0.0,0,0
106.6,46.677,51.825,22.086,1.5,1.5,14,2,-0.013,0.0,0,0
106.8,46.675,51.831,22.159,1.5,1.5,14,2,-0.002,0.0,0,0
107.0,46.669,51.827,22.254,1.5,1.5,14,2,-0.005,0.0,0,0
107.2,46.663,51.823,22.426,1.5,1.5,14,2,-0.007,0.0,0,0
107.4,46.66,51.821,22.423,1.5,1.5,14,2,-0.003,0.0,0,0
107.6,46.652,51.822,22.541,1.5,1.5,14,2,-0.007,0.0,0,0
107.8,46.638,51.832,22.669,1.5,1.5,14,2,-0.015,0.0,0,0
108.0,46.636,51.831,22.824,1.5,1.5,14,2,-0.002,0.0,0,0
108.2,46.624,51.823,22.84,1.5,1.5,14,2,-0.012,0.0,0,0
108.4,46.617,51.812,22.821,1.5,1.5,14,2,-0.007,0.0,0,0
108.6,46.6,51.805,23.005,1.5,1.5,14,2,-0.017,0.001,0,0
108.8,46.592,51.816,23.102,1.5,1.5,14,2,-0.008,0.001,0,0
109.0,46.612,51.83,23.116,1.5,1.5,14,2,0.02,0.001,0,0
109.2,46.601,51.83,23.135,1.5,1.5,14,2,-0.011,0.0,0,0
109.4,46.608,51.832,22.987,1.5,1.5,14,2,0.007,0.0,0,0
109.6,46.609,51.833,23.114,1.5,1.5,14,2,0.002,0.0,0,0
109.8,46.604,51.822,23.013,1.5,1.5,14,2,-0.005,0.0,0,0
110.0,46.609,51.82,22.882,1.5,1.5,14,2,0.005,0.0,0,0
110.2,46.627,51.821,22.598,1.5,1.5,14,2,0.018,0.0,0,0
110.4,46.627,51.814,22.498,1.5,1.5,14,2,0.0,0.0,0,0
110.6,46.643,51.821,22.419,1.5,1.5,14,2,0.015,0.0,0,0
110.8,46.646,51.823,22.381,1.5,1.5,14,2,0.003,0.0,0,0
111.0,46.654,51.821,22.308,1.5,1.5,14,2,0.008,0.0,0,0
111.2,46.656,51.815,22.296,1.5,1.5,14,2,0.001,0.0,0,0
111.4,46.659,51.817,22.227,1.5,1.5,14,2,0.003,0.0,0,0
111.6,46.66,51.81,22.308,1.5,1.5,14,2,0.001,0.0,0,0
111.8,46.658,51.804,22.28,1.5,1.5,14,2,-0.002,0.0,0,0
112.0,46.66,51.818,22.353,1.5,1.5,14,2,0.002,0.0,0,0
112.2,46.649,51.822,22.312,1.5,1.5,14,2,-0.011,0.0,0,0
112.4,46.658,51.824,22.346,1.5,1.5,14,2,0.009,0.0,0,0
112.6,46.641,51.828,22.419,1.5,1.5,14,2,-0.017,0.0,0,0
112.8,46.634,51.808,22.492,1.5,1.5,14,2,-0.007,0.0,0,0
113.0,46.624,51.816,22.634,1.5,1.5,14,2,-0.01,0.0,0,0
113.2,46.61,51.8,22.716,1.5,1.5,14,2,-0.014,0.0,0,0
113.4,46.608,51.793,22.819,1.5,1.5,14,2,-0.002,0.0,0,0
113.6,46.601,51.785,22.973,1.5,1.5,14,2,-0.007,0.0,0,0
113.8,46.59,51.773,23.201,1.5,1.5,14,2,-0.011,0.001,0,0
114.0,46.58,51.777,23.359,1.5,1.5,14,2,-0.01,0.001,0,0
114.2,46.575,51.764,23.57,1.5,1.5,14,2,-0.005,0.001,0,0
114.4,46.565,51.752,23.589,1.5,1.5,14,2,-0.01,0.001,0,0
114.6,46.566,51.744,23.758,1.5,1.5,14,2,0.002,0.001,0,0
114.8,46.561,51.724,23.875,1.5,1.5,14,2,-0.006,0.0,0,0
115.0,46.565,51.715,23.716,1.5,1.5,14,2,0.004,0.0,0,0
115.2,46.567,51.698,23.826,1.5,1.5,14,2,0.001,0.0,0,0
115.4,46.554,51.67,23.947,1.5,1.5,14,2,-0.013,0.0,0,0
115.6,46.553,51.647,23.948,1.5,1.5,14,2,-0.001,0.0,0,0
115.8,46.543,51.632,24.094,1.5,1.5,14,2,-0.01,0.0,0,0
116.0,46.546,51.608,24.081,1.5,1.5,14,2,0.003,0.0,0,0
116.2,46.554,51.591,23.924,1.5,1.5,14,2,0.008,0.0,0,0
116.4,46.56,51.568,23.903,1.5,1.5,14,2,0.006,0.0,0,0
116.6,46.56,51.548,23.791,1.5,1.5,14,2,-0.0,0.0,0,0
116.8,46.568,51.534,23.762,1.5,1.5,14,2,0.009,0.0,0,0
117.0,46.569,51.514,23.584,1.5,1.5,14,2,0.001,0.0,0,0
117.2,46.573,51.494,23.416,1.5,1.5,14,2,0.004,0.0,0,0
117.4,46.581,51.475,23.365,1.5,1.5,14,2,0.008,0.0,0,0
117.6,46.577,51.453,23.358,1.5,1.5,14,2,-0.004,0.0,0,0
117.8,46.58,51.447,23.332,1.5,1.5,14,2,0.004,0.0,0,0
118.0,46.58,51.439,23.403,1.5,1.5,14,2,0.0,0.0,0,0
118.2,46.592,51.42,23.343,1.5,1.5,14,2,0.012,0.0,0,0
118.4,46.6,51.412,23.296,1.5,1.5,14,2,0.008,0.0,0,0
118.6,46.607,51.405,23.368,1.5,1.5,14,2,0.007,0.0,0,0
118.8,46.598,51.399,23.453,1.5,1.5,14,2,-0.009,0.0,0,0
119.0,46.607,51.403,23.601,1.5,1.5,14,2,0.009,0.0,0,0
119.2,46.614,51.393,23.404,1.5,1.5,14,2,0.007,0.0,0,0
119.4,46.62,51.383,23.261,1.5,1.5,14,2,0.006,0.0,0,0
119.6,46.625,51.379,23.182,1.5,1.5,14,2,0.005,0.0,0,0
119.8,46.632,51.385,23.074,1.5,1.5,14,2,0.007,0.0,0,0
120.0,46.628,51.386,23.119,1.5,1.5,14,2,-0.004,0.0,0,0
120.2,46.625,51.398,23.284,1.5,1.5,14,2,-0.003,0.0,0,0
120.4,46.643,51.406,23.245,1.5,1.5,14,2,0.018,0.0,0,0
120.6,46.639,51.408,23.282,1.5,1.5,14,2,-0.004,0.0,0,0
120.8,46.633,51.414,23.352,1.5,1.5,14,2,-0.006,0.0,0,0
121.0,46.65,51.433,23.334,1.5,1.5,14,2,0.017,0.0,0,0
121.2,46.665,51.435,23.24,1.5,1.5,14,2,0.016,0.0,0,0
121.4,46.661,51.458,23.268,1.5,1.5,14,2,-0.005,0.0,0,0
121.6,46.668,51.469,23.382,1.5,1.5,14,2,0.007,0.0,0,0
121.8,46.676,51.489,23.462,1.5,1.5,14,2,0.008,0.0,0,0
122.0,46.674,51.495,23.377,1.5,1.5,14,2,-0.002,0.0,0,0
122.2,46.666,51.492,23.352,1.5,1.5,14,2,-0.008,0.0,0,0
122.4,46.667,51.492,23.252,1.5,1.5,14,2,0.001,0.0,0,0
122.6,46.677,51.503,23.103,1.5,1.5,14,2,0.01,0.0,0,0
122.8,46.687,51.519,22.958,1.5,1.5,14,2,0.01,0.0,0,0
123.0,46.686,51.525,22.929,1.5,1.5,14,2,-0.001,0.0,0,0
123.2,46.69,51.538,23.006,1.5,1.5,14,2,0.004,0.0,0,0
123.4,46.69,51.553,22.989,1.5,1.5,14,2,-0.0,0.0,0,0
123.6,46.691,51.584,23.046,1.5,1.5,14,2,0.001,0.0,0,0
123.8,46.689,51.6,23.103,1.5,1.5,14,2,-0.002,0.0,0,0
124.0,46.686,51.625,23.293,1.5,1.5,14,2,-0.003,0.0,0,0
124.2,46.702,51.638,23.228,1.5,1.5,14,2,0.016,0.0,0,0
124.4,46.703,51.641,23.285,1.5,1.5,14,2,0.002,0.0,0,0
124.6,46.694,51.652,23.381,1.5,1.5,14,2,-0.009,0.0,0,0
124.8,46.695,51.676,23.419,1.5,1.5,14,2,0.001,0.0,0,0
125.0,46.696,51.69,23.477,1.5,1.5,14,2,0.001,0.0,0,0
125.2,46.687,51.698,23.658,1.5,1.5,14,2,-0.009,0.0,0,0
125.4,46.688,51.706,23.612,1.5,1.5,14,2,0.001,0.0,0,0
125.6,46.689,51.714,23.802,1.5,1.5,14,2,0.0,0.0,0,0
125.8,46.694,51.711,23.729,1.5,1.5,14,2,0.006,0.0,0,0
126.0,46.688,51.711,23.863,1.5,1.5,14,2,-0.006,0.0,0,0
126.2,46.686,51.717,23.856,1.5,1.5,14,2,-0.002,0.0,0,0
126.4,46.695,51.721,23.848,1.5,1.5,14,2,0.009,0.0,0,0
126.6,46.697,51.72,23.851,1.5,1.5,14,2,0.002,0.0,0,0
126.8,46.7,51.71,23.684,1.5,1.5,14,2,0.003,0.0,0,0
127.0,46.697,51.698,23.778,1.5,1.5,14,2,-0.002,0.0,0,0
127.2,46.684,51.682,23.755,1.5,1.5,14,2,-0.014,0.0,0,0
127.4,46.682,51.663,23.85,1.5,1.5,14,2,-0.001,0.0,0,0
127.6,46.672,51.66,23.895,1.5,1.5,14,2,-0.01,0.0,0,0
127.8,46.678,51.65,23.86,1.5,1.5,14,2,0.005,0.0,0,0
128.0,46.668,51.641,23.879,1.5,1.5,14,2,-0.01,0.0,0,0
128.2,46.665,51.62,23.973,1.5,1.5,14,2,-0.003,0.0,0,0
128.4,46.664,51.605,23.915,1.5,1.5,14,2,-0.001,0.0,0,0
128.6,46.668,51.588,23.881,1.5,1.5,14,2,0.004,0.0,0,0
128.8,46.674,51.569,23.718,1.5,1.5,14,2,0.005,0.0,0,0
129.0,46.673,51.565,23.667,1.5,1.5,14,2,-0.001,0.0,0,0
129.2,46.679,51.563,23.821,1.5,1.5,14,2,0.006,0.0,0,0
129.4,46.68,51.563,23.874,1.5,1.5,14,2,0.001,0.0,0,0
129.6,46.682,51.555,23.838,1.5,1.5,14,2,0.001,0.0,0,0
129.8,46.691,51.543,23.809,1.5,1.5,14,2,0.009,0.0,0,0
130.0,46.708,51.527,23.591,1.5,1.5,14,2,0.017,0.0,0,0
130.2,46.709,51.506,23.53,1.5,1.5,14,2,0.001,0.0,0,0
130.4,46.716,51.5,23.338,1.5,1.5,14,2,0.008,0.0,0,0
130.6,46.727,51.486,23.263,1.5,1.5,14,2,0.011,0.0,0,0
130.8,46.737,51.479,23.148,1.5,1.5,14,2,0.01,0.0,0,0
131.0,46.748,51.478,23.148,1.5,1.5,14,2,0.011,0.001,0,0
131.2,46.748,51.464,23.23,1.5,1.5,14,2,0.001,0.001,0,0
131.4,46.748,51.453,23.157,1.5,1.5,14,2,-0.001,0.001,0,0
131.6,46.746,51.456,23.134,1.5,1.5,14,2,-0.001,0.0,0,0
131.8,46.74,51.45,23.17,1.5,1.5,14,2,-0.007,0.0,0,0
132.0,46.732,51.445,23.354,1.5,1.5,14,2,-0.008,0.0,0,0
132.2,46.727,51.448,23.289,1.5,1.5,14,2,-0.005,0.0,0,0
132.4,46.721,51.441,23.251,1.5,1.5,14,2,-0.005,0.0,0,0
132.6,46.716,51.431,23.264,1.5,1.5,14,2,-0.005,0.0,0,0
132.8,46.707,51.437,23.344,1.5,1.5,14,2,-0.009,0.0,0,0
133.0,46.7,51.43,23.414,1.5,1.5,14,2,-0.007,0.0,0,0
133.2,46.71,51.425,23.452,1.5,1.5,14,2,0.01,0.0,0,0
133.4,46.704,51.429,23.553,1.5,1.5,14,2,-0.006,0.0,0,0
133.6,46.696,51.44,23.588,1.5,1.5,14,2,-0.008,0.0,0,0
133.8,46.693,51.459,23.801,1.5,1.5,14,2,-0.004,0.0,0,0
134.0,46.694,51.483,23.877,1.5,1.5,14,2,0.001,0.0,0,0
134.2,46.681,51.493,23.981,1.5,1.5,14,2,-0.012,0.0,0,0
134.4,46.682,51.508,24.128,1.5,1.5,14,2,0.001,0.0,0,0
134.6,46.672,51.529,24.223,1.5,1.5,14,2,-0.01,0.0,0,0
134.8,46.647,51.549,24.517,1.5,1.5,14,2,-0.025,0.0,0,0
135.0,46.658,51.567,24.457,1.5,1.5,14,2,0.011,0.0,0,0
135.2,46.653,51.588,24.465,1.5,1.5,14,2,-0.005,0.0,0,0
135.4,46.645,51.597,24.615,1.5,1.5,14,2,-0.008,0.0,0,0
135.6,46.648,51.607,24.605,1.5,1.5,14,2,0.004,0.0,0,0
135.8,46.631,51.614,24.865,1.5,1.5,14,2,-0.018,0.0,0,0
136.0,46.622,51.627,24.996,1.5,1.5,14,2,-0.008,0.0,0,0
136.2,46.613,51.627,25.081,1.5,1.5,14,2,-0.009,0.0,0,0
136.4,46.604,51.624,25.138,1.5,1.5,14,2,-0.009,0.0,0,0
136.6,46.604,51.634,25.224,1.5,1.5,14,2,-0.0,0.0,0,0
136.8,46.596,51.643,25.361,1.5,1.5,14,2,-0.007,0.0,0,0
137.0,46.587,51.652,25.443,1.5,1.5,14,2,-0.01,0.0,0,0
137.2,46.573,51.657,25.491,1.5,1.5,14,2,-0.013,0.001,0,0
137.4,46.587,51.661,25.518,1.5,1.5,14,2,0.014,0.0,0,0
137.6,46.583,51.67,25.572,1.5,1.5,14,2,-0.005,0.0,0,0
137.8,46.579,51.671,25.877,1.5,1.5,14,2,-0.004,0.0,0,0
138.0,46.591,51.684,25.773,1.5,1.5,14,2,0.012,0.0,0,0
138.2,46.6,51.69,25.749,1.5,1.5,14,2,0.009,0.0,0,0
138.4,46.585,51.687,26.021,1.5,1.5,14,2,-0.015,0.0,0,0
138.6,46.585,51.688,26.158,1.5,1.5,14,2,0.0,0.0,0,0
138.8,46.574,51.675,26.277,1.5,1.5,14,2,-0.011,0.0,0,0
139.0,46.568,51.658,26.343,1.5,1.5,14,2,-0.006,0.0,0,0
139.2,46.557,51.647,26.466,1.5,1.5,14,2,-0.011,0.0,0,0
139.4,46.563,51.639,26.468,1.5,1.5,14,2,0.006,0.0,0,0
139.6,46.559,51.622,26.538,1.5,1.5,14,2,-0.004,0.0,0,0
139.8,46.553,51.612,26.579,1.5,1.5,14,2,-0.006,0.0,0,0
140.0,46.538,51.595,26.689,1.5,1.5,14,2,-0.015,0.0,0,0
140.2,46.531,51.587,26.747,1.5,1.5,14,2,-0.006,0.0,0,0
140.4,46.529,51.564,26.71,1.5,1.5,14,2,-0.002,0.0,0,0
140.6,46.527,51.549,26.697,1.5,1.5,14,2,-0.002,0.0,0,0
140.8,46.524,51.55,26.834,1.5,1.5,14,2,-0.003,0.0,0,0
141.0,46.528,51.53,26.692,1.5,1.5,14,2,0.004,0.0,0,0
141.2,46.525,51.511,26.52,1.5,1.5,14,2,-0.002,0.0,0,0
141.4,46.513,51.499,26.526,1.5,1.5,14,2,-0.012,0.0,0,0
141.6,46.518,51.496,26.452,1.5,1.5,14,2,0.005,0.0,0,0
141.8,46.506,51.49,26.544,1.5,1.5,14,2,-0.012,0.0,0,0
142.0,46.514,51.483,26.407,1.5,1.5,14,2,0.008,0.0,0,0
142.2,46.509,51.481,26.374,1.5,1.5,14,2,-0.005,0.0,0,0
142.4,46.501,51.485,26.457,1.5,1.5,14,2,-0.009,0.0,0,0
142.6,46.483,51.477,26.658,1.5,1.5,14,2,-0.018,0.0,0,0
142.8,46.487,51.466,26.662,1.5,1.5,14,2,0.004,0.0,0,0
143.0,46.481,51.464,26.932,1.5,1.5,14,2,-0.006,0.0,0,0
143.2,46.489,51.476,27.032,1.5,1.5,14,2,0.008,0.0,0,0
143.4,46.504,51.477,26.879,1.5,1.5,14,2,0.016,0.0,0,0
143.6,46.507,51.479,26.864,1.5,1.5,14,2,0.003,0.0,0,0
143.8,46.493,51.471,26.86,1.5,1.5,14,2,-0.014,0.0,0,0
144.0,46.494,51.481,26.728,1.5,1.5,14,2,0.001,0.0,0,0
144.2,46.496,51.483,26.627,1.5,1.5,14,2,0.002,0.0,0,0
144.4,46.512,51.479,26.479,1.5,1.5,14,2,0.016,0.0,0,0
144.6,46.514,51.488,26.28,1.5,1.5,14,2,0.002,0.0,0,0
144.8,46.518,51.505,26.157,1.5,1.5,14,2,0.004,0.0,0,0
145.0,46.523,51.511,26.085,1.5,1.5,14,2,0.005,0.0,0,0
145.2,46.534,51.525,25.786,1.5,1.5,14,2,0.012,0.0,0,0
145.4,46.549,51.515,25.574,1.5,1.5,14,2,0.014,0.0,0,0
145.6,46.557,51.519,25.178,1.5,1.5,14,2,0.008,0.0,0,0
145.8,46.559,51.533,25.151,1.5,1.5,14,2,0.002,0.0,0,0
146.0,46.56,51.535,25.008,1.5,1.5,14,2,0.001,0.0,0,0
146.2,46.57,51.541,24.745,1.5,1.5,14,2,0.011,0.0,0,0
146.4,46.576,51.537,24.49,1.5,1.5,14,2,0.006,0.0,0,0
146.6,46.572,51.539,24.426,1.5,1.5,14,2,-0.004,0.0,0,0
146.8,46.554,51.557,24.636,1.5,1.5,14,2,-0.018,0.0,0,0
147.0,46.552,51.548,24.602,1.5,1.5,14,2,-0.002,0.0,0,0
147.2,46.55,51.556,24.79,1.5,1.5,14,2,-0.002,0.0,0,0
147.4,46.551,51.557,24.739,1.5,1.5,14,2,0.002,0.0,0,0
147.6,46.551,51.561,24.762,1.5,1.5,14,2,-0.0,0.0,0,0
147.8,46.555,51.566,24.609,1.5,1.5,14,2,0.004,0.0,0,0
148.0,46.554,51.577,24.716,1.5,1.5,14,2,-0.001,0.0,0,0
148.2,46.563,51.596,24.509,1.5,1.5,14,2,0.009,0.0,0,0
148.4,46.575,51.608,24.307,1.5,1.5,14,2,0.012,0.0,0,0
148.6,46.569,51.602,24.256,1.5,1.5,14,2,-0.006,0.0,0,0
148.8,46.581,51.609,24.012,1.5,1.5,14,2,0.012,0.0,0,0
149.0,46.593,51.605,23.859,1.5,1.5,14,2,0.012,0.0,0,0
149.2,46.588,51.611,23.924,1.5,1.5,14,2,-0.005,0.0,0,0
149.4,46.585,51.621,23.886,1.5,1.5,14,2,-0.003,0.0,0,0
149.6,46.584,51.617,23.991,1.5,1.5,14,2,-0.001,0.0,0,0
149.8,46.578,51.631,24.057,1.5,1.5,14,2,-0.005,0.0,0,0
150.0,46.577,51.636,24.04,1.5,1.5,14,2,-0.001,0.0,0,0
150.2,46.577,51.641,24.07,1.5,1.5,14,2,-0.001,0.0,0,0
150.4,46.586,51.644,23.978,1.5,1.5,14,2,0.01,0.0,0,0
150.6,46.588,51.646,23.93,1.5,1.5,14,2,0.002,0.0,0,0
150.8,46.592,51.651,23.808,1.5,1.5,14,2,0.004,0.0,0,0
151.0,46.586,51.65,23.827,1.5,1.5,14,2,-0.006,0.0,0,0
151.2,46.59,51.663,23.845,1.5,1.5,14,2,0.004,0.0,0,0
151.4,46.583,51.662,23.842,1.5,1.5,14,2,-0.007,0.0,0,0
151.6,46.588,51.664,23.811,1.5,1.5,14,2,0.005,0.0,0,0
151.8,46.581,51.663,23.784,1.5,1.5,14,2,-0.007,0.0,0,0
152.0,46.6,51.665,23.564,1.5,1.5,14,2,0.019,0.0,0,0
152.2,46.605,51.674,23.622,1.5,1.5,14,2,0.005,0.0,0,0
152.4,46.609,51.682,23.586,1.5,1.5,14,2,0.004,0.0,0,0
152.6,46.623,51.686,23.463,1.5,1.5,14,2,0.014,0.0,0,0
152.8,46.641,51.699,23.203,1.5,1.5,14,2,0.018,0.0,0,0
153.0,46.668,51.707,22.93,1.5,1.5,14,2,0.027,0.001,0,0
153.2,46.673,51.713,22.784,1.5,1.5,14,2,0.005,0.001,0,0
153.4,46.681,51.713,22.742,1.5,1.5,14,2,0.008,0.001,0,0
153.6,46.7,51.725,22.643,1.5,1.5,14,2,0.02,0.001,0,0
153.8,46.707,51.717,22.702,1.5,1.5,14,2,0.007,0.001,0,0
154.0,46.705,51.721,22.624,1.5,1.5,14,2,-0.002,0.001,0,0
154.2,46.715,51.717,22.624,1.5,1.5,14,2,0.01,0.001,0,0
154.4,46.715,51.712,22.577,1.5,1.5,14,2,0.0,0.001,0,0
154.6,46.712,51.712,22.684,1.5,1.5,14,2,-0.004,0.001,0,0
154.8,46.713,51.707,22.682,1.5,1.5,14,2,0.001,0.0,0,0
155.0,46.705,51.705,22.683,1.5,1.5,14,2,-0.008,0.0,0,0
155.2,46.708,51.701,22.824,1.5,1.5,14,2,0.003,0.0,0,0
155.4,46.712,51.691,22.925,1.5,1.5,14,2,0.004,0.0,0,0
155.6,46.711,51.696,22.983,1.5,1.5,14,2,-0.001,0.0,0,0
155.8,46.719,51.678,23.01,1.5,1.5,14,2,0.008,0.0,0,0
156.0,46.72,51.693,23.07,1.5,1.5,14,2,0.001,0.0,0,0
156.2,46.703,51.694,23.281,1.5,1.5,14,2,-0.017,0.0,0,0
156.4,46.691,51.688,23.28,1.5,1.5,14,2,-0.013,0.0,0,0
156.6,46.683,51.681,23.388,1.5,1.5,14,2,-0.007,0.0,0,0
156.8,46.668,51.66,23.521,1.5,1.5,14,2,-0.016,0.0,0,0
157.0,46.657,51.65,23.539,1.5,1.5,14,2,-0.01,0.0,0,0
157.2,46.647,51.655,23.721,1.5,1.5,14,2,-0.011,0.001,0,0
157.4,46.636,51.652,23.687,1.5,1.5,14,2,-0.011,0.001,0,0
157.6,46.654,51.664,23.6,1.5,1.5,14,2,0.018,0.001,0,0
157.8,46.652,51.684,23.761,1.5,1.5,14,2,-0.002,0.001,0,0
158.0,46.649,51.694,23.773,1.5,1.5,14,2,-0.003,0.0,0,0
158.2,46.648,51.696,23.893,1.5,1.5,14,2,-0.001,0.0,0,0
158.4,46.644,51.7,23.909,1.5,1.5,14,2,-0.004,0.0,0,0
158.6,46.659,51.7,23.809,1.5,1.5,14,2,0.015,0.0,0,0
158.8,46.662,51.702,23.809,1.5,1.5,14,2,0.003,0.0,0,0
159.0,46.664,51.699,23.927,1.5,1.5,14,2,0.001,0.0,0,0
159.2,46.675,51.707,23.856,1.5,1.5,14,2,0.011,0.0,0,0
159.4,46.672,51.69,23.921,1.5,1.5,14,2,-0.003,0.0,0,0
159.6,46.679,51.694,23.923,1.5,1.5,14,2,0.007,0.0,0,0
159.8,46.67,51.696,24.002,1.5,1.5,14,2,-0.009,0.0,0,0
160.0,46.669,51.701,24.197,1.5,1.5,14,2,-0.001,0.0,0,0
160.2,46.675,51.712,24.207,1.5,1.5,14,2,0.006,0.0,0,0
160.4,46.683,51.721,24.286,1.5,1.5,14,2,0.008,0.0,0,0
160.6,46.691,51.735,24.41,1.5,1.5,14,2,0.007,0.0,0,0
160.8,46.689,51.756,24.478,1.5,1.5,14,2,-0.002,0.0,0,0
161.0,46.696,51.762,24.602,1.5,1.5,14,2,0.007,0.0,0,0
161.2,46.695,51.777,24.601,1.5,1.5,14,2,-0.001,0.0,0,0
161.4,46.689,51.763,24.663,1.5,1.5,14,2,-0.006,0.0,0,0
161.6,46.686,51.76,24.766,1.5,1.5,14,2,-0.003,0.0,0,0
161.8,46.688,51.768,24.616,1.5,1.5,14,2,0.002,0.0,0,0
162.0,46.692,51.765,24.527,1.5,1.5,14,2,0.004,0.0,0,0
162.2,46.688,51.753,24.485,1.5,1.5,14,2,-0.004,0.0,0,0
162.4,46.692,51.754,24.401,1.5,1.5,14,2,0.004,0.0,0,0
162.6,46.705,51.766,24.318,1.5,1.5,14,2,0.013,0.0,0,0
162.8,46.698,51.776,24.321,1.5,1.5,14,2,-0.007,0.0,0,0
163.0,46.7,51.786,24.31,1.5,1.5,14,2,0.003,0.0,0,0
163.2,46.706,51.805,24.128,1.5,1.5,14,2,0.005,0.0,0,0
163.4,46.716,51.811,24.14,1.5,1.5,14,2,0.01,0.0,0,0
163.6,46.724,51.823,23.968,1.5,1.5,14,2,0.009,0.0,0,0
163.8,46.736,51.842,23.964,1.5,1.5,14,2,0.011,0.0,0,0
164.0,46.74,51.875,24.006,1.5,1.5,14,2,0.004,0.0,0,0
164.2,46.738,51.886,23.949,1.5,1.5,14,2,-0.002,0.0,0,0
164.4,46.739,51.903,23.877,1.5,1.5,14,2,0.001,0.0,0,0
164.6,46.751,51.899,23.692,1.5,1.5,14,2,0.012,0.0,0,0
164.8,46.764,51.908,23.728,1.5,1.5,14,2,0.013,0.0,0,0
165.0,46.767,51.912,23.636,1.5,1.5,14,2,0.003,0.0,0,0
165.2,46.766,51.911,23.692,1.5,1.5,14,2,-0.001,0.0,0,0
165.4,46.772,51.921,23.61,1.5,1.5,14,2,0.005,0.0,0,0
165.6,46.771,51.915,23.63,1.5,1.5,14,2,-0.001,0.0,0,0
165.8,46.767,51.908,23.685,1.5,1.5,14,2,-0.004,0.0,0,0
166.0,46.77,51.914,23.583,1.5,1.5,14,2,0.004,0.0,0,0
166.2,46.775,51.897,23.519,1.5,1.5,14,2,0.005,0.0,0,0
166.4,46.78,51.898,23.477,1.5,1.5,14,2,0.005,0.0,0,0
166.6,46.784,51.896,23.427,1.5,1.5,14,2,0.004,0.0,0,0
166.8,46.786,51.895,23.347,1.5,1.5,14,2,0.002,0.0,0,0
167.0,46.786,51.892,23.234,1.5,1.5,14,2,-0.0,0.0,0,0
167.2,46.794,51.894,23.172,1.5,1.5,14,2,0.008,0.0,0,0
167.4,46.801,51.901,23.075,1.5,1.5,14,2,0.007,0.0,0,0
167.6,46.805,51.906,22.994,1.5,1.5,14,2,0.004,0.0,0,0
167.8,46.813,51.905,22.944,1.5,1.5,14,2,0.008,0.0,0,0
168.0,46.829,51.913,22.843,1.5,1.5,14,2,0.016,0.0,0,0
168.2,46.823,51.913,22.809,1.5,1.5,14,2,-0.005,0.0,0,0
168.4,46.822,51.917,22.802,1.5,1.5,14,2,-0.001,0.0,0,0
168.6,46.84,51.915,22.689,1.5,1.5,14,2,0.018,0.0,0,0
168.8,46.836,51.914,22.635,1.5,1.5,14,2,-0.005,0.0,0,0
169.0,46.841,51.911,22.665,1.5,1.5,14,2,0.005,0.0,0,0
169.2,46.847,51.902,22.535,1.5,1.5,14,2,0.007,0.0,0,0
169.4,46.846,51.893,22.499,1.5,1.5,14,2,-0.001,0.0,0,0
169.6,46.851,51.9,22.486,1.5,1.5,14,2,0.005,0.0,0,0
169.8,46.854,51.903,22.351,1.5,1.5,14,2,0.003,0.0,0,0
170.0,46.859,51.9,22.328,1.5,1.5,14,2,0.004,0.0,0,0
170.2,46.859,51.901,22.35,1.5,1.5,14,2,0.0,0.0,0,0
170.4,46.861,51.903,22.284,1.5,1.5,14,2,0.002,0.0,0,0
170.6,46.862,51.89,22.284,1.5,1.5,14,2,0.001,0.0,0,0
170.8,46.877,51.89,22.232,1.5,1.5,14,2,0.015,0.0,0,0
171.0,46.886,51.885,22.019,1.5,1.5,14,2,0.009,0.0,0,0
171.2,46.902,51.885,21.852,1.5,1.5,14,2,0.016,0.0,0,0
171.4,46.918,51.877,21.822,1.5,1.5,14,2,0.016,0.0,0,0
171.6,46.925,51.889,21.886,1.5,1.5,14,2,0.007,0.001,0,0
171.8,46.933,51.9,21.855,1.5,1.5,14,2,0.007,0.001,0,0
172.0,46.941,51.912,21.765,1.5,1.5,14,2,0.008,0.001,0,0
172.2,46.944,51.924,21.711,1.5,1.5,14,2,0.003,0.001,0,0
172.4,46.959,51.935,21.593,1.5,1.5,14,2,0.016,0.001,0,0
172.6,46.964,51.943,21.649,1.5,1.5,14,2,0.004,0.001,0,0
172.8,46.972,51.953,21.55,1.5,1.5,14,2,0.008,0.001,0,0
173.0,46.975,51.959,21.459,1.5,1.5,14,2,0.003,0.001,0,0
173.2,46.957,51.947,21.526,1.5,1.5,14,2,-0.018,0.0,0,0
173.4,46.957,51.95,21.465,1.5,1.5,14,2,0.001,0.0,0,0
173.6,46.959,51.952,21.543,1.5,1.5,14,2,0.002,0.0,0,0
173.8,46.961,51.959,21.543,1.5,1.5,14,2,0.002,0.0,0,0
174.0,46.953,51.956,21.522,1.5,1.5,14,2,-0.008,0.0,0,0
174.2,46.956,51.956,21.527,1.5,1.5,14,2,0.003,0.0,0,0
174.4,46.955,51.951,21.564,1.5,1.5,14,2,-0.0,0.0,0,0
174.6,46.952,51.936,21.504,1.5,1.5,14,2,-0.003,0.0,0,0
174.8,46.965,51.932,21.424,1.5,1.5,14,2,0.013,0.0,0,0
175.0,46.971,51.933,21.314,1.5,1.5,14,2,0.006,0.0,0,0
175.2,46.97,51.933,21.26,1.5,1.5,14,2,-0.001,0.0,0,0
175.4,46.969,51.925,21.26,1.5,1.5,14,2,-0.001,0.0,0,0
175.6,46.972,51.917,21.293,1.5,1.5,14,2,0.003,0.0,0,0
175.8,46.964,51.908,21.383,1.5,1.5,14,2,-0.008,0.0,0,0
176.0,46.949,51.896,21.379,1.5,1.5,14,2,-0.016,0.0,0,0
176.2,46.939,51.891,21.436,1.5,1.5,14,2,-0.01,0.0,0,0
176.4,46.932,51.876,21.51,1.5,1.5,14,2,-0.008,0.0,0,0
176.6,46.941,51.888,21.524,1.5,1.5,14,2,0.009,0.0,0,0
176.8,46.939,51.879,21.551,1.5,1.5,14,2,-0.002,0.0,0,0
177.0,46.931,51.893,21.604,1.5,1.5,14,2,-0.008,0.0,0,0
177.2,46.937,51.901,21.612,1.5,1.5,14,2,0.006,0.0,0,0
177.4,46.931,51.889,21.557,1.5,1.5,14,2,-0.006,0.0,0,0
177.6,46.927,51.894,21.598,1.5,1.5,14,2,-0.004,0.0,0,0
177.8,46.932,51.897,21.51,1.5,1.5,14,2,0.005,0.0,0,0
178.0,46.946,51.905,21.412,1.5,1.5,14,2,0.014,0.0,0,0
178.2,46.95,51.904,21.279,1.5,1.5,14,2,0.004,0.0,0,0
178.4,46.947,51.914,21.329,1.5,1.5,14,2,-0.003,0.0,0,0
178.6,46.951,51.929,21.361,1.5,1.5,14,2,0.005,0.0,0,0
178.8,46.963,51.941,21.249,1.5,1.5,14,2,0.012,0.0,0,0
179.0,46.958,51.956,21.132,1.5,1.5,14,2,-0.006,0.0,0,0
179.2,46.951,51.953,21.072,1.5,1.5,14,2,-0.006,0.0,0,0
179.4,46.951,51.953,21.025,1.5,1.5,14,2,0.0,0.0,0,0
179.6,46.958,51.955,20.912,1.5,1.5,14,2,0.006,0.0,0,0
179.8,46.955,51.953,20.86,1.5,1.5,14,2,-0.002,0.0,0,0
180.0,46.959,51.962,20.789,1.5,1.5,14,2,0.003,0.0,0,0
180.2,46.954,51.964,20.87,1.5,1.5,14,2,-0.005,0.0,0,0
180.4,46.962,51.974,20.713,1.5,1.5,14,2,0.008,0.0,0,0
180.6,46.959,51.995,20.721,1.5,1.5,14,2,-0.003,0.0,0,0
180.8,46.954,52.004,20.729,1.5,1.5,14,2,-0.005,0.0,0,0
181.0,46.958,52.026,20.646,1.5,1.5,14,2,0.005,0.0,0,0
181.2,46.962,52.037,20.636,1.5,1.5,14,2,0.004,0.0,0,0
181.4,46.953,52.033,20.609,1.5,1.5,14,2,-0.009,0.0,0,0
181.6,46.953,52.047,20.59,1.5,1.5,14,2,-0.0,0.0,0,0
181.8,46.96,52.059,20.629,1.5,1.5,14,2,0.008,0.0,0,0
182.0,46.969,52.076,20.564,1.5,1.5,14,2,0.009,0.0,0,0
182.2,46.979,52.094,20.442,1.5,1.5,14,2,0.01,0.0,0,0
182.4,46.984,52.1,20.33,1.5,1.5,14,2,0.005,0.0,0,0
182.6,46.984,52.107,20.19,1.5,1.5,14,2,0.0,0.0,0,0
182.8,46.979,52.118,20.186,1.5,1.5,14,2,-0.005,0.0,0,0
183.0,46.978,52.122,20.191,1.5,1.5,14,2,-0.001,0.0,0,0
183.2,46.977,52.147,20.162,1.5,1.5,14,2,-0.001,0.0,0,0
183.4,46.98,52.153,19.988,1.5,1.5,14,2,0.003,0.0,0,0
183.6,46.99,52.168,19.867,1.5,1.5,14,2,0.01,0.0,0,0
183.8,46.993,52.181,19.821,1.5,1.5,14,2,0.003,0.0,0,0
184.0,46.996,52.186,19.864,1.5,1.5,14,2,0.002,0.0,0,0
184.2,47.002,52.204,19.853,1.5,1.5,14,2,0.006,0.0,0,0
184.4,46.991,52.218,19.876,1.5,1.5,14,2,-0.011,0.0,0,0
184.6,46.991,52.219,19.851,1.5,1.5,14,2,-0.0,0.0,0,0
184.8,46.99,52.223,19.836,1.5,1.5,14,2,-0.0,0.0,0,0
185.0,46.982,52.225,19.791,1.5,1.5,14,2,-0.008,0.0,0,0
185.2,46.978,52.238,19.906,1.5,1.5,14,2,-0.004,0.0,0,0
185.4,46.973,52.232,19.851,1.5,1.5,14,2,-0.005,0.0,0,0
185.6,46.965,52.229,19.746,1.5,1.5,14,2,-0.008,0.0,0,0
185.8,46.962,52.238,19.77,1.5,1.5,14,2,-0.003,0.0,0,0
186.0,46.946,52.243,19.85,1.5,1.5,14,2,-0.016,0.0,0,0
186.2,46.945,52.246,19.875,1.5,1.5,14,2,-0.002,0.0,0,0
186.4,46.939,52.241,19.844,1.5,1.5,14,2,-0.006,0.0,0,0
186.6,46.933,52.231,19.825,1.5,1.5,14,2,-0.006,0.0,0,0
186.8,46.918,52.232,19.977,1.5,1.5,14,2,-0.015,0.0,0,0
187.0,46.911,52.235,20.017,1.5,1.5,14,2,-0.008,0.0,0,0
187.2,46.905,52.243,20.019,1.5,1.5,14,2,-0.005,0.0,0,0
187.4,46.903,52.246,20.143,1.5,1.5,14,2,-0.002,0.0,0,0
187.6,46.9,52.247,20.039,1.5,1.5,14,2,-0.003,0.0,0,0
187.8,46.902,52.244,20.085,1.5,1.5,14,2,0.002,0.0,0,0
188.0,46.894,52.245,20.129,1.5,1.5,14,2,-0.009,0.0,0,0
188.2,46.878,52.249,20.387,1.5,1.5,14,2,-0.016,0.0,0,0
188.4,46.858,52.257,20.495,1.5,1.5,14,2,-0.02,0.0,0,0
188.6,46.85,52.256,20.655,1.5,1.5,14,2,-0.008,0.0,0,0
188.8,46.845,52.256,20.67,1.5,1.5,14,2,-0.005,0.001,0,0
189.0,46.829,52.256,20.795,1.5,1.5,14,2,-0.016,0.001,0,0
189.2,46.83,52.258,20.89,1.5,1.5,14,2,0.001,0.001,0,0
189.4,46.812,52.261,21.036,1.5,1.5,14,2,-0.018,0.001,0,0
189.6,46.794,52.25,21.294,1.5,1.5,14,2,-0.018,0.001,0,0
189.8,46.782,52.251,21.441,1.5,1.5,14,2,-0.012,0.001,0,0
190.0,46.769,52.246,21.602,1.5,1.5,14,2,-0.013,0.001,0,0
190.2,46.766,52.246,21.758,1.5,1.5,14,2,-0.003,0.001,0,0
190.4,46.761,52.248,21.882,1.5,1.5,14,2,-0.005,0.001,0,0
190.6,46.744,52.242,21.996,1.5,1.5,14,2,-0.017,0.001,0,0
190.8,46.728,52.239,22.012,1.5,1.5,14,2,-0.016,0.001,0,0
191.0,46.71,52.229,22.243,1.5,1.5,14,2,-0.017,0.001,0,0
191.2,46.694,52.228,22.454,1.5,1.5,14,2,-0.016,0.001,0,0
191.4,46.684,52.235,22.573,1.5,1.5,14,2,-0.011,0.001,0,0
191.6,46.675,52.241,22.727,1.5,1.5,14,2,-0.009,0.001,0,0
191.8,46.674,52.244,22.769,1.5,1.5,14,2,-0.001,0.001,0,0
192.0,46.67,52.253,22.875,1.5,1.5,14,2,-0.004,0.001,0,0
192.2,46.663,52.257,22.954,1.5,1.5,14,2,-0.007,0.001,0,0
192.4,46.656,52.263,23.108,1.5,1.5,14,2,-0.007,0.001,0,0
192.6,46.661,52.263,23.191,1.5,1.5,14,2,0.005,0.0,0,0
192.8,46.666,52.263,23.293,1.5,1.5,14,2,0.006,0.0,0,0
193.0,46.661,52.27,23.39,1.5,1.5,14,2,-0.005,0.0,0,0
193.2,46.657,52.284,23.606,1.5,1.5,14,2,-0.004,0.0,0,0
193.4,46.66,52.291,23.638,1.5,1.5,14,2,0.002,0.0,0,0
193.6,46.655,52.299,23.712,1.5,1.5,14,2,-0.005,0.0,0,0
193.8,46.656,52.292,23.784,1.5,1.5,14,2,0.002,0.0,0,0
194.0,46.652,52.291,23.822,1.5,1.5,14,2,-0.005,0.0,0,0
194.2,46.655,52.291,23.889,1.5,1.5,14,2,0.004,0.0,0,0
194.4,46.658,52.283,23.962,1.5,1.5,14,2,0.002,0.0,0,0
194.6,46.663,52.288,23.977,1.5,1.5,14,2,0.005,0.0,0,0
194.8,46.682,52.307,24.09,1.5,1.5,14,2,0.02,0.0,0,0
195.0,46.69,52.32,24.199,1.5,1.5,14,2,0.008,0.0,0,0
195.2,46.697,52.326,24.279,1.5,1.5,14,2,0.006,0.0,0,0
195.4,46.689,52.328,24.354,1.5,1.5,14,2,-0.007,0.0,0,0
195.6,46.685,52.316,24.35,1.5,1.5,14,2,-0.004,0.0,0,0
195.8,46.676,52.305,24.506,1.5,1.5,14,2,-0.01,0.0,0,0
196.0,46.676,52.295,24.344,1.5,1.5,14,2,0.001,0.0,0,0
196.2,46.676,52.292,24.445,1.5,1.5,14,2,-0.0,0.0,0,0
196.4,46.669,52.288,24.463,1.5,1.5,14,2,-0.007,0.0,0,0
196.6,46.664,52.284,24.485,1.5,1.5,14,2,-0.005,0.0,0,0
196.8,46.661,52.274,24.474,1.5,1.5,14,2,-0.003,0.0,0,0
197.0,46.652,52.268,24.592,1.5,1.5,14,2,-0.01,0.0,0,0
197.2,46.652,52.258,24.573,1.5,1.5,14,2,0.0,0.0,0,0
197.4,46.657,52.255,24.468,1.5,1.5,14,2,0.005,0.0,0,0
197.6,46.67,52.264,24.211,1.5,1.5,14,2,0.013,0.0,0,0
197.8,46.672,52.26,24.07,1.5,1.5,14,2,0.002,0.0,0,0
198.0,46.669,52.259,24.022,1.5,1.5,14,2,-0.004,0.0,0,0
198.2,46.674,52.256,23.893,1.5,1.5,14,2,0.005,0.0,0,0
198.4,46.688,52.266,23.669,1.5,1.5,14,2,0.014,0.0,0,0
198.6,46.689,52.264,23.554,1.5,1.5,14,2,0.001,0.0,0,0
198.8,46.688,52.27,23.491,1.5,1.5,14,2,-0.001,0.0,0,0
199.0,46.691,52.29,23.464,1.5,1.5,14,2,0.003,0.0,0,0
199.2,46.697,52.298,23.403,1.5,1.5,14,2,0.006,0.0,0,0
199.4,46.699,52.309,23.451,1.5,1.5,14,2,0.003,0.0,0,0
199.6,46.715,52.326,23.147,1.5,1.5,14,2,0.015,0.0,0,0
199.8,46.718,52.328,23.051,1.5,1.5,14,2,0.003,0.0,0,0
200.0,46.72,52.339,22.999,1.5,1.5,14,2,0.002,0.0,0,0
200.2,46.71,52.351,23.012,1.5,1.5,14,2,-0.01,0.0,0,0
200.4,46.69,52.352,23.083,1.5,1.5,14,2,-0.02,0.0,0,0
200.6,46.681,52.355,23.1,1.5,1.5,14,2,-0.009,0.0,0,0
200.8,46.674,52.364,23.178,1.5,1.5,14,2,-0.007,0.0,0,0
201.0,46.663,52.368,23.347,1.5,1.5,14,2,-0.011,0.0,0,0
201.2,46.652,52.371,23.506,1.5,1.5,14,2,-0.011,0.001,0,0
201.4,46.635,52.372,23.6,1.5,1.5,14,2,-0.017,0.001,0,0
201.6,46.62,52.371,23.702,1.5,1.5,14,2,-0.015,0.001,0,0
201.8,46.598,52.36,23.894,1.5,1.5,14,2,-0.021,0.001,0,0
202.0,46.575,52.357,24.032,1.5,1.5,14,2,-0.024,0.002,0,0
202.2,46.561,52.353,24.244,1.5,1.5,14,2,-0.014,0.002,0,0
202.4,46.538,52.34,24.582,1.5,1.5,14,2,-0.022,0.002,0,0
202.6,46.519,52.345,24.817,1.5,1.5,14,2,-0.019,0.003,0,0
202.8,46.492,52.344,25.184,1.5,1.5,14,2,-0.027,0.003,0,0
203.0,46.465,52.338,25.36,1.5,1.5,14,2,-0.028,0.003,0,0
203.2,46.463,52.336,25.455,1.5,1.5,14,2,-0.002,0.003,0,0
203.4,46.449,52.338,25.646,1.5,1.5,14,2,-0.013,0.003,0,0
203.6,46.428,52.33,25.899,1.5,1.5,14,2,-0.022,0.003,0,0
203.8,46.41,52.32,26.176,1.5,1.5,14,2,-0.018,0.003,0,0
204.0,46.394,52.322,26.308,1.5,1.5,14,2,-0.016,0.003,0,0
204.2,46.401,52.32,26.28,1.5,1.5,14,2,0.007,0.002,0,0
204.4,46.394,52.309,26.171,1.5,1.5,14,2,-0.007,0.002,0,0
204.6,46.382,52.295,26.404,1.5,1.5,14,2,-0.012,0.001,0,0
204.8,46.359,52.269,26.516,1.5,1.5,14,2,-0.023,0.001,0,0
205.0,46.354,52.261,26.546,1.5,1.5,14,2,-0.005,0.001,0,0
205.2,46.346,52.255,26.668,1.5,1.5,14,2,-0.009,0.001,0,0
205.4,46.349,52.239,26.555,1.5,1.5,14,2,0.003,0.001,0,0
205.6,46.36,52.227,26.464,1.5,1.5,14,2,0.011,0.001,0,0
205.8,46.351,52.221,26.638,1.5,1.5,14,2,-0.009,0.0,0,0
206.0,46.34,52.22,26.668,1.5,1.5,14,2,-0.011,0.0,0,0
206.2,46.339,52.228,26.509,1.5,1.5,14,2,-0.001,0.0,0,0
206.4,46.34,52.228,26.635,1.5,1.5,14,2,0.001,0.0,0,0
206.6,46.337,52.224,26.666,1.5,1.5,14,2,-0.003,0.0,0,0
206.8,46.327,52.224,26.742,1.5,1.5,14,2,-0.009,0.0,0,0
207.0,46.335,52.208,26.651,1.5,1.5,14,2,0.008,0.0,0,0
207.2,46.331,52.204,26.713,1.5,1.5,14,2,-0.004,0.0,0,0
207.4,46.336,52.203,26.695,1.5,1.5,14,2,0.004,0.0,0,0
207.6,46.34,52.198,26.746,1.5,1.5,14,2,0.004,0.0,0,0
207.8,46.335,52.202,26.831,1.5,1.5,14,2,-0.005,0.0,0,0
208.0,46.34,52.204,26.997,1.5,1.5,14,2,0.005,0.0,0,0
208.2,46.344,52.207,27.036,1.5,1.5,14,2,0.004,0.0,0,0
208.4,46.338,52.217,27.339,1.5,1.5,14,2,-0.006,0.0,0,0
208.6,46.345,52.225,27.417,1.5,1.5,14,2,0.007,0.0,0,0
208.8,46.362,52.224,27.32,1.5,1.5,14,2,0.017,0.0,0,0
209.0,46.363,52.22,27.379,1.5,1.5,14,2,0.001,0.0,0,0
209.2,46.36,52.217,27.532,1.5,1.5,14,2,-0.003,0.0,0,0
209.4,46.353,52.199,27.542,1.5,1.5,14,2,-0.007,0.0,0,0
209.6,46.357,52.192,27.306,1.5,1.5,14,2,0.004,0.0,0,0
209.8,46.37,52.203,27.193,1.5,1.5,14,2,0.013,0.0,0,0
210.0,46.365,52.197,27.249,1.5,1.5,14,2,-0.004,0.0,0,0
210.2,46.363,52.193,27.322,1.5,1.5,14,2,-0.002,0.0,0,0
210.4,46.364,52.189,27.258,1.5,1.5,14,2,0.001,0.0,0,0
210.6,46.371,52.189,27.237,1.5,1.5,14,2,0.007,0.0,0,0
210.8,46.366,52.185,27.324,1.5,1.5,14,2,-0.005,0.0,0,0
211.0,46.382,52.188,27.291,1.5,1.5,14,2,0.015,0.0,0,0
211.2,46.38,52.19,27.273,1.5,1.5,14,2,-0.001,0.0,0,0
211.4,46.391,52.199,27.245,1.5,1.5,14,2,0.011,0.0,0,0
211.6,46.385,52.198,27.296,1.5,1.5,14,2,-0.006,0.0,0,0
211.8,46.398,52.197,27.345,1.5,1.5,14,2,0.012,0.0,0,0
212.0,46.425,52.202,27.027,1.5,1.5,14,2,0.027,0.0,0,0
212.2,46.446,52.2,26.672,1.5,1.5,14,2,0.021,0.001,0,0
212.4,46.465,52.2,26.334,1.5,1.5,14,2,0.019,0.001,0,0
212.6,46.474,52.191,26.331,1.5,1.5,14,2,0.008,0.001,0,0
212.8,46.461,52.197,26.518,1.5,1.5,14,2,-0.013,0.001,0,0
213.0,46.461,52.189,26.701,1.5,1.5,14,2,0.0,0.001,0,0
213.2,46.459,52.181,26.876,1.5,1.5,14,2,-0.002,0.001,0,0
213.4,46.454,52.185,26.934,1.5,1.5,14,2,-0.005,0.001,0,0
213.6,46.444,52.175,27.094,1.5,1.5,14,2,-0.009,0.0,0,0
213.8,46.453,52.174,27.313,1.5,1.5,14,2,0.009,0.0,0,0
214.0,46.46,52.179,27.35,1.5,1.5,14,2,0.006,0.0,0,0
214.2,46.478,52.177,27.103,1.5,1.5,14,2,0.018,0.0,0,0
214.4,46.48,52.171,27.038,1.5,1.5,14,2,0.002,0.0,0,0
214.6,46.499,52.177,26.774,1.5,1.5,14,2,0.019,0.0,0,0
214.8,46.496,52.172,26.715,1.5,1.5,14,2,-0.003,0.0,0,0
215.0,46.518,52.169,26.36,1.5,1.5,14,2,0.022,0.001,0,0
215.2,46.534,52.16,26.158,1.5,1.5,14,2,0.016,0.001,0,0
215.4,46.548,52.144,25.731,1.5,1.5,14,2,0.014,0.001,0,0
215.6,46.555,52.133,25.64,1.5,1.5,14,2,0.007,0.001,0,0
215.8,46.556,52.133,25.608,1.5,1.5,14,2,0.001,0.001,0,0
216.0,46.571,52.123,25.404,1.5,1.5,14,2,0.015,0.001,0,0
216.2,46.57,52.132,25.345,1.5,1.5,14,2,-0.002,0.001,0,0
216.4,46.57,52.129,25.313,1.5,1.5,14,2,0.001,0.001,0,0
216.6,46.57,52.13,25.289,1.5,1.5,14,2,0.0,0.001,0,0
216.8,46.583,52.136,24.952,1.5,1.5,14,2,0.013,0.0,0,0
217.0,46.6,52.135,24.628,1.5,1.5,14,2,0.017,0.0,0,0
217.2,46.603,52.127,24.746,1.5,1.5,14,2,0.003,0.0,0,0
217.4,46.601,52.115,24.723,1.5,1.5,14,2,-0.002,0.0,0,0
217.6,46.603,52.111,24.537,1.5,1.5,14,2,0.001,0.0,0,0
217.8,46.594,52.11,24.61,1.5,1.5,14,2,-0.009,0.0,0,0
218.0,46.592,52.11,24.601,1.5,1.5,14,2,-0.001,0.0,0,0
218.2,46.594,52.101,24.644,1.5,1.5,14,2,0.002,0.0,0,0
218.4,46.608,52.1,24.496,1.5,1.5,14,2,0.014,0.0,0,0
218.6,46.613,52.108,24.314,1.5,1.5,14,2,0.005,0.0,0,0
218.8,46.63,52.112,24.117,1.5,1.5,14,2,0.017,0.0,0,0
219.0,46.63,52.106,24.012,1.5,1.5,14,2,-0.0,0.0,0,0
219.2,46.644,52.115,24.014,1.5,1.5,14,2,0.014,0.0,0,0
219.4,46.665,52.123,23.705,1.5,1.5,14,2,0.021,0.001,0,0
219.6,46.678,52.135,23.65,1.5,1.5,14,2,0.013,0.001,0,0
219.8,46.684,52.139,23.449,1.5,1.5,14,2,0.006,0.001,0,0
220.0,46.696,52.149,23.427,1.5,1.5,14,2,0.011,0.001,0,0
220.2,46.719,52.163,23.248,1.5,1.5,14,2,0.024,0.001,0,0
220.4,46.735,52.174,23.138,1.5,1.5,14,2,0.016,0.001,0,0
220.6,46.744,52.188,23.064,1.5,1.5,14,2,0.008,0.002,0,0
220.8,46.747,52.197,23.046,1.5,1.5,14,2,0.003,0.002,0,0
221.0,46.766,52.201,22.997,1.5,1.5,14,2,0.019,0.001,0,0
221.2,46.769,52.202,23.066,1.5,1.5,14,2,0.004,0.001,0,0
221.4,46.77,52.215,23.04,1.5,1.5,14,2,0.001,0.001,0,0
221.6,46.77,52.219,23.036,1.5,1.5,14,2,-0.001,0.001,0,0
221.8,46.766,52.231,23.072,1.5,1.5,14,2,-0.004,0.001,0,0
222.0,46.785,52.239,22.924,1.5,1.5,14,2,0.019,0.0,0,0
222.2,46.785,52.239,22.796,1.5,1.5,14,2,0.0,0.0,0,0
222.4,46.792,52.238,22.815,1.5,1.5,14,2,0.007,0.0,0,0
222.6,46.802,52.243,22.816,1.5,1.5,14,2,0.01,0.0,0,0
222.8,46.794,52.233,22.891,1.5,1.5,14,2,-0.008,0.0,0,0
223.0,46.792,52.233,22.953,1.5,1.5,14,2,-0.003,0.0,0,0
223.2,46.791,52.232,23.031,1.5,1.5,14,2,-0.0,0.0,0,0
223.4,46.79,52.226,23.06,1.5,1.5,14,2,-0.002,0.0,0,0
223.6,46.785,52.224,23.114,1.5,1.5,14,2,-0.005,0.0,0,0
223.8,46.789,52.221,23.112,1.5,1.5,14,2,0.005,0.0,0,0
224.0,46.784,52.219,23.32,1.5,1.5,14,2,-0.005,0.0,0,0
224.2,46.777,52.219,23.366,1.5,1.5,14,2,-0.008,0.0,0,0
224.4,46.771,52.221,23.47,1.5,1.5,14,2,-0.005,0.0,0,0
224.6,46.772,52.218,23.57,1.5,1.5,14,2,0.001,0.0,0,0
224.8,46.767,52.222,23.532,1.5,1.5,14,2,-0.005,0.0,0,0
225.0,46.757,52.211,23.564,1.5,1.5,14,2,-0.01,0.0,0,0
225.2,46.741,52.202,23.751,1.5,1.5,14,2,-0.016,0.0,0,0
225.4,46.736,52.181,23.616,1.5,1.5,14,2,-0.005,0.0,0,0
225.6,46.729,52.175,23.783,1.5,1.5,14,2,-0.007,0.0,0,0
225.8,46.725,52.182,23.791,1.5,1.5,14,2,-0.004,0.0,0,0
226.0,46.708,52.17,23.923,1.5,1.5,14,2,-0.017,0.001,0,0
226.2,46.706,52.166,23.871,1.5,1.5,14,2,-0.003,0.001,0,0
226.4,46.716,52.164,23.735,1.5,1.5,14,2,0.01,0.0,0,0
226.6,46.717,52.174,23.711,1.5,1.5,14,2,0.001,0.0,0,0
226.8,46.706,52.176,23.754,1.5,1.5,14,2,-0.01,0.0,0,0
227.0,46.705,52.18,23.764,1.5,1.5,14,2,-0.001,0.0,0,0
227.2,46.704,52.187,23.81,1.5,1.5,14,2,-0.002,0.0,0,0
227.4,46.704,52.193,23.791,1.5,1.5,14,2,0.001,0.0,0,0
227.6,46.702,52.191,23.691,1.5,1.5,14,2,-0.002,0.0,0,0
227.8,46.702,52.207,23.692,1.5,1.5,14,2,-0.0,0.0,0,0
228.0,46.689,52.227,23.815,1.5,1.5,14,2,-0.014,0.0,0,0
228.2,46.688,52.229,23.7,1.5,1.5,14,2,-0.001,0.0,0,0
228.4,46.69,52.23,23.642,1.5,1.5,14,2,0.002,0.0,0,0
228.6,46.699,52.234,23.389,1.5,1.5,14,2,0.009,0.0,0,0
228.8,46.689,52.238,23.39,1.5,1.5,14,2,-0.01,0.0,0,0
229.0,46.69,52.26,23.392,1.5,1.5,14,2,0.001,0.0,0,0
229.2,46.695,52.264,23.333,1.5,1.5,14,2,0.005,0.0,0,0
229.4,46.695,52.274,23.297,1.5,1.5,14,2,-0.0,0.0,0,0
229.6,46.7,52.271,23.201,1.5,1.5,14,2,0.005,0.0,0,0
229.8,46.703,52.285,23.203,1.5,1.5,14,2,0.003,0.0,0,0
230.0,46.705,52.285,23.274,1.5,1.5,14,2,0.003,0.0,0,0
230.2,46.708,52.286,23.16,1.5,1.5,14,2,0.003,0.0,0,0
230.4,46.696,52.286,23.139,1.5,1.5,14,2,-0.012,0.0,0,0
230.6,46.704,52.281,23.038,1.5,1.5,14,2,0.008,0.0,0,0
230.8,46.699,52.278,23.089,1.5,1.5,14,2,-0.005,0.0,0,0
231.0,46.691,52.277,23.155,1.5,1.5,14,2,-0.008,0.0,0,0
231.2,46.692,52.279,23.193,1.5,1.5,14,2,0.001,0.0,0,0
231.4,46.685,52.281,23.198,1.5,1.5,14,2,-0.007,0.0,0,0
231.6,46.679,52.28,23.35,1.5,1.5,14,2,-0.006,0.0,0,0
231.8,46.691,52.278,23.421,1.5,1.5,14,2,0.012,0.0,0,0
232.0,46.701,52.27,23.184,1.5,1.5,14,2,0.01,0.0,0,0
232.2,46.698,52.271,23.092,1.5,1.5,14,2,-0.003,0.0,0,0
232.4,46.699,52.27,23.115,1.5,1.5,14,2,0.001,0.0,0,0
232.6,46.712,52.272,23.2,1.5,1.5,14,2,0.013,0.0,0,0
232.8,46.715,52.274,23.177,1.5,1.5,14,2,0.003,0.0,0,0
233.0,46.72,52.274,23.071,1.5,1.5,14,2,0.006,0.0,0,0
233.2,46.724,52.264,22.97,1.5,1.5,14,2,0.003,0.0,0,0
233.4,46.723,52.255,23.041,1.5,1.5,14,2,-0.0,0.0,0,0
233.6,46.719,52.248,23.089,1.5,1.5,14,2,-0.004,0.0,0,0
233.8,46.714,52.244,23.166,1.5,1.5,14,2,-0.006,0.0,0,0
234.0,46.699,52.232,23.286,1.5,1.5,14,2,-0.015,0.0,0,0
234.2,46.689,52.229,23.314,1.5,1.5,14,2,-0.01,0.0,0,0
234.4,46.685,52.225,23.304,1.5,1.5,14,2,-0.005,0.0,0,0
234.6,46.685,52.227,23.312,1.5,1.5,14,2,0.0,0.0,0,0
234.8,46.677,52.239,23.455,1.5,1.5,14,2,-0.008,0.0,0,0
235.0,46.672,52.227,23.56,1.5,1.5,14,2,-0.005,0.0,0,0
235.2,46.679,52.222,23.598,1.5,1.5,14,2,0.007,0.0,0,0
235.4,46.667,52.219,23.737,1.5,1.5,14,2,-0.011,0.0,0,0
235.6,46.66,52.214,23.858,1.5,1.5,14,2,-0.007,0.0,0,0
235.8,46.652,52.214,23.997,1.5,1.5,14,2,-0.008,0.0,0,0
236.0,46.651,52.223,24.02,1.5,1.5,14,2,-0.001,0.0,0,0
236.2,46.65,52.214,24.007,1.5,1.5,14,2,-0.001,0.0,0,0
236.4,46.657,52.207,24.075,1.5,1.5,14,2,0.007,0.0,0,0
236.6,46.648,52.199,24.129,1.5,1.5,14,2,-0.009,0.0,0,0
236.8,46.64,52.193,24.236,1.5,1.5,14,2,-0.008,0.0,0,0
237.0,46.634,52.185,24.324,1.5,1.5,14,2,-0.005,0.0,0,0
237.2,46.628,52.178,24.513,1.5,1.5,14,2,-0.006,0.0,0,0
237.4,46.619,52.165,24.66,1.5,1.5,14,2,-0.009,0.0,0,0
237.6,46.603,52.151,24.925,1.5,1.5,14,2,-0.015,0.0,0,0
237.8,46.6,52.132,25.064,1.5,1.5,14,2,-0.004,0.0,0,0
238.0,46.589,52.12,25.199,1.5,1.5,14,2,-0.01,0.0,0,0
238.2,46.57,52.117,25.362,1.5,1.5,14,2,-0.019,0.001,0,0
238.4,46.555,52.101,25.688,1.5,1.5,14,2,-0.015,0.001,0,0
238.6,46.543,52.091,25.832,1.5,1.5,14,2,-0.013,0.001,0,0
238.8,46.536,52.078,25.992,1.5,1.5,14,2,-0.007,0.001,0,0
239.0,46.521,52.073,26.179,1.5,1.5,14,2,-0.014,0.001,0,0
239.2,46.515,52.05,26.186,1.5,1.5,14,2,-0.006,0.001,0,0
239.4,46.5,52.032,26.462,1.5,1.5,14,2,-0.016,0.001,0,0
239.6,46.486,52.026,26.605,1.5,1.5,14,2,-0.013,0.001,0,0
239.8,46.479,52.022,26.782,1.5,1.5,14,2,-0.008,0.001,0,0
240.0,46.466,52.003,27.025,1.5,1.5,14,2,-0.013,0.001,0,0
240.2,46.464,51.985,26.989,1.5,1.5,14,2,-0.002,0.001,0,0
240.4,46.456,51.968,27.243,1.5,1.5,14,2,-0.008,0.001,0,0
240.6,46.446,51.962,27.282,1.5,1.5,14,2,-0.01,0.001,0,0
240.8,46.44,51.95,27.328,1.5,1.5,14,2,-0.006,0.001,0,0
241.0,46.43,51.942,27.445,1.5,1.5,14,2,-0.009,0.001,0,0
241.2,46.425,51.933,27.32,1.5,1.5,14,2,-0.006,0.001,0,0
241.4,46.417,51.923,27.527,1.5,1.5,14,2,-0.008,0.0,0,0
241.6,46.424,51.924,27.513,1.5,1.5,14,2,0.007,0.0,0,0
241.8,46.414,51.914,27.521,1.5,1.5,14,2,-0.01,0.0,0,0
242.0,46.412,51.914,27.641,1.5,1.5,14,2,-0.002,0.0,0,0
242.2,46.405,51.898,27.628,1.5,1.5,14,2,-0.007,0.0,0,0
242.4,46.408,51.889,27.604,1.5,1.5,14,2,0.003,0.0,0,0
242.6,46.424,51.894,27.55,1.5,1.5,14,2,0.016,0.0,0,0
242.8,46.413,51.887,27.482,1.5,1.5,14,2,-0.011,0.0,0,0
243.0,46.412,51.88,27.378,1.5,1.5,14,2,-0.001,0.0,0,0
243.2,46.418,51.877,27.306,1.5,1.5,14,2,0.006,0.0,0,0
243.4,46.422,51.87,27.292,1.5,1.5,14,2,0.004,0.0,0,0
243.6,46.424,51.858,27.201,1.5,1.5,14,2,0.002,0.0,0,0
243.8,46.443,51.854,27.036,1.5,1.5,14,2,0.019,0.0,0,0
244.0,46.44,51.858,27.067,1.5,1.5,14,2,-0.004,0.0,0,0
244.2,46.445,51.858,27.034,1.5,1.5,14,2,0.005,0.0,0,0
244.4,46.446,51.854,26.944,1.5,1.5,14,2,0.002,0.0,0,0
244.6,46.453,51.86,26.864,1.5,1.5,14,2,0.007,0.0,0,0
244.8,46.475,51.88,26.635,1.5,1.5,14,2,0.022,0.0,0,0
245.0,46.501,51.898,26.362,1.5,1.5,14,2,0.027,0.001,0,0
245.2,46.506,51.902,26.448,1.5,1.5,14,2,0.004,0.001,0,0
245.4,46.499,51.911,26.288,1.5,1.5,14,2,-0.006,0.001,0,0
245.6,46.506,51.917,26.156,1.5,1.5,14,2,0.007,0.001,0,0
245.8,46.495,51.917,26.279,1.5,1.5,14,2,-0.012,0.001,0,0
246.0,46.49,51.927,26.278,1.5,1.5,14,2,-0.005,0.001,0,0
246.2,46.482,51.932,26.331,1.5,1.5,14,2,-0.008,0.0,0,0
246.4,46.478,51.933,26.307,1.5,1.5,14,2,-0.003,0.0,0,0
246.6,46.485,51.933,26.122,1.5,1.5,14,2,0.007,0.0,0,0
246.8,46.499,51.935,26.03,1.5,1.5,14,2,0.014,0.0,0,0
247.0,46.508,51.959,25.959,1.5,1.5,14,2,0.009,0.0,0,0
247.2,46.505,51.95,25.844,1.5,1.5,14,2,-0.004,0.0,0,0
247.4,46.495,51.95,25.784,1.5,1.5,14,2,-0.009,0.0,0,0
247.6,46.497,51.955,25.824,1.5,1.5,14,2,0.002,0.0,0,0
247.8,46.499,51.963,25.813,1.5,1.5,14,2,0.002,0.0,0,0
248.0,46.501,51.964,25.657,1.5,1.5,14,2,0.002,0.0,0,0
248.2,46.51,51.977,25.675,1.5,1.5,14,2,0.009,0.0,0,0
248.4,46.517,51.977,25.58,1.5,1.5,14,2,0.007,0.0,0,0
248.6,46.532,51.971,25.245,1.5,1.5,14,2,0.014,0.0,0,0
248.8,46.528,51.963,25.258,1.5,1.5,14,2,-0.003,0.0,0,0
249.0,46.534,51.966,25.409,1.5,1.5,14,2,0.006,0.0,0,0
249.2,46.535,51.966,25.165,1.5,1.5,14,2,0.001,0.0,0,0
249.4,46.533,51.959,25.176,1.5,1.5,14,2,-0.003,0.0,0,0
249.6,46.536,51.947,25.131,1.5,1.5,14,2,0.003,0.0,0,0
249.8,46.539,51.944,25.163,1.5,1.5,14,2,0.003,0.0,0,0
250.0,46.546,51.946,25.165,1.5,1.5,14,2,0.007,0.0,0,0
250.2,46.542,51.944,25.151,1.5,1.5,14,2,-0.004,0.0,0,0
250.4,46.561,51.939,25.035,1.5,1.5,14,2,0.02,0.0,0,0
250.6,46.566,51.932,24.765,1.5,1.5,14,2,0.005,0.0,0,0
250.8,46.584,51.931,24.543,1.5,1.5,14,2,0.017,0.0,0,0
251.0,46.593,51.935,24.501,1.5,1.5,14,2,0.009,0.0,0,0
251.2,46.612,51.934,24.377,1.5,1.5,14,2,0.019,0.001,0,0
251.4,46.623,51.919,24.132,1.5,1.5,14,2,0.011,0.001,0,0
251.6,46.637,51.92,24.087,1.5,1.5,14,2,0.014,0.001,0,0
251.8,46.643,51.9,23.832,1.5,1.5,14,2,0.006,0.001,0,0
252.0,46.638,51.884,23.586,1.5,1.5,14,2,-0.005,0.001,0,0
252.2,46.649,51.884,23.625,1.5,1.5,14,2,0.011,0.001,0,0
252.4,46.66,51.862,23.464,1.5,1.5,14,2,0.011,0.001,0,0
252.6,46.654,51.848,23.322,1.5,1.5,14,2,-0.005,0.001,0,0
252.8,46.659,51.84,23.251,1.5,1.5,14,2,0.005,0.0,0,0
253.0,46.663,51.836,23.304,1.5,1.5,14,2,0.004,0.0,0,0
253.2,46.665,51.827,23.358,1.5,1.5,14,2,0.001,0.0,0,0
253.4,46.661,51.825,23.322,1.5,1.5,14,2,-0.004,0.0,0,0
253.6,46.669,51.83,23.343,1.5,1.5,14,2,0.008,0.0,0,0
253.8,46.683,51.84,23.352,1.5,1.5,14,2,0.014,0.0,0,0
254.0,46.702,51.849,23.142,1.5,1.5,14,2,0.019,0.0,0,0
254.2,46.714,51.846,22.998,1.5,1.5,14,2,0.011,0.0,0,0
254.4,46.716,51.852,23.061,1.5,1.5,14,2,0.003,0.001,0,0
254.6,46.712,51.861,23.083,1.5,1.5,14,2,-0.005,0.001,0,0
254.8,46.715,51.852,22.855,1.5,1.5,14,2,0.003,0.001,0,0
255.0,46.717,51.862,22.885,1.5,1.5,14,2,0.002,0.0,0,0
255.2,46.725,51.864,22.902,1.5,1.5,14,2,0.008,0.0,0,0
255.4,46.727,51.866,22.871,1.5,1.5,14,2,0.002,0.0,0,0
255.6,46.73,51.865,22.83,1.5,1.5,14,2,0.003,0.0,0,0
255.8,46.744,51.867,22.633,1.5,1.5,14,2,0.015,0.0,0,0
256.0,46.752,51.881,22.483,1.5,1.5,14,2,0.008,0.0,0,0
256.2,46.756,51.885,22.344,1.5,1.5,14,2,0.004,0.0,0,0
256.4,46.764,51.889,22.283,1.5,1.5,14,2,0.008,0.0,0,0
256.6,46.773,51.888,22.219,1.5,1.5,14,2,0.009,0.0,0,0
256.8,46.769,51.891,22.145,1.5,1.5,14,2,-0.004,0.0,0,0
257.0,46.778,51.903,22.042,1.5,1.5,14,2,0.009,0.0,0,0
257.2,46.786,51.911,21.994,1.5,1.5,14,2,0.008,0.0,0,0
257.4,46.789,51.921,22.003,1.5,1.5,14,2,0.003,0.0,0,0
257.6,46.795,51.935,22.066,1.5,1.5,14,2,0.006,0.0,0,0
257.8,46.796,51.938,21.971,1.5,1.5,14,2,0.001,0.0,0,0
258.0,46.802,51.941,21.978,1.5,1.5,14,2,0.006,0.0,0,0
258.2,46.801,51.947,22.027,1.5,1.5,14,2,-0.0,0.0,0,0
258.4,46.787,51.952,22.165,1.5,1.5,14,2,-0.014,0.0,0,0
258.6,46.796,51.957,22.196,1.5,1.5,14,2,0.009,0.0,0,0
258.8,46.786,51.959,22.255,1.5,1.5,14,2,-0.01,0.0,0,0
259.0,46.787,51.969,22.343,1.5,1.5,14,2,0.001,0.0,0,0
259.2,46.801,51.968,22.057,1.5,1.5,14,2,0.014,0.0,0,0
259.4,46.805,51.978,21.949,1.5,1.5,14,2,0.004,0.0,0,0
259.6,46.806,51.965,21.862,1.5,1.5,14,2,0.001,0.0,0,0
259.8,46.822,51.976,21.864,1.5,1.5,14,2,0.016,0.0,0,0
260.0,46.816,51.989,22.006,1.5,1.5,14,2,-0.006,0.0,0,0
260.2,46.816,52.006,22.093,1.5,1.5,14,2,0.0,0.0,0,0
260.4,46.808,52.014,22.151,1.5,1.5,14,2,-0.008,0.0,0,0
260.6,46.809,52.022,22.125,1.5,1.5,14,2,0.001,0.0,0,0
260.8,46.806,52.016,22.241,1.5,1.5,14,2,-0.003,0.0,0,0
261.0,46.795,52.02,22.372,1.5,1.5,14,2,-0.011,0.0,0,0
261.2,46.779,52.011,22.401,1.5,1.5,14,2,-0.017,0.0,0,0
261.4,46.773,52.004,22.467,1.5,1.5,14,2,-0.005,0.0,0,0
261.6,46.761,52.0,22.446,1.5,1.5,14,2,-0.013,0.0,0,0
261.8,46.76,51.995,22.494,1.5,1.5,14,2,-0.001,0.0,0,0
262.0,46.755,51.991,22.384,1.5,1.5,14,2,-0.005,0.0,0,0
262.2,46.752,51.987,22.367,1.5,1.5,14,2,-0.002,0.0,0,0
262.4,46.746,51.98,22.343,1.5,1.5,14,2,-0.006,0.0,0,0
262.6,46.748,51.972,22.272,1.5,1.5,14,2,0.002,0.0,0,0
262.8,46.732,51.967,22.284,1.5,1.5,14,2,-0.016,0.0,0,0
263.0,46.727,51.961,22.251,1.5,1.5,14,2,-0.005,0.0,0,0
263.2,46.723,51.946,22.25,1.5,1.5,14,2,-0.004,0.0,0,0
263.4,46.707,51.928,22.233,1.5,1.5,14,2,-0.016,0.0,0,0
263.6,46.707,51.92,22.209,1.5,1.5,14,2,-0.0,0.0,0,0
263.8,46.703,51.914,22.195,1.5,1.5,14,2,-0.003,0.0,0,0
264.0,46.7,51.903,22.34,1.5,1.5,14,2,-0.004,0.0,0,0
264.2,46.682,51.896,22.323,1.5,1.5,14,2,-0.017,0.0,0,0
264.4,46.691,51.885,22.159,1.5,1.5,14,2,0.009,0.0,0,0
264.6,46.693,51.873,22.141,1.5,1.5,14,2,0.002,0.0,0,0
264.8,46.688,51.853,22.152,1.5,1.5,14,2,-0.006,0.0,0,0
265.0,46.691,51.84,22.09,1.5,1.5,14,2,0.003,0.0,0,0
265.2,46.701,51.822,21.881,1.5,1.5,14,2,0.01,0.0,0,0
265.4,46.709,51.814,21.724,1.5,1.5,14,2,0.008,0.0,0,0
265.6,46.718,51.806,21.541,1.5,1.5,14,2,0.009,0.0,0,0
265.8,46.724,51.792,21.509,1.5,1.5,14,2,0.006,0.0,0,0
266.0,46.725,51.791,21.497,1.5,1.5,14,2,0.002,0.0,0,0
266.2,46.741,51.78,21.329,1.5,1.5,14,2,0.016,0.0,0,0
266.4,46.746,51.779,21.188,1.5,1.5,14,2,0.005,0.0,0,0
266.6,46.762,51.778,21.096,1.5,1.5,14,2,0.016,0.001,0,0
266.8,46.768,51.779,20.941,1.5,1.5,14,2,0.006,0.001,0,0
267.0,46.776,51.769,20.902,1.5,1.5,14,2,0.008,0.001,0,0
267.2,46.78,51.761,20.698,1.5,1.5,14,2,0.005,0.001,0,0
267.4,46.778,51.762,20.635,1.5,1.5,14,2,-0.002,0.001,0,0
267.6,46.785,51.756,20.591,1.5,1.5,14,2,0.006,0.0,0,0
267.8,46.788,51.753,20.676,1.5,1.5,14,2,0.004,0.0,0,0
268.0,46.791,51.76,20.646,1.5,1.5,14,2,0.003,0.0,0,0
268.2,46.8,51.761,20.622,1.5,1.5,14,2,0.008,0.0,0,0
268.4,46.804,51.765,20.64,1.5,1.5,14,2,0.004,0.0,0,0
268.6,46.813,51.77,20.46,1.5,1.5,14,2,0.009,0.0,0,0
268.8,46.815,51.78,20.462,1.5,1.5,14,2,0.002,0.0,0,0
269.0,46.829,51.798,20.397,1.5,1.5,14,2,0.014,0.0,0,0
269.2,46.824,51.794,20.455,1.5,1.5,14,2,-0.005,0.0,0,0
269.4,46.833,51.792,20.397,1.5,1.5,14,2,0.009,0.0,0,0
269.6,46.859,51.797,20.224,1.5,1.5,14,2,0.026,0.0,0,0
269.8,46.863,51.802,20.146,1.5,1.5,14,2,0.004,0.001,0,0
270.0,46.867,51.822,20.191,1.5,1.5,14,2,0.004,0.001,0,0
270.2,46.877,51.829,20.244,1.5,1.5,14,2,0.01,0.001,0,0
270.4,46.866,51.842,20.394,1.5,1.5,14,2,-0.01,0.001,0,0
270.6,46.869,51.836,20.486,1.5,1.5,14,2,0.002,0.0,0,0
270.8,46.887,51.826,20.459,1.5,1.5,14,2,0.018,0.0,0,0
271.0,46.894,51.827,20.568,1.5,1.5,14,2,0.007,0.0,0,0
271.2,46.893,51.828,20.667,1.5,1.5,14,2,-0.001,0.0,0,0
271.4,46.903,51.824,20.594,1.5,1.5,14,2,0.01,0.0,0,0
271.6,46.894,51.818,20.755,1.5,1.5,14,2,-0.009,0.0,0,0
271.8,46.881,51.803,20.818,1.5,1.5,14,2,-0.014,0.0,0,0
272.0,46.883,51.79,20.728,1.5,1.5,14,2,0.002,0.0,0,0
272.2,46.878,51.779,20.885,1.5,1.5,14,2,-0.005,0.0,0,0
272.4,46.864,51.763,20.994,1.5,1.5,14,2,-0.014,0.0,0,0
272.6,46.862,51.751,21.08,1.5,1.5,14,2,-0.003,0.0,0,0
272.8,46.845,51.729,21.249,1.5,1.5,14,2,-0.017,0.0,0,0
273.0,46.833,51.718,21.33,1.5,1.5,14,2,-0.011,0.0,0,0
273.2,46.831,51.712,21.428,1.5,1.5,14,2,-0.002,0.001,0,0
273.4,46.82,51.688,21.414,1.5,1.5,14,2,-0.011,0.001,0,0
273.6,46.816,51.672,21.537,1.5,1.5,14,2,-0.004,0.001,0,0
273.8,46.81,51.664,21.703,1.5,1.5,14,2,-0.006,0.001,0,0
274.0,46.804,51.65,21.693,1.5,1.5,14,2,-0.006,0.001,0,0
274.2,46.789,51.639,21.892,1.5,1.5,14,2,-0.015,0.001,0,0
274.4,46.779,51.638,22.053,1.5,1.5,14,2,-0.01,0.001,0,0
274.6,46.765,51.642,22.288,1.5,1.5,14,2,-0.015,0.001,0,0
274.8,46.766,51.649,22.494,1.5,1.5,14,2,0.001,0.001,0,0
275.0,46.76,51.638,22.59,1.5,1.5,14,2,-0.006,0.001,0,0
275.2,46.749,51.626,22.725,1.5,1.5,14,2,-0.011,0.001,0,0
275.4,46.741,51.622,22.925,1.5,1.5,14,2,-0.008,0.001,0,0
275.6,46.732,51.618,23.004,1.5,1.5,14,2,-0.008,0.001,0,0
275.8,46.725,51.621,23.103,1.5,1.5,14,2,-0.007,0.001,0,0
276.0,46.727,51.631,23.258,1.5,1.5,14,2,0.001,0.0,0,0
276.2,46.709,51.632,23.458,1.5,1.5,14,2,-0.017,0.0,0,0
276.4,46.725,51.642,23.274,1.5,1.5,14,2,0.016,0.0,0,0
276.6,46.715,51.65,23.406,1.5,1.5,14,2,-0.01,0.0,0,0
276.8,46.714,51.663,23.486,1.5,1.5,14,2,-0.002,0.0,0,0
277.0,46.718,51.674,23.509,1.5,1.5,14,2,0.005,0.0,0,0
277.2,46.724,51.683,23.39,1.5,1.5,14,2,0.006,0.0,0,0
277.4,46.734,51.692,23.261,1.5,1.5,14,2,0.01,0.0,0,0
277.6,46.735,51.703,23.255,1.5,1.5,14,2,0.001,0.0,0,0
277.8,46.736,51.706,23.109,1.5,1.5,14,2,0.001,0.0,0,0
278.0,46.746,51.709,22.909,1.5,1.5,14,2,0.01,0.0,0,0
278.2,46.749,51.712,22.74,1.5,1.5,14,2,0.004,0.0,0,0
278.4,46.767,51.72,22.351,1.5,1.5,14,2,0.017,0.0,0,0
278.6,46.779,51.726,22.188,1.5,1.5,14,2,0.013,0.0,0,0
278.8,46.783,51.732,21.963,1.5,1.5,14,2,0.003,0.0,0,0
279.0,46.805,51.752,21.763,1.5,1.5,14,2,0.022,0.001,0,0
279.2,46.805,51.761,21.591,1.5,1.5,14,2,0.0,0.001,0,0
279.4,46.81,51.781,21.5,1.5,1.5,14,2,0.005,0.001,0,0
279.6,46.814,51.786,21.274,1.5,1.5,14,2,0.004,0.001,0,0
279.8,46.822,51.79,21.091,1.5,1.5,14,2,0.007,0.001,0,0
280.0,46.842,51.803,20.746,1.5,1.5,14,2,0.02,0.001,0,0
280.2,46.847,51.813,20.689,1.5,1.5,14,2,0.005,0.001,0,0
280.4,46.861,51.814,20.568,1.5,1.5,14,2,0.014,0.001,0,0
280.6,46.866,51.825,20.448,1.5,1.5,14,2,0.005,0.001,0,0
280.8,46.876,51.819,20.288,1.5,1.5,14,2,0.009,0.001,0,0
281.0,46.884,51.823,20.125,1.5,1.5,14,2,0.009,0.001,0,0
281.2,46.894,51.828,20.009,1.5,1.5,14,2,0.01,0.001,0,0
281.4,46.895,51.81,19.857,1.5,1.5,14,2,0.001,0.001,0,0
281.6,46.912,51.814,19.785,1.5,1.5,14,2,0.016,0.001,0,0
281.8,46.904,51.811,19.665,1.5,1.5,14,2,-0.007,0.001,0,0
282.0,46.905,51.809,19.646,1.5,1.5,14,2,0.001,0.0,0,0
282.2,46.908,51.795,19.6,1.5,1.5,14,2,0.002,0.0,0,0
282.4,46.903,51.803,19.587,1.5,1.5,14,2,-0.005,0.0,0,0
282.6,46.891,51.801,19.689,1.5,1.5,14,2,-0.012,0.0,0,0
282.8,46.886,51.792,19.622,1.5,1.5,14,2,-0.005,0.0,0,0
283.0,46.889,51.785,19.646,1.5,1.5,14,2,0.003,0.0,0,0
283.2,46.892,51.797,19.568,1.5,1.5,14,2,0.003,0.0,0,0
283.4,46.883,51.791,19.508,1.5,1.5,14,2,-0.009,0.0,0,0
283.6,46.883,51.774,19.418,1.5,1.5,14,2,0.0,0.0,0,0
283.8,46.877,51.763,19.4,1.5,1.5,14,2,-0.006,0.0,0,0
284.0,46.877,51.771,19.389,1.5,1.5,14,2,0.0,0.0,0,0
284.2,46.887,51.774,19.222,1.5,1.5,14,2,0.01,0.0,0,0
284.4,46.885,51.762,19.213,1.5,1.5,14,2,-0.002,0.0,0,0
284.6,46.884,51.762,19.22,1.5,1.5,14,2,-0.001,0.0,0,0
284.8,46.876,51.771,19.205,1.5,1.5,14,2,-0.008,0.0,0,0
285.0,46.865,51.763,19.296,1.5,1.5,14,2,-0.011,0.0,0,0
285.2,46.86,51.76,19.375,1.5,1.5,14,2,-0.005,0.0,0,0
285.4,46.854,51.761,19.38,1.5,1.5,14,2,-0.007,0.0,0,0
285.6,46.853,51.757,19.351,1.5,1.5,14,2,-0.0,0.0,0,0
285.8,46.859,51.767,19.464,1.5,1.5,14,2,0.006,0.0,0,0
286.0,46.86,51.777,19.505,1.5,1.5,14,2,0.001,0.0,0,0
286.2,46.841,51.769,19.574,1.5,1.5,14,2,-0.019,0.0,0,0
286.4,46.835,51.762,19.669,1.5,1.5,14,2,-0.006,0.0,0,0
286.6,46.826,51.76,19.724,1.5,1.5,14,2,-0.009,0.0,0,0
286.8,46.82,51.755,19.725,1.5,1.5,14,2,-0.006,0.0,0,0
287.0,46.808,51.749,19.891,1.5,1.5,14,2,-0.012,0.0,0,0
287.2,46.81,51.754,19.934,1.5,1.5,14,2,0.002,0.0,0,0
287.4,46.802,51.753,19.96,1.5,1.5,14,2,-0.008,0.0,0,0
287.6,46.791,51.743,20.046,1.5,1.5,14,2,-0.011,0.0,0,0
287.8,46.782,51.743,20.271,1.5,1.5,14,2,-0.009,0.001,0,0
288.0,46.78,51.754,20.345,1.5,1.5,14,2,-0.002,0.0,0,0
288.2,46.767,51.762,20.459,1.5,1.5,14,2,-0.012,0.0,0,0
288.4,46.768,51.758,20.419,1.5,1.5,14,2,0.0,0.0,0,0
288.6,46.772,51.752,20.366,1.5,1.5,14,2,0.004,0.0,0,0
288.8,46.77,51.757,20.412,1.5,1.5,14,2,-0.003,0.0,0,0
289.0,46.782,51.757,20.264,1.5,1.5,14,2,0.013,0.0,0,0
289.2,46.789,51.759,20.255,1.5,1.5,14,2,0.007,0.0,0,0
289.4,46.785,51.763,20.273,1.5,1.5,14,2,-0.004,0.0,0,0
289.6,46.765,51.754,20.48,1.5,1.5,14,2,-0.02,0.0,0,0
289.8,46.765,51.746,20.495,1.5,1.5,14,2,0.0,0.0,0,0
290.0,46.766,51.747,20.603,1.5,1.5,14,2,0.001,0.0,0,0
290.2,46.76,51.763,20.672,1.5,1.5,14,2,-0.006,0.0,0,0
290.4,46.753,51.769,20.761,1.5,1.5,14,2,-0.007,0.0,0,0
290.6,46.751,51.762,20.881,1.5,1.5,14,2,-0.002,0.0,0,0
290.8,46.737,51.765,21.009,1.5,1.5,14,2,-0.014,0.0,0,0
291.0,46.738,51.767,21.178,1.5,1.5,14,2,0.001,0.0,0,0
291.2,46.732,51.761,21.189,1.5,1.5,14,2,-0.006,0.0,0,0
291.4,46.716,51.76,21.468,1.5,1.5,14,2,-0.017,0.0,0,0
291.6,46.719,51.764,21.452,1.5,1.5,14,2,0.004,0.0,0,0
291.8,46.704,51.768,21.637,1.5,1.5,14,2,-0.015,0.0,0,0
292.0,46.703,51.764,21.72,1.5,1.5,14,2,-0.001,0.0,0,0
292.2,46.712,51.761,21.731,1.5,1.5,14,2,0.009,0.0,0,0
292.4,46.708,51.767,21.829,1.5,1.5,14,2,-0.004,0.0,0,0
292.6,46.709,51.768,21.901,1.5,1.5,14,2,0.001,0.0,0,0
292.8,46.715,51.76,21.878,1.5,1.5,14,2,0.006,0.0,0,0
293.0,46.713,51.765,21.973,1.5,1.5,14,2,-0.001,0.0,0,0
293.2,46.711,51.769,21.978,1.5,1.5,14,2,-0.002,0.0,0,0
293.4,46.713,51.779,21.971,1.5,1.5,14,2,0.002,0.0,0,0
293.6,46.723,51.773,21.816,1.5,1.5,14,2,0.01,0.0,0,0
293.8,46.716,51.764,21.904,1.5,1.5,14,2,-0.007,0.0,0,0
294.0,46.716,51.768,21.957,1.5,1.5,14,2,-0.0,0.0,0,0
294.2,46.708,51.779,22.147,1.5,1.5,14,2,-0.008,0.0,0,0
294.4,46.704,51.774,22.206,1.5,1.5,14,2,-0.003,0.0,0,0
294.6,46.698,51.782,22.279,1.5,1.5,14,2,-0.006,0.0,0,0
294.8,46.706,51.772,22.258,1.5,1.5,14,2,0.008,0.0,0,0
295.0,46.708,51.775,22.22,1.5,1.5,14,2,0.002,0.0,0,0
295.2,46.7,51.769,22.26,1.5,1.5,14,2,-0.008,0.0,0,0
295.4,46.684,51.768,22.376,1.5,1.5,14,2,-0.016,0.0,0,0
295.6,46.683,51.772,22.439,1.5,1.5,14,2,-0.001,0.0,0,0
295.8,46.697,51.786,22.387,1.5,1.5,14,2,0.013,0.0,0,0
296.0,46.692,51.786,22.475,1.5,1.5,14,2,-0.005,0.0,0,0
296.2,46.674,51.787,22.924,1.5,1.5,14,2,-0.018,0.0,0,0
296.4,46.69,51.78,22.832,1.5,1.5,14,2,0.016,0.0,0,0
296.6,46.678,51.784,22.919,1.5,1.5,14,2,-0.012,0.0,0,0
296.8,46.674,51.782,23.121,1.5,1.5,14,2,-0.004,0.0,0,0
297.0,46.694,51.786,22.976,1.5,1.5,14,2,0.02,0.0,0,0
297.2,46.699,51.782,22.834,1.5,1.5,14,2,0.005,0.0,0,0
297.4,46.697,51.795,23.028,1.5,1.5,14,2,-0.003,0.0,0,0
297.6,46.695,51.802,23.068,1.5,1.5,14,2,-0.002,0.0,0,0
297.8,46.698,51.798,23.01,1.5,1.5,14,2,0.003,0.0,0,0
298.0,46.7,51.789,23.072,1.5,1.5,14,2,0.001,0.0,0,0
298.2,46.709,51.771,22.954,1.5,1.5,14,2,0.01,0.0,0,0
298.4,46.715,51.766,22.917,1.5,1.5,14,2,0.006,0.0,0,0
298.6,46.72,51.754,22.855,1.5,1.5,14,2,0.005,0.0,0,0
298.8,46.721,51.754,22.91,1.5,1.5,14,2,0.001,0.0,0,0
299.0,46.725,51.743,22.794,1.5,1.5,14,2,0.004,0.0,0,0
299.2,46.73,51.734,22.829,1.5,1.5,14,2,0.005,0.0,0,0
299.4,46.725,51.72,22.964,1.5,1.5,14,2,-0.005,0.0,0,0
299.6,46.728,51.709,22.885,1.5,1.5,14,2,0.003,0.0,0,0
299.8,46.72,51.682,22.946,1.5,1.5,14,2,-0.008,0.0,0,0
300.0,46.712,51.674,23.028,1.5,1.5,14,2,-0.008,0.0,0,0
300.2,46.714,51.657,23.023,1.5,1.5,14,2,0.002,0.0,0,0
300.4,46.718,51.651,23.073,1.5,1.5,14,2,0.004,0.0,0,0
300.6,46.707,51.633,23.197,1.5,1.5,14,2,-0.011,0.0,0,0
300.8,46.71,51.624,23.196,1.5,1.5,14,2,0.004,0.0,0,0
301.0,46.705,51.622,23.419,1.5,1.5,14,2,-0.006,0.0,0,0
301.2,46.705,51.616,23.532,1.5,1.5,14,2,-0.0,0.0,0,0
301.4,46.688,51.605,23.662,1.5,1.5,14,2,-0.016,0.0,0,0
301.6,46.683,51.602,23.722,1.5,1.5,14,2,-0.005,0.0,0,0
301.8,46.685,51.59,23.866,1.5,1.5,14,2,0.002,0.0,0,0
302.0,46.682,51.58,24.098,1.5,1.5,14,2,-0.004,0.0,0,0
302.2,46.682,51.572,23.97,1.5,1.5,14,2,0.0,0.0,0,0
302.4,46.684,51.569,23.914,1.5,1.5,14,2,0.002,0.0,0,0
302.6,46.681,51.565,24.163,1.5,1.5,14,2,-0.002,0.0,0,0
302.8,46.68,51.57,24.326,1.5,1.5,14,2,-0.001,0.0,0,0
303.0,46.67,51.58,24.58,1.5,1.5,14,2,-0.01,0.0,0,0
303.2,46.681,51.586,24.398,1.5,1.5,14,2,0.011,0.0,0,0
303.4,46.681,51.586,24.503,1.5,1.5,14,2,0.0,0.0,0,0
303.6,46.681,51.59,24.592,1.5,1.5,14,2,0.0,0.0,0,0
303.8,46.68,51.6,24.592,1.5,1.5,14,2,-0.002,0.0,0,0
304.0,46.683,51.61,24.675,1.5,1.5,14,2,0.004,0.0,0,0
304.2,46.68,51.617,24.982,1.5,1.5,14,2,-0.004,0.0,0,0
304.4,46.684,51.624,24.855,1.5,1.5,14,2,0.004,0.0,0,0
304.6,46.676,51.623,25.047,1.5,1.5,14,2,-0.008,0.0,0,0
304.8,46.684,51.623,24.974,1.5,1.5,14,2,0.008,0.0,0,0
305.0,46.694,51.636,24.963,1.5,1.5,14,2,0.01,0.0,0,0
305.2,46.716,51.654,24.72,1.5,1.5,14,2,0.023,0.0,0,0
305.4,46.716,51.669,24.896,1.5,1.5,14,2,0.0,0.0,0,0
305.6,46.712,51.662,24.968,1.5,1.5,14,2,-0.005,0.0,0,0
305.8,46.705,51.677,25.181,1.5,1.5,14,2,-0.006,0.0,0,0
306.0,46.704,51.693,25.115,1.5,1.5,14,2,-0.002,0.0,0,0
306.2,46.695,51.701,25.304,1.5,1.5,14,2,-0.009,0.0,0,0
306.4,46.69,51.701,25.411,1.5,1.5,14,2,-0.005,0.0,0,0
306.6,46.677,51.705,25.632,1.5,1.5,14,2,-0.013,0.0,0,0
306.8,46.671,51.71,25.789,1.5,1.5,14,2,-0.006,0.0,0,0
307.0,46.671,51.712,25.886,1.5,1.5,14,2,-0.0,0.0,0,0
307.2,46.673,51.724,25.873,1.5,1.5,14,2,0.003,0.0,0,0
307.4,46.67,51.744,25.852,1.5,1.5,14,2,-0.004,0.0,0,0
307.6,46.675,51.763,25.953,1.5,1.5,14,2,0.005,0.0,0,0
307.8,46.686,51.771,25.792,1.5,1.5,14,2,0.011,0.0,0,0
308.0,46.675,51.768,25.937,1.5,1.5,14,2,-0.011,0.0,0,0
308.2,46.664,51.763,26.044,1.5,1.5,14,2,-0.011,0.0,0,0
308.4,46.65,51.77,26.175,1.5,1.5,14,2,-0.015,0.0,0,0
308.6,46.631,51.761,26.515,1.5,1.5,14,2,-0.018,0.0,0,0
308.8,46.633,51.762,26.571,1.5,1.5,14,2,0.002,0.0,0,0
309.0,46.629,51.753,26.662,1.5,1.5,14,2,-0.004,0.0,0,0
309.2,46.622,51.755,26.756,1.5,1.5,14,2,-0.007,0.0,0,0
309.4,46.624,51.757,26.809,1.5,1.5,14,2,0.001,0.001,0,0
309.6,46.615,51.764,27.027,1.5,1.5,14,2,-0.009,0.001,0,0
309.8,46.611,51.776,27.107,1.5,1.5,14,2,-0.004,0.0,0,0
310.0,46.601,51.772,27.229,1.5,1.5,14,2,-0.011,0.0,0,0
310.2,46.602,51.771,27.272,1.5,1.5,14,2,0.001,0.0,0,0
310.4,46.608,51.759,27.286,1.5,1.5,14,2,0.006,0.0,0,0
310.6,46.586,51.756,27.55,1.5,1.5,14,2,-0.022,0.0,0,0
310.8,46.579,51.755,27.721,1.5,1.5,14,2,-0.007,0.0,0,0
311.0,46.577,51.76,27.726,1.5,1.5,14,2,-0.002,0.0,0,0
311.2,46.586,51.754,27.605,1.5,1.5,14,2,0.009,0.0,0,0
311.4,46.584,51.753,27.605,1.5,1.5,14,2,-0.002,0.0,0,0
311.6,46.578,51.75,27.669,1.5,1.5,14,2,-0.006,0.0,0,0
311.8,46.571,51.737,27.764,1.5,1.5,14,2,-0.007,0.0,0,0
312.0,46.577,51.73,27.67,1.5,1.5,14,2,0.006,0.0,0,0
312.2,46.589,51.733,27.46,1.5,1.5,14,2,0.012,0.0,0,0
312.4,46.587,51.731,27.325,1.5,1.5,14,2,-0.002,0.0,0,0
312.6,46.579,51.744,27.566,1.5,1.5,14,2,-0.008,0.0,0,0
312.8,46.57,51.744,27.677,1.5,1.5,14,2,-0.009,0.0,0,0
313.0,46.552,51.738,27.939,1.5,1.5,14,2,-0.018,0.0,0,0
313.2,46.556,51.74,27.908,1.5,1.5,14,2,0.004,0.0,0,0
313.4,46.557,51.74,27.772,1.5,1.5,14,2,0.001,0.0,0,0
313.6,46.568,51.74,27.56,1.5,1.5,14,2,0.011,0.0,0,0
313.8,46.566,51.738,27.541,1.5,1.5,14,2,-0.002,0.0,0,0
314.0,46.569,51.747,27.472,1.5,1.5,14,2,0.003,0.0,0,0
314.2,46.565,51.746,27.492,1.5,1.5,14,2,-0.004,0.0,0,0
314.4,46.572,51.737,27.357,1.5,1.5,14,2,0.007,0.0,0,0
314.6,46.574,51.75,27.273,1.5,1.5,14,2,0.001,0.0,0,0
314.8,46.568,51.761,27.411,1.5,1.5,14,2,-0.006,0.0,0,0
315.0,46.558,51.762,27.495,1.5,1.5,14,2,-0.01,0.0,0,0
315.2,46.568,51.767,27.475,1.5,1.5,14,2,0.01,0.0,0,0
315.4,46.586,51.773,27.316,1.5,1.5,14,2,0.018,0.0,0,0
315.6,46.569,51.77,27.42,1.5,1.5,14,2,-0.018,0.0,0,0
315.8,46.559,51.763,27.673,1.5,1.5,14,2,-0.01,0.0,0,0
316.0,46.558,51.768,27.825,1.5,1.5,14,2,-0.001,0.0,0,0
316.2,46.55,51.773,27.983,1.5,1.5,14,2,-0.007,0.0,0,0
316.4,46.549,51.779,28.255,1.5,1.5,14,2,-0.001,0.0,0,0
316.6,46.55,51.782,28.449,1.5,1.5,14,2,0.001,0.0,0,0
316.8,46.548,51.795,28.482,1.5,1.5,14,2,-0.002,0.0,0,0
317.0,46.551,51.804,28.639,1.5,1.5,14,2,0.003,0.0,0,0
317.2,46.528,51.798,29.084,1.5,1.5,14,2,-0.023,0.0,0,0
317.4,46.532,51.808,28.993,1.5,1.5,14,2,0.003,0.0,0,0
317.6,46.536,51.804,28.951,1.5,1.5,14,2,0.004,0.0,0,0
317.8,46.529,51.814,29.152,1.5,1.5,14,2,-0.007,0.0,0,0
318.0,46.526,51.812,29.049,1.5,1.5,14,2,-0.003,0.0,0,0
318.2,46.521,51.81,29.225,1.5,1.5,14,2,-0.005,0.0,0,0
318.4,46.526,51.811,29.065,1.5,1.5,14,2,0.005,0.0,0,0
318.6,46.514,51.82,29.222,1.5,1.5,14,2,-0.012,0.0,0,0
318.8,46.516,51.824,29.269,1.5,1.5,14,2,0.002,0.0,0,0
319.0,46.513,51.832,29.213,1.5,1.5,14,2,-0.002,0.0,0,0
319.2,46.522,51.828,28.913,1.5,1.5,14,2,0.008,0.0,0,0
319.4,46.525,51.835,28.74,1.5,1.5,14,2,0.003,0.0,0,0
319.6,46.543,51.843,28.43,1.5,1.5,14,2,0.018,0.0,0,0
319.8,46.551,51.851,28.394,1.5,1.5,14,2,0.008,0.0,0,0
320.0,46.565,51.865,28.116,1.5,1.5,14,2,0.014,0.0,0,0
320.2,46.58,51.869,27.957,1.5,1.5,14,2,0.016,0.0,0,0
320.4,46.582,51.895,27.884,1.5,1.5,14,2,0.001,0.001,0,0
320.6,46.588,51.909,27.727,1.5,1.5,14,2,0.006,0.001,0,0
320.8,46.594,51.935,27.586,1.5,1.5,14,2,0.006,0.001,0,0
321.0,46.608,51.949,27.392,1.5,1.5,14,2,0.013,0.001,0,0
321.2,46.612,51.957,27.373,1.5,1.5,14,2,0.004,0.001,0,0
321.4,46.622,51.97,27.274,1.5,1.5,14,2,0.01,0.001,0,0
321.6,46.619,51.984,27.23,1.5,1.5,14,2,-0.003,0.001,0,0
321.8,46.626,52.0,27.194,1.5,1.5,14,2,0.007,0.0,0,0
322.0,46.638,52.003,27.064,1.5,1.5,14,2,0.011,0.0,0,0
322.2,46.645,52.001,26.985,1.5,1.5,14,2,0.008,0.0,0,0
322.4,46.657,52.004,26.658,1.5,1.5,14,2,0.011,0.0,0,0
322.6,46.661,52.004,26.57,1.5,1.5,14,2,0.005,0.0,0,0
322.8,46.672,52.009,26.431,1.5,1.5,14,2,0.01,0.0,0,0
323.0,46.689,52.007,26.032,1.5,1.5,14,2,0.017,0.001,0,0
323.2,46.709,52.006,25.683,1.5,1.5,14,2,0.02,0.001,0,0
323.4,46.731,52.0,25.213,1.5,1.5,14,2,0.022,0.001,0,0
323.6,46.752,51.999,24.94,1.5,1.5,14,2,0.02,0.002,0,0
323.8,46.765,51.99,24.728,1.5,1.5,14,2,0.013,0.002,0,0
324.0,46.773,51.987,24.614,1.5,1.5,14,2,0.008,0.002,0,0
324.2,46.762,51.985,24.584,1.5,1.5,14,2,-0.011,0.002,0,0
324.4,46.768,51.977,24.42,1.5,1.5,14,2,0.006,0.002,0,0
324.6,46.772,51.972,24.262,1.5,1.5,14,2,0.004,0.001,0,0
324.8,46.774,51.963,24.104,1.5,1.5,14,2,0.002,0.001,0,0
325.0,46.784,51.944,23.864,1.5,1.5,14,2,0.01,0.0,0,0
325.2,46.793,51.934,23.754,1.5,1.5,14,2,0.009,0.0,0,0
325.4,46.806,51.919,23.528,1.5,1.5,14,2,0.013,0.0,0,0
325.6,46.823,51.915,23.295,1.5,1.5,14,2,0.017,0.0,0,0
325.8,46.826,51.91,23.291,1.5,1.5,14,2,0.003,0.0,0,0
326.0,46.824,51.892,23.236,1.5,1.5,14,2,-0.001,0.001,0,0
326.2,46.84,51.882,23.008,1.5,1.5,14,2,0.016,0.001,0,0
326.4,46.84,51.862,22.895,1.5,1.5,14,2,-0.001,0.001,0,0
326.6,46.856,51.835,22.543,1.5,1.5,14,2,0.016,0.001,0,0
326.8,46.862,51.825,22.415,1.5,1.5,14,2,0.006,0.001,0,0
327.0,46.859,51.805,22.252,1.5,1.5,14,2,-0.002,0.0,0,0
327.2,46.867,51.789,22.07,1.5,1.5,14,2,0.007,0.0,0,0
327.4,46.867,51.777,21.998,1.5,1.5,14,2,-0.0,0.0,0,0
327.6,46.863,51.757,21.895,1.5,1.5,14,2,-0.004,0.0,0,0
327.8,46.864,51.746,21.854,1.5,1.5,14,2,0.001,0.0,0,0
328.0,46.869,51.737,21.885,1.5,1.5,14,2,0.005,0.0,0,0
328.2,46.874,51.728,21.81,1.5,1.5,14,2,0.005,0.0,0,0
328.4,46.882,51.723,21.707,1.5,1.5,14,2,0.008,0.0,0,0
328.6,46.887,51.709,21.66,1.5,1.5,14,2,0.005,0.0,0,0
328.8,46.886,51.713,21.77,1.5,1.5,14,2,-0.002,0.0,0,0
329.0,46.883,51.721,21.734,1.5,1.5,14,2,-0.003,0.0,0,0
329.2,46.873,51.731,21.824,1.5,1.5,14,2,-0.01,0.0,0,0
329.4,46.881,51.733,21.759,1.5,1.5,14,2,0.008,0.0,0,0
329.6,46.885,51.728,21.665,1.5,1.5,14,2,0.005,0.0,0,0
329.8,46.881,51.728,21.663,1.5,1.5,14,2,-0.005,0.0,0,0
330.0,46.881,51.74,21.62,1.5,1.5,14,2,0.0,0.0,0,0
330.2,46.883,51.746,21.634,1.5,1.5,14,2,0.002,0.0,0,0
330.4,46.884,51.745,21.577,1.5,1.5,14,2,0.002,0.0,0,0
330.6,46.882,51.752,21.649,1.5,1.5,14,2,-0.003,0.0,0,0
330.8,46.875,51.757,21.774,1.5,1.5,14,2,-0.007,0.0,0,0
331.0,46.873,51.761,21.769,1.5,1.5,14,2,-0.002,0.0,0,0
331.2,46.87,51.76,21.727,1.5,1.5,14,2,-0.002,0.0,0,0
331.4,46.864,51.769,21.81,1.5,1.5,14,2,-0.007,0.0,0,0
331.6,46.865,51.772,21.733,1.5,1.5,14,2,0.001,0.0,0,0
331.8,46.862,51.773,21.726,1.5,1.5,14,2,-0.003,0.0,0,0
332.0,46.855,51.781,21.712,1.5,1.5,14,2,-0.007,0.0,0,0
332.2,46.872,51.791,21.48,1.5,1.5,14,2,0.017,0.0,0,0
332.4,46.874,51.803,21.423,1.5,1.5,14,2,0.002,0.0,0,0
332.6,46.867,51.809,21.31,1.5,1.5,14,2,-0.007,0.0,0,0
332.8,46.885,51.826,21.127,1.5,1.5,14,2,0.018,0.0,0,0
333.0,46.889,51.825,20.895,1.5,1.5,14,2,0.004,0.0,0,0
333.2,46.892,51.823,20.757,1.5,1.5,14,2,0.003,0.0,0,0
333.4,46.911,51.822,20.436,1.5,1.5,14,2,0.019,0.0,0,0
333.6,46.916,51.823,20.188,1.5,1.5,14,2,0.005,0.0,0,0
333.8,46.936,51.817,19.936,1.5,1.5,14,2,0.02,0.001,0,0
334.0,46.942,51.809,19.78,1.5,1.5,14,2,0.006,0.001,0,0
334.2,46.945,51.799,19.555,1.5,1.5,14,2,0.003,0.001,0,0
334.4,46.953,51.807,19.467,1.5,1.5,14,2,0.008,0.001,0,0
334.6,46.958,51.809,19.324,1.5,1.5,14,2,0.005,0.001,0,0
334.8,46.971,51.808,19.167,1.5,1.5,14,2,0.013,0.001,0,0
335.0,46.976,51.815,19.079,1.5,1.5,14,2,0.005,0.001,0,0
335.2,46.976,51.819,19.038,1.5,1.5,14,2,-0.0,0.0,0,0
335.4,46.967,51.819,18.972,1.5,1.5,14,2,-0.009,0.0,0,0
335.6,46.969,51.814,18.897,1.5,1.5,14,2,0.002,0.0,0,0
335.8,46.968,51.823,18.937,1.5,1.5,14,2,-0.002,0.0,0,0
336.0,46.979,51.819,18.914,1.5,1.5,14,2,0.011,0.0,0,0
336.2,46.976,51.811,18.877,1.5,1.5,14,2,-0.003,0.0,0,0
336.4,46.982,51.804,18.728,1.5,1.5,14,2,0.006,0.0,0,0
336.6,46.982,51.802,18.696,1.5,1.5,14,2,-0.0,0.0,0,0
336.8,46.979,51.791,18.655,1.5,1.5,14,2,-0.003,0.0,0,0
337.0,46.985,51.796,18.555,1.5,1.5,14,2,0.006,0.0,0,0
337.2,46.998,51.813,18.393,1.5,1.5,14,2,0.013,0.0,0,0
337.4,47.002,51.82,18.43,1.5,1.5,14,2,0.004,0.0,0,0
337.6,47.009,51.82,18.45,1.5,1.5,14,2,0.007,0.0,0,0
337.8,47.009,51.824,18.473,1.5,1.5,14,2,0.0,0.0,0,0
338.0,47.003,51.827,18.459,1.5,1.5,14,2,-0.006,0.0,0,0
338.2,47.005,51.818,18.321,1.5,1.5,14,2,0.002,0.0,0,0
338.4,47.002,51.81,18.277,1.5,1.5,14,2,-0.003,0.0,0,0
338.6,47.002,51.813,18.163,1.5,1.5,14,2,-0.001,0.0,0,0
338.8,46.996,51.801,18.096,1.5,1.5,14,2,-0.005,0.0,0,0
339.0,47.005,51.793,17.935,1.5,1.5,14,2,0.009,0.0,0,0
339.2,47.013,51.798,17.872,1.5,1.5,14,2,0.007,0.0,0,0
339.4,47.026,51.806,17.863,1.5,1.5,14,2,0.013,0.0,0,0
339.6,47.032,51.814,17.776,1.5,1.5,14,2,0.006,0.0,0,0
339.8,47.034,51.823,17.767,1.5,1.5,14,2,0.002,0.0,0,0
340.0,47.049,51.822,17.583,1.5,1.5,14,2,0.015,0.0,0,0
340.2,47.045,51.824,17.493,1.5,1.5,14,2,-0.005,0.0,0,0
340.4,47.049,51.827,17.529,1.5,1.5,14,2,0.005,0.0,0,0
340.6,47.043,51.824,17.59,1.5,1.5,14,2,-0.006,0.0,0,0
340.8,47.055,51.822,17.543,1.5,1.5,14,2,0.012,0.0,0,0
341.0,47.062,51.829,17.506,1.5,1.5,14,2,0.007,0.0,0,0
341.2,47.046,51.831,17.464,1.5,1.5,14,2,-0.016,0.0,0,0
341.4,47.037,51.839,17.562,1.5,1.5,14,2,-0.009,0.0,0,0
341.6,47.031,51.828,17.542,1.5,1.5,14,2,-0.006,0.0,0,0
341.8,47.018,51.83,17.612,1.5,1.5,14,2,-0.012,0.0,0,0
342.0,47.017,51.855,17.627,1.5,1.5,14,2,-0.002,0.0,0,0
342.2,47.023,51.866,17.614,1.5,1.5,14,2,0.007,0.0,0,0
342.4,47.026,51.884,17.704,1.5,1.5,14,2,0.003,0.0,0,0
342.6,47.035,51.901,17.787,1.5,1.5,14,2,0.009,0.0,0,0
342.8,47.038,51.902,17.757,1.5,1.5,14,2,0.003,0.0,0,0
343.0,47.032,51.914,17.818,1.5,1.5,14,2,-0.005,0.0,0,0
343.2,47.024,51.925,17.939,1.5,1.5,14,2,-0.008,0.0,0,0
343.4,47.02,51.929,18.091,1.5,1.5,14,2,-0.004,0.0,0,0
343.6,47.02,51.945,18.132,1.5,1.5,14,2,0.0,0.0,0,0
343.8,47.002,51.948,18.33,1.5,1.5,14,2,-0.018,0.0,0,0
344.0,47.002,51.952,18.432,1.5,1.5,14,2,-0.001,0.0,0,0
344.2,46.995,51.967,18.505,1.5,1.5,14,2,-0.007,0.0,0,0
344.4,46.986,51.967,18.615,1.5,1.5,14,2,-0.009,0.0,0,0
344.6,46.977,51.982,18.701,1.5,1.5,14,2,-0.009,0.0,0,0
344.8,46.976,51.986,18.748,1.5,1.5,14,2,-0.001,0.0,0,0
345.0,46.98,51.984,18.781,1.5,1.5,14,2,0.004,0.0,0,0
345.2,46.98,51.994,18.81,1.5,1.5,14,2,-0.0,0.0,0,0
345.4,46.972,51.999,18.863,1.5,1.5,14,2,-0.008,0.0,0,0
345.6,46.972,51.997,18.943,1.5,1.5,14,2,0.0,0.0,0,0
345.8,46.97,52.0,18.978,1.5,1.5,14,2,-0.002,0.0,0,0
346.0,46.977,52.007,18.986,1.5,1.5,14,2,0.006,0.0,0,0
346.2,46.981,52.024,18.934,1.5,1.5,14,2,0.004,0.0,0,0
346.4,46.985,52.035,19.006,1.5,1.5,14,2,0.004,0.0,0,0
346.6,46.985,52.043,19.118,1.5,1.5,14,2,0.0,0.0,0,0
346.8,46.981,52.044,19.131,1.5,1.5,14,2,-0.005,0.0,0,0
347.0,46.971,52.04,19.318,1.5,1.5,14,2,-0.01,0.0,0,0
347.2,46.982,52.035,19.247,1.5,1.5,14,2,0.011,0.0,0,0
347.4,46.978,52.039,19.231,1.5,1.5,14,2,-0.004,0.0,0,0
347.6,46.965,52.035,19.332,1.5,1.5,14,2,-0.013,0.0,0,0
347.8,46.958,52.026,19.387,1.5,1.5,14,2,-0.007,0.0,0,0
348.0,46.952,52.031,19.471,1.5,1.5,14,2,-0.006,0.0,0,0
348.2,46.94,52.033,19.556,1.5,1.5,14,2,-0.012,0.0,0,0
348.4,46.937,52.025,19.514,1.5,1.5,14,2,-0.003,0.0,0,0
348.6,46.942,52.015,19.47,1.5,1.5,14,2,0.005,0.0,0,0
348.8,46.946,52.013,19.516,1.5,1.5,14,2,0.004,0.0,0,0
349.0,46.955,52.016,19.408,1.5,1.5,14,2,0.009,0.0,0,0
349.2,46.952,52.008,19.458,1.5,1.5,14,2,-0.002,0.0,0,0
349.4,46.963,51.996,19.384,1.5,1.5,14,2,0.01,0.0,0,0
349.6,46.953,51.968,19.358,1.5,1.5,14,2,-0.01,0.0,0,0
349.8,46.933,51.935,19.436,1.5,1.5,14,2,-0.02,0.0,0,0
350.0,46.93,51.925,19.412,1.5,1.5,14,2,-0.003,0.0,0,0
350.2,46.926,51.916,19.345,1.5,1.5,14,2,-0.004,0.0,0,0
350.4,46.925,51.904,19.243,1.5,1.5,14,2,-0.002,0.0,0,0
350.6,46.952,51.911,19.182,1.5,1.5,14,2,0.027,0.0,0,0
350.8,46.959,51.895,19.051,1.5,1.5,14,2,0.007,0.0,0,0
351.0,46.961,51.886,19.014,1.5,1.5,14,2,0.002,0.0,0,0
351.2,46.968,51.872,18.988,1.5,1.5,14,2,0.007,0.0,0,0
351.4,46.97,51.867,19.014,1.5,1.5,14,2,0.002,0.0,0,0
351.6,46.995,51.854,18.737,1.5,1.5,14,2,0.026,0.0,0,0
351.8,46.995,51.85,18.68,1.5,1.5,14,2,-0.001,0.001,0,0
352.0,46.995,51.847,18.755,1.5,1.5,14,2,0.001,0.001,0,0
352.2,47.008,51.841,18.677,1.5,1.5,14,2,0.013,0.001,0,0
352.4,47.028,51.841,18.564,1.5,1.5,14,2,0.021,0.001,0,0
352.6,47.023,51.831,18.589,1.5,1.5,14,2,-0.005,0.001,0,0
352.8,47.034,51.821,18.596,1.5,1.5,14,2,0.011,0.001,0,0
353.0,47.036,51.815,18.603,1.5,1.5,14,2,0.002,0.001,0,0
353.2,47.04,51.813,18.642,1.5,1.5,14,2,0.004,0.0,0,0
353.4,47.043,51.808,18.714,1.5,1.5,14,2,0.003,0.0,0,0
353.6,47.027,51.808,18.852,1.5,1.5,14,2,-0.016,0.0,0,0
353.8,47.036,51.814,18.906,1.5,1.5,14,2,0.008,0.0,0,0
354.0,47.04,51.818,18.991,1.5,1.5,14,2,0.004,0.0,0,0
354.2,47.039,51.819,18.997,1.5,1.5,14,2,-0.001,0.0,0,0
354.4,47.042,51.813,19.036,1.5,1.5,14,2,0.003,0.0,0,0
354.6,47.044,51.809,19.048,1.5,1.5,14,2,0.003,0.0,0,0
354.8,47.046,51.823,19.11,1.5,1.5,14,2,0.001,0.0,0,0
355.0,47.049,51.833,19.139,1.5,1.5,14,2,0.003,0.0,0,0
355.2,47.051,51.824,19.107,1.5,1.5,14,2,0.002,0.0,0,0
355.4,47.063,51.83,19.062,1.5,1.5,14,2,0.012,0.0,0,0
355.6,47.087,51.84,18.908,1.5,1.5,14,2,0.024,0.0,0,0
355.8,47.087,51.861,18.96,1.5,1.5,14,2,0.0,0.0,0,0
356.0,47.094,51.877,19.066,1.5,1.5,14,2,0.007,0.0,0,0
356.2,47.105,51.893,19.011,1.5,1.5,14,2,0.011,0.001,0,0
356.4,47.118,51.897,18.921,1.5,1.5,14,2,0.013,0.001,0,0
356.6,47.128,51.899,18.915,1.5,1.5,14,2,0.01,0.001,0,0
356.8,47.116,51.894,18.987,1.5,1.5,14,2,-0.011,0.001,0,0
357.0,47.124,51.903,18.988,1.5,1.5,14,2,0.008,0.001,0,0
357.2,47.133,51.91,19.05,1.5,1.5,14,2,0.008,0.0,0,0
357.4,47.131,51.906,19.067,1.5,1.5,14,2,-0.001,0.0,0,0
357.6,47.123,51.906,19.192,1.5,1.5,14,2,-0.009,0.0,0,0
357.8,47.113,51.905,19.263,1.5,1.5,14,2,-0.009,0.0,0,0
358.0,47.108,51.896,19.166,1.5,1.5,14,2,-0.005,0.0,0,0
358.2,47.123,51.9,19.103,1.5,1.5,14,2,0.015,0.0,0,0
358.4,47.134,51.9,19.103,1.5,1.5,14,2,0.011,0.0,0,0
358.6,47.148,51.903,18.982,1.5,1.5,14,2,0.013,0.0,0,0
358.8,47.161,51.908,18.914,1.5,1.5,14,2,0.014,0.0,0,0
359.0,47.165,51.908,18.924,1.5,1.5,14,2,0.003,0.0,0,0
359.2,47.162,51.897,18.8,1.5,1.5,14,2,-0.002,0.0,0,0
359.4,47.153,51.882,18.804,1.5,1.5,14,2,-0.01,0.0,0,0
359.6,47.145,51.873,18.767,1.5,1.5,14,2,-0.007,0.0,0,0
359.8,47.141,51.855,18.741,1.5,1.5,14,2,-0.005,0.0,0,0
360.0,47.138,51.857,18.729,1.5,1.5,14,2,-0.002,0.0,0,0
360.2,47.143,51.859,18.65,1.5,1.5,14,2,0.005,0.0,0,0
360.4,47.155,51.856,18.529,1.5,1.5,14,2,0.011,0.0,0,0
360.6,47.159,51.847,18.485,1.5,1.5,14,2,0.004,0.0,0,0
360.8,47.163,51.838,18.473,1.5,1.5,14,2,0.004,0.0,0,0
361.0,47.157,51.836,18.374,1.5,1.5,14,2,-0.006,0.0,0,0
361.2,47.165,51.833,18.232,1.5,1.5,14,2,0.008,0.0,0,0
361.4,47.153,51.818,18.297,1.5,1.5,14,2,-0.012,0.0,0,0
361.6,47.147,51.812,18.342,1.5,1.5,14,2,-0.006,0.0,0,0
361.8,47.137,51.798,18.383,1.5,1.5,14,2,-0.01,0.0,0,0
362.0,47.131,51.794,18.37,1.5,1.5,14,2,-0.006,0.0,0,0
362.2,47.13,51.782,18.311,1.5,1.5,14,2,-0.001,0.0,0,0
362.4,47.124,51.78,18.363,1.5,1.5,14,2,-0.006,0.0,0,0
362.6,47.128,51.771,18.378,1.5,1.5,14,2,0.004,0.0,0,0
362.8,47.124,51.761,18.447,1.5,1.5,14,2,-0.004,0.0,0,0
363.0,47.126,51.751,18.339,1.5,1.5,14,2,0.002,0.0,0,0
363.2,47.137,51.753,18.236,1.5,1.5,14,2,0.012,0.0,0,0
363.4,47.127,51.742,18.189,1.5,1.5,14,2,-0.01,0.0,0,0
363.6,47.126,51.746,18.251,1.5,1.5,14,2,-0.001,0.0,0,0
363.8,47.117,51.738,18.256,1.5,1.5,14,2,-0.009,0.0,0,0
364.0,47.124,51.721,18.249,1.5,1.5,14,2,0.007,0.0,0,0
364.2,47.122,51.72,18.25,1.5,1.5,14,2,-0.002,0.0,0,0
364.4,47.122,51.726,18.286,1.5,1.5,14,2,-0.0,0.0,0,0
364.6,47.119,51.722,18.258,1.5,1.5,14,2,-0.003,0.0,0,0
364.8,47.114,51.732,18.381,1.5,1.5,14,2,-0.005,0.0,0,0
365.0,47.122,51.739,18.557,1.5,1.5,14,2,0.008,0.0,0,0
365.2,47.119,51.746,18.578,1.5,1.5,14,2,-0.003,0.0,0,0
365.4,47.116,51.754,18.567,1.5,1.5,14,2,-0.003,0.0,0,0
365.6,47.12,51.762,18.652,1.5,1.5,14,2,0.004,0.0,0,0
365.8,47.115,51.764,18.672,1.5,1.5,14,2,-0.005,0.0,0,0
366.0,47.115,51.779,18.793,1.5,1.5,14,2,0.001,0.0,0,0
366.2,47.116,51.795,18.738,1.5,1.5,14,2,0.001,0.0,0,0
366.4,47.119,51.811,18.735,1.5,1.5,14,2,0.003,0.0,0,0
366.6,47.128,51.834,18.733,1.5,1.5,14,2,0.008,0.0,0,0
366.8,47.127,51.846,18.696,1.5,1.5,14,2,-0.001,0.0,0,0
367.0,47.132,51.873,18.617,1.5,1.5,14,2,0.006,0.0,0,0
367.2,47.146,51.891,18.473,1.5,1.5,14,2,0.014,0.0,0,0
367.4,47.144,51.913,18.552,1.5,1.5,14,2,-0.003,0.0,0,0
367.6,47.148,51.932,18.458,1.5,1.5,14,2,0.004,0.0,0,0
367.8,47.126,51.943,18.544,1.5,1.5,14,2,-0.022,0.0,0,0
368.0,47.114,51.954,18.639,1.5,1.5,14,2,-0.011,0.0,0,0
368.2,47.117,51.957,18.611,1.5,1.5,14,2,0.002,0.0,0,0
368.4,47.109,51.966,18.63,1.5,1.5,14,2,-0.007,0.0,0,0
368.6,47.1,51.979,18.733,1.5,1.5,14,2,-0.009,0.0,0,0
368.8,47.082,51.993,18.87,1.5,1.5,14,2,-0.019,0.0,0,0
369.0,47.077,52.003,18.855,1.5,1.5,14,2,-0.005,0.001,0,0
369.2,47.067,52.015,19.036,1.5,1.5,14,2,-0.01,0.001,0,0
369.4,47.052,52.024,19.247,1.5,1.5,14,2,-0.015,0.001,0,0
369.6,47.036,52.026,19.476,1.5,1.5,14,2,-0.016,0.001,0,0
369.8,47.015,52.036,19.69,1.5,1.5,14,2,-0.021,0.001,0,0
370.0,47.004,52.035,19.839,1.5,1.5,14,2,-0.012,0.001,0,0
370.2,46.994,52.032,19.988,1.5,1.5,14,2,-0.01,0.001,0,0
370.4,46.984,52.036,20.149,1.5,1.5,14,2,-0.009,0.001,0,0
370.6,46.959,52.031,20.428,1.5,1.5,14,2,-0.026,0.002,0,0
370.8,46.951,52.025,20.714,1.5,1.5,14,2,-0.008,0.002,0,0
371.0,46.943,52.017,20.868,1.5,1.5,14,2,-0.008,0.002,0,0
371.2,46.931,52.027,21.035,1.5,1.5,14,2,-0.012,0.002,0,0
371.4,46.918,52.03,21.174,1.5,1.5,14,2,-0.012,0.001,0,0
371.6,46.913,52.027,21.419,1.5,1.5,14,2,-0.005,0.001,0,0
371.8,46.905,52.031,21.571,1.5,1.5,14,2,-0.008,0.001,0,0
372.0,46.9,52.031,21.66,1.5,1.5,14,2,-0.005,0.001,0,0
372.2,46.894,52.03,21.731,1.5,1.5,14,2,-0.006,0.001,0,0
372.4,46.889,52.028,21.945,1.5,1.5,14,2,-0.005,0.001,0,0
372.6,46.889,52.031,21.978,1.5,1.5,14,2,-0.0,0.0,0,0
372.8,46.882,52.019,22.165,1.5,1.5,14,2,-0.007,0.0,0,0
373.0,46.879,52.015,22.279,1.5,1.5,14,2,-0.003,0.0,0,0
373.2,46.863,52.021,22.477,1.5,1.5,14,2,-0.016,0.0,0,0
373.4,46.852,52.021,22.636,1.5,1.5,14,2,-0.011,0.0,0,0
373.6,46.847,52.012,22.631,1.5,1.5,14,2,-0.005,0.0,0,0
373.8,46.846,52.001,22.637,1.5,1.5,14,2,-0.002,0.0,0,0
374.0,46.867,51.998,22.37,1.5,1.5,14,2,0.022,0.0,0,0
374.2,46.876,52.001,22.465,1.5,1.5,14,2,0.009,0.0,0,0
374.4,46.883,51.993,22.455,1.5,1.5,14,2,0.007,0.0,0,0
374.6,46.888,51.988,22.409,1.5,1.5,14,2,0.005,0.0,0,0
374.8,46.887,51.991,22.608,1.5,1.5,14,2,-0.001,0.0,0,0
375.0,46.882,51.975,22.651,1.5,1.5,14,2,-0.006,0.0,0,0
375.2,46.882,51.973,22.792,1.5,1.5,14,2,0.001,0.0,0,0
375.4,46.889,51.973,22.708,1.5,1.5,14,2,0.007,0.0,0,0
375.6,46.878,51.971,22.734,1.5,1.5,14,2,-0.011,0.0,0,0
375.8,46.873,51.966,22.926,1.5,1.5,14,2,-0.005,0.0,0,0
376.0,46.862,51.963,23.163,1.5,1.5,14,2,-0.011,0.0,0,0
376.2,46.859,51.966,23.249,1.5,1.5,14,2,-0.003,0.0,0,0
376.4,46.852,51.964,23.331,1.5,1.5,14,2,-0.007,0.0,0,0
376.6,46.84,51.962,23.473,1.5,1.5,14,2,-0.013,0.0,0,0
376.8,46.832,51.973,23.613,1.5,1.5,14,2,-0.008,0.0,0,0
377.0,46.831,51.973,23.643,1.5,1.5,14,2,-0.001,0.0,0,0
377.2,46.826,51.971,23.628,1.5,1.5,14,2,-0.005,0.0,0,0
377.4,46.825,51.97,23.625,1.5,1.5,14,2,-0.001,0.0,0,0
377.6,46.82,51.975,23.595,1.5,1.5,14,2,-0.005,0.0,0,0
377.8,46.813,51.982,23.684,1.5,1.5,14,2,-0.006,0.0,0,0
378.0,46.817,51.987,23.513,1.5,1.5,14,2,0.003,0.0,0,0
378.2,46.818,51.989,23.375,1.5,1.5,14,2,0.001,0.0,0,0
378.4,46.824,51.985,23.227,1.5,1.5,14,2,0.006,0.0,0,0
378.6,46.827,51.989,23.039,1.5,1.5,14,2,0.003,0.0,0,0
378.8,46.835,51.99,22.939,1.5,1.5,14,2,0.008,0.0,0,0
379.0,46.823,51.995,23.009,1.5,1.5,14,2,-0.012,0.0,0,0
379.2,46.833,52.012,22.88,1.5,1.5,14,2,0.01,0.0,0,0
379.4,46.844,52.031,22.656,1.5,1.5,14,2,0.011,0.0,0,0
379.6,46.833,52.041,22.733,1.5,1.5,14,2,-0.01,0.0,0,0
379.8,46.829,52.046,22.741,1.5,1.5,14,2,-0.004,0.0,0,0
380.0,46.825,52.05,22.699,1.5,1.5,14,2,-0.004,0.0,0,0
380.2,46.823,52.057,22.777,1.5,1.5,14,2,-0.002,0.0,0,0
380.4,46.822,52.065,22.843,1.5,1.5,14,2,-0.001,0.0,0,0
380.6,46.83,52.073,22.682,1.5,1.5,14,2,0.008,0.0,0,0
380.8,46.836,52.08,22.589,1.5,1.5,14,2,0.007,0.0,0,0
381.0,46.825,52.073,22.711,1.5,1.5,14,2,-0.011,0.0,0,0
381.2,46.818,52.073,22.66,1.5,1.5,14,2,-0.007,0.0,0,0
381.4,46.81,52.078,22.739,1.5,1.5,14,2,-0.008,0.0,0,0
381.6,46.807,52.088,22.876,1.5,1.5,14,2,-0.003,0.0,0,0
381.8,46.805,52.095,23.001,1.5,1.5,14,2,-0.002,0.0,0,0
382.0,46.809,52.107,23.101,1.5,1.5,14,2,0.004,0.0,0,0
382.2,46.807,52.106,23.191,1.5,1.5,14,2,-0.001,0.0,0,0
382.4,46.81,52.116,23.193,1.5,1.5,14,2,0.003,0.0,0,0
382.6,46.827,52.117,23.078,1.5,1.5,14,2,0.016,0.0,0,0
382.8,46.822,52.118,23.152,1.5,1.5,14,2,-0.005,0.0,0,0
383.0,46.808,52.12,23.207,1.5,1.5,14,2,-0.014,0.0,0,0
383.2,46.811,52.114,23.138,1.5,1.5,14,2,0.003,0.0,0,0
383.4,46.806,52.102,23.16,1.5,1.5,14,2,-0.005,0.0,0,0
383.6,46.798,52.086,23.189,1.5,1.5,14,2,-0.008,0.0,0,0
383.8,46.792,52.08,23.349,1.5,1.5,14,2,-0.005,0.0,0,0
384.0,46.789,52.075,23.425,1.5,1.5,14,2,-0.004,0.0,0,0
384.2,46.79,52.054,23.268,1.5,1.5,14,2,0.001,0.0,0,0
384.4,46.794,52.045,23.246,1.5,1.5,14,2,0.003,0.0,0,0
384.6,46.796,52.032,23.13,1.5,1.5,14,2,0.003,0.0,0,0
384.8,46.786,52.022,23.237,1.5,1.5,14,2,-0.01,0.0,0,0
385.0,46.798,52.02,23.179,1.5,1.5,14,2,0.012,0.0,0,0
385.2,46.796,52.016,23.176,1.5,1.5,14,2,-0.002,0.0,0,0
385.4,46.782,52.0,23.347,1.5,1.5,14,2,-0.014,0.0,0,0
385.6,46.784,51.984,23.341,1.5,1.5,14,2,0.002,0.0,0,0
385.8,46.79,51.978,23.305,1.5,1.5,14,2,0.007,0.0,0,0
386.0,46.789,51.964,23.305,1.5,1.5,14,2,-0.001,0.0,0,0
386.2,46.801,51.949,23.133,1.5,1.5,14,2,0.011,0.0,0,0
386.4,46.796,51.938,23.142,1.5,1.5,14,2,-0.004,0.0,0,0
386.6,46.806,51.928,22.844,1.5,1.5,14,2,0.01,0.0,0,0
386.8,46.801,51.926,22.944,1.5,1.5,14,2,-0.005,0.0,0,0
387.0,46.812,51.926,22.718,1.5,1.5,14,2,0.011,0.0,0,0
387.2,46.814,51.926,22.668,1.5,1.5,14,2,0.002,0.0,0,0
387.4,46.814,51.93,22.713,1.5,1.5,14,2,0.0,0.0,0,0
387.6,46.818,51.922,22.576,1.5,1.5,14,2,0.004,0.0,0,0
387.8,46.826,51.922,22.546,1.5,1.5,14,2,0.008,0.0,0,0
388.0,46.841,51.928,22.307,1.5,1.5,14,2,0.015,0.0,0,0
388.2,46.836,51.923,22.285,1.5,1.5,14,2,-0.005,0.0,0,0
388.4,46.839,51.907,22.182,1.5,1.5,14,2,0.004,0.0,0,0
388.6,46.841,51.895,22.104,1.5,1.5,14,2,0.002,0.0,0,0
388.8,46.84,51.898,21.981,1.5,1.5,14,2,-0.001,0.0,0,0
389.0,46.851,51.871,21.855,1.5,1.5,14,2,0.011,0.0,0,0
389.2,46.858,51.88,21.707,1.5,1.5,14,2,0.006,0.0,0,0
389.4,46.861,51.881,21.727,1.5,1.5,14,2,0.004,0.0,0,0
389.6,46.863,51.87,21.712,1.5,1.5,14,2,0.001,0.0,0,0
389.8,46.859,51.866,21.722,1.5,1.5,14,2,-0.004,0.0,0,0
390.0,46.86,51.864,21.656,1.5,1.5,14,2,0.001,0.0,0,0
390.2,46.866,51.855,21.598,1.5,1.5,14,2,0.007,0.0,0,0
390.4,46.861,51.86,21.571,1.5,1.5,14,2,-0.005,0.0,0,0
390.6,46.874,51.859,21.443,1.5,1.5,14,2,0.013,0.0,0,0
390.8,46.872,51.86,21.483,1.5,1.5,14,2,-0.002,0.0,0,0
391.0,46.868,51.859,21.506,1.5,1.5,14,2,-0.004,0.0,0,0
391.2,46.861,51.871,21.493,1.5,1.5,14,2,-0.007,0.0,0,0
391.4,46.852,51.884,21.55,1.5,1.5,14,2,-0.008,0.0,0,0
391.6,46.849,51.889,21.539,1.5,1.5,14,2,-0.004,0.0,0,0
391.8,46.847,51.902,21.504,1.5,1.5,14,2,-0.002,0.0,0,0
392.0,46.846,51.913,21.52,1.5,1.5,14,2,-0.001,0.0,0,0
392.2,46.851,51.918,21.442,1.5,1.5,14,2,0.005,0.0,0,0
392.4,46.852,51.932,21.532,1.5,1.5,14,2,0.001,0.0,0,0
392.6,46.844,51.953,21.662,1.5,1.5,14,2,-0.008,0.0,0,0
392.8,46.833,51.971,21.766,1.5,1.5,14,2,-0.011,0.0,0,0
393.0,46.819,51.981,21.955,1.5,1.5,14,2,-0.014,0.0,0,0
393.2,46.809,51.999,22.171,1.5,1.5,14,2,-0.01,0.0,0,0
393.4,46.807,52.01,22.272,1.5,1.5,14,2,-0.002,0.0,0,0
393.6,46.797,52.022,22.305,1.5,1.5,14,2,-0.009,0.0,0,0
393.8,46.795,52.047,22.345,1.5,1.5,14,2,-0.002,0.0,0,0
394.0,46.796,52.062,22.44,1.5,1.5,14,2,0.001,0.0,0,0
394.2,46.798,52.076,22.426,1.5,1.5,14,2,0.002,0.0,0,0
394.4,46.802,52.084,22.442,1.5,1.5,14,2,0.004,0.0,0,0
394.6,46.8,52.11,22.442,1.5,1.5,14,2,-0.002,0.0,0,0
394.8,46.799,52.121,22.391,1.5,1.5,14,2,-0.001,0.0,0,0
395.0,46.799,52.13,22.412,1.5,1.5,14,2,0.0,0.0,0,0
395.2,46.785,52.136,22.404,1.5,1.5,14,2,-0.013,0.0,0,0
395.4,46.796,52.143,22.273,1.5,1.5,14,2,0.011,0.0,0,0
395.6,46.796,52.147,22.214,1.5,1.5,14,2,0.001,0.0,0,0
395.8,46.804,52.168,22.075,1.5,1.5,14,2,0.008,0.0,0,0
396.0,46.808,52.183,22.021,1.5,1.5,14,2,0.004,0.0,0,0
396.2,46.816,52.194,21.952,1.5,1.5,14,2,0.008,0.0,0,0
396.4,46.832,52.205,21.689,1.5,1.5,14,2,0.016,0.0,0,0
396.6,46.838,52.206,21.592,1.5,1.5,14,2,0.006,0.0,0,0
396.8,46.833,52.214,21.688,1.5,1.5,14,2,-0.005,0.0,0,0
397.0,46.838,52.22,21.582,1.5,1.5,14,2,0.005,0.0,0,0
397.2,46.84,52.234,21.67,1.5,1.5,14,2,0.002,0.0,0,0
397.4,46.828,52.24,21.787,1.5,1.5,14,2,-0.012,0.0,0,0
397.6,46.815,52.243,21.867,1.5,1.5,14,2,-0.013,0.0,0,0
397.8,46.805,52.229,21.869,1.5,1.5,14,2,-0.009,0.0,0,0
398.0,46.791,52.219,21.935,1.5,1.5,14,2,-0.015,0.0,0,0
398.2,46.774,52.211,22.034,1.5,1.5,14,2,-0.016,0.0,0,0
398.4,46.761,52.203,22.144,1.5,1.5,14,2,-0.013,0.001,0,0
398.6,46.751,52.176,22.246,1.5,1.5,14,2,-0.01,0.001,0,0
398.8,46.742,52.172,22.3,1.5,1.5,14,2,-0.009,0.001,0,0
399.0,46.74,52.15,22.295,1.5,1.5,14,2,-0.001,0.001,0,0
399.2,46.734,52.146,22.381,1.5,1.5,14,2,-0.006,0.001,0,0
399.4,46.736,52.145,22.394,1.5,1.5,14,2,0.002,0.001,0,0
399.6,46.743,52.135,22.276,1.5,1.5,14,2,0.008,0.001,0,0
399.8,46.757,52.124,22.262,1.5,1.5,14,2,0.014,0.0,0,0
400.0,46.745,52.107,22.242,1.5,1.5,14,2,-0.012,0.0,0,0
400.2,46.756,52.099,22.027,1.5,1.5,14,2,0.011,0.0,0,0
400.4,46.757,52.082,21.994,1.5,1.5,14,2,0.002,0.0,0,0
400.6,46.772,52.084,21.852,1.5,1.5,14,2,0.015,0.0,0,0
400.8,46.786,52.08,21.636,1.5,1.5,14,2,0.014,0.0,0,0
401.0,46.791,52.082,21.525,1.5,1.5,14,2,0.005,0.0,0,0
401.2,46.81,52.075,21.342,1.5,1.5,14,2,0.018,0.001,0,0
401.4,46.827,52.072,21.192,1.5,1.5,14,2,0.017,0.001,0,0
401.6,46.819,52.065,21.193,1.5,1.5,14,2,-0.008,0.001,0,0
401.8,46.815,52.055,21.199,1.5,1.5,14,2,-0.004,0.001,0,0
402.0,46.804,52.041,21.204,1.5,1.5,14,2,-0.01,0.001,0,0
402.2,46.797,52.044,21.233,1.5,1.5,14,2,-0.008,0.0,0,0
402.4,46.791,52.041,21.129,1.5,1.5,14,2,-0.006,0.0,0,0
402.6,46.773,52.039,21.245,1.5,1.5,14,2,-0.017,0.0,0,0
402.8,46.772,52.025,21.302,1.5,1.5,14,2,-0.001,0.0,0,0
403.0,46.783,52.027,21.178,1.5,1.5,14,2,0.011,0.0,0,0
403.2,46.777,52.022,21.067,1.5,1.5,14,2,-0.007,0.0,0,0
403.4,46.794,52.024,20.918,1.5,1.5,14,2,0.017,0.0,0,0
403.6,46.801,52.025,20.819,1.5,1.5,14,2,0.007,0.0,0,0
403.8,46.82,52.028,20.576,1.5,1.5,14,2,0.019,0.0,0,0
404.0,46.839,52.018,20.338,1.5,1.5,14,2,0.02,0.0,0,0
404.2,46.838,52.017,20.286,1.5,1.5,14,2,-0.002,0.001,0,0
404.4,46.845,52.018,20.228,1.5,1.5,14,2,0.007,0.001,0,0
404.6,46.86,51.995,19.998,1.5,1.5,14,2,0.016,0.001,0,0
404.8,46.857,51.996,20.097,1.5,1.5,14,2,-0.003,0.001,0,0
405.0,46.855,51.999,20.076,1.5,1.5,14,2,-0.002,0.001,0,0
405.2,46.857,51.998,20.069,1.5,1.5,14,2,0.001,0.001,0,0
405.4,46.866,52.0,20.004,1.5,1.5,14,2,0.009,0.0,0,0
405.6,46.864,51.997,19.944,1.5,1.5,14,2,-0.002,0.0,0,0
405.8,46.885,51.999,19.81,1.5,1.5,14,2,0.021,0.0,0,0
406.0,46.904,52.008,19.747,1.5,1.5,14,2,0.02,0.0,0,0
406.2,46.91,52.008,19.689,1.5,1.5,14,2,0.006,0.0,0,0
406.4,46.919,52.015,19.678,1.5,1.5,14,2,0.009,0.001,0,0
406.6,46.928,52.002,19.652,1.5,1.5,14,2,0.009,0.001,0,0
406.8,46.928,52.006,19.731,1.5,1.5,14,2,0.0,0.001,0,0
407.0,46.93,52.006,19.725,1.5,1.5,14,2,0.001,0.001,0,0
407.2,46.933,52.002,19.64,1.5,1.5,14,2,0.003,0.001,0,0
407.4,46.941,51.988,19.529,1.5,1.5,14,2,0.008,0.001,0,0
407.6,46.947,51.977,19.481,1.5,1.5,14,2,0.006,0.0,0,0
407.8,46.955,51.984,19.408,1.5,1.5,14,2,0.008,0.0,0,0
408.0,46.963,51.985,19.364,1.5,1.5,14,2,0.008,0.0,0,0
408.2,46.974,51.986,19.199,1.5,1.5,14,2,0.012,0.0,0,0
408.4,46.981,51.987,19.163,1.5,1.5,14,2,0.007,0.0,0,0
408.6,46.982,51.985,19.12,1.5,1.5,14,2,0.001,0.0,0,0
408.8,46.981,51.985,19.114,1.5,1.5,14,2,-0.002,0.0,0,0
409.0,46.977,51.986,19.23,1.5,1.5,14,2,-0.004,0.0,0,0
409.2,46.988,51.987,19.167,1.5,1.5,14,2,0.011,0.0,0,0
409.4,46.991,51.992,19.225,1.5,1.5,14,2,0.003,0.0,0,0
409.6,46.982,51.984,19.208,1.5,1.5,14,2,-0.009,0.0,0,0
409.8,46.968,51.973,19.273,1.5,1.5,14,2,-0.015,0.0,0,0
410.0,46.97,51.958,19.153,1.5,1.5,14,2,0.002,0.0,0,0
410.2,46.967,51.945,19.218,1.5,1.5,14,2,-0.003,0.0,0,0
410.4,46.964,51.945,19.231,1.5,1.5,14,2,-0.002,0.0,0,0
410.6,46.97,51.931,19.158,1.5,1.5,14,2,0.006,0.0,0,0
410.8,46.975,51.937,19.212,1.5,1.5,14,2,0.004,0.0,0,0
411.0,46.984,51.927,19.077,1.5,1.5,14,2,0.009,0.0,0,0
411.2,46.972,51.923,19.105,1.5,1.5,14,2,-0.011,0.0,0,0
411.4,46.985,51.925,19.147,1.5,1.5,14,2,0.013,0.0,0,0
411.6,46.993,51.928,19.08,1.5,1.5,14,2,0.008,0.0,0,0
411.8,46.992,51.926,19.159,1.5,1.5,14,2,-0.001,0.0,0,0
412.0,46.994,51.921,19.19,1.5,1.5,14,2,0.002,0.0,0,0
412.2,47.003,51.916,19.188,1.5,1.5,14,2,0.009,0.0,0,0
412.4,47.003,51.908,19.187,1.5,1.5,14,2,-0.0,0.0,0,0
412.6,47.004,51.894,19.164,1.5,1.5,14,2,0.001,0.0,0,0
412.8,47.023,51.894,18.941,1.5,1.5,14,2,0.018,0.0,0,0
413.0,47.027,51.899,18.991,1.5,1.5,14,2,0.005,0.0,0,0
413.2,47.045,51.902,18.772,1.5,1.5,14,2,0.017,0.0,0,0
413.4,47.043,51.898,18.775,1.5,1.5,14,2,-0.002,0.0,0,0
413.6,47.034,51.898,18.886,1.5,1.5,14,2,-0.009,0.0,0,0
413.8,47.031,51.883,18.746,1.5,1.5,14,2,-0.003,0.0,0,0
414.0,47.026,51.869,18.755,1.5,1.5,14,2,-0.006,0.0,0,0
414.2,47.007,51.856,18.926,1.5,1.5,14,2,-0.018,0.0,0,0
414.4,46.985,51.85,19.086,1.5,1.5,14,2,-0.023,0.0,0,0
414.6,46.98,51.838,19.083,1.5,1.5,14,2,-0.005,0.0,0,0
414.8,46.976,51.842,19.049,1.5,1.5,14,2,-0.004,0.001,0,0
415.0,46.959,51.83,19.062,1.5,1.5,14,2,-0.017,0.001,0,0
415.2,46.959,51.811,19.088,1.5,1.5,14,2,-0.0,0.001,0,0
415.4,46.95,51.802,19.241,1.5,1.5,14,2,-0.008,0.001,0,0
415.6,46.941,51.799,19.214,1.5,1.5,14,2,-0.009,0.001,0,0
415.8,46.939,51.798,19.299,1.5,1.5,14,2,-0.002,0.001,0,0
416.0,46.926,51.795,19.376,1.5,1.5,14,2,-0.013,0.001,0,0
416.2,46.927,51.788,19.43,1.5,1.5,14,2,0.001,0.0,0,0
416.4,46.923,51.783,19.495,1.5,1.5,14,2,-0.005,0.0,0,0
416.6,46.918,51.782,19.452,1.5,1.5,14,2,-0.005,0.0,0,0
416.8,46.919,51.773,19.369,1.5,1.5,14,2,0.001,0.0,0,0
417.0,46.917,51.761,19.388,1.5,1.5,14,2,-0.002,0.0,0,0
417.2,46.91,51.768,19.505,1.5,1.5,14,2,-0.007,0.0,0,0
417.4,46.914,51.755,19.5,1.5,1.5,14,2,0.004,0.0,0,0
417.6,46.909,51.745,19.575,1.5,1.5,14,2,-0.005,0.0,0,0
417.8,46.896,51.737,19.646,1.5,1.5,14,2,-0.013,0.0,0,0
418.0,46.902,51.741,19.565,1.5,1.5,14,2,0.006,0.0,0,0
418.2,46.915,51.741,19.567,1.5,1.5,14,2,0.012,0.0,0,0
418.4,46.895,51.735,19.78,1.5,1.5,14,2,-0.02,0.0,0,0
418.6,46.893,51.739,19.785,1.5,1.5,14,2,-0.002,0.0,0,0
418.8,46.889,51.731,19.851,1.5,1.5,14,2,-0.004,0.0,0,0
419.0,46.892,51.739,19.808,1.5,1.5,14,2,0.003,0.0,0,0
419.2,46.9,51.736,19.776,1.5,1.5,14,2,0.008,0.0,0,0
419.4,46.899,51.738,19.762,1.5,1.5,14,2,-0.0,0.0,0,0
419.6,46.888,51.739,19.879,1.5,1.5,14,2,-0.012,0.0,0,0
419.8,46.874,51.73,19.947,1.5,1.5,14,2,-0.014,0.0,0,0
420.0,46.864,51.732,19.945,1.5,1.5,14,2,-0.01,0.0,0,0
420.2,46.855,51.741,19.95,1.5,1.5,14,2,-0.009,0.0,0,0
420.4,46.863,51.747,19.871,1.5,1.5,14,2,0.008,0.0,0,0
420.6,46.86,51.739,19.805,1.5,1.5,14,2,-0.002,0.0,0,0
420.8,46.861,51.745,19.78,1.5,1.5,14,2,0.001,0.0,0,0
421.0,46.869,51.769,19.636,1.5,1.5,14,2,0.008,0.0,0,0
421.2,46.866,51.777,19.763,1.5,1.5,14,2,-0.003,0.0,0,0
421.4,46.875,51.792,19.788,1.5,1.5,14,2,0.009,0.0,0,0
421.6,46.87,51.807,19.871,1.5,1.5,14,2,-0.006,0.0,0,0
421.8,46.87,51.825,19.793,1.5,1.5,14,2,0.0,0.0,0,0
422.0,46.865,51.834,19.965,1.5,1.5,14,2,-0.005,0.0,0,0
422.2,46.863,51.844,20.14,1.5,1.5,14,2,-0.002,0.0,0,0
422.4,46.869,51.851,20.082,1.5,1.5,14,2,0.005,0.0,0,0
422.6,46.868,51.854,19.958,1.5,1.5,14,2,-0.001,0.0,0,0
422.8,46.858,51.852,20.128,1.5,1.5,14,2,-0.01,0.0,0,0
423.0,46.85,51.856,20.235,1.5,1.5,14,2,-0.008,0.0,0,0
423.2,46.853,51.845,20.222,1.5,1.5,14,2,0.003,0.0,0,0
423.4,46.854,51.857,20.227,1.5,1.5,14,2,0.002,0.0,0,0
423.6,46.85,51.86,20.188,1.5,1.5,14,2,-0.004,0.0,0,0
423.8,46.849,51.85,20.235,1.5,1.5,14,2,-0.001,0.0,0,0
424.0,46.843,51.852,20.292,1.5,1.5,14,2,-0.006,0.0,0,0
424.2,46.831,51.861,20.494,1.5,1.5,14,2,-0.012,0.0,0,0
424.4,46.826,51.862,20.581,1.5,1.5,14,2,-0.006,0.0,0,0
424.6,46.813,51.863,20.613,1.5,1.5,14,2,-0.013,0.0,0,0
424.8,46.815,51.87,20.593,1.5,1.5,14,2,0.003,0.0,0,0
425.0,46.809,51.871,20.742,1.5,1.5,14,2,-0.007,0.0,0,0
425.2,46.794,51.876,21.007,1.5,1.5,14,2,-0.015,0.0,0,0
425.4,46.794,51.876,21.069,1.5,1.5,14,2,-0.0,0.0,0,0
425.6,46.782,51.876,21.017,1.5,1.5,14,2,-0.012,0.0,0,0
425.8,46.775,51.881,21.134,1.5,1.5,14,2,-0.007,0.0,0,0
426.0,46.784,51.89,21.107,1.5,1.5,14,2,0.009,0.0,0,0
426.2,46.801,51.91,20.964,1.5,1.5,14,2,0.017,0.0,0,0
426.4,46.797,51.922,21.028,1.5,1.5,14,2,-0.004,0.0,0,0
426.6,46.78,51.923,21.206,1.5,1.5,14,2,-0.017,0.0,0,0
426.8,46.767,51.929,21.214,1.5,1.5,14,2,-0.013,0.0,0,0
427.0,46.77,51.932,21.204,1.5,1.5,14,2,0.002,0.0,0,0
427.2,46.763,51.933,21.236,1.5,1.5,14,2,-0.007,0.0,0,0
427.4,46.749,51.945,21.361,1.5,1.5,14,2,-0.014,0.0,0,0
427.6,46.752,51.953,21.392,1.5,1.5,14,2,0.003,0.0,0,0
427.8,46.741,51.961,21.619,1.5,1.5,14,2,-0.011,0.0,0,0
428.0,46.731,51.973,21.73,1.5,1.5,14,2,-0.01,0.0,0,0
428.2,46.718,51.986,21.811,1.5,1.5,14,2,-0.012,0.001,0,0
428.4,46.707,51.995,21.907,1.5,1.5,14,2,-0.011,0.001,0,0
428.6,46.701,52.006,21.944,1.5,1.5,14,2,-0.006,0.001,0,0
428.8,46.687,52.01,22.101,1.5,1.5,14,2,-0.014,0.001,0,0
429.0,46.671,52.015,22.207,1.5,1.5,14,2,-0.015,0.001,0,0
429.2,46.656,52.019,22.33,1.5,1.5,14,2,-0.015,0.001,0,0
429.4,46.649,52.021,22.328,1.5,1.5,14,2,-0.006,0.001,0,0
429.6,46.631,52.018,22.378,1.5,1.5,14,2,-0.018,0.001,0,0
429.8,46.623,52.03,22.416,1.5,1.5,14,2,-0.008,0.001,0,0
430.0,46.61,52.034,22.458,1.5,1.5,14,2,-0.013,0.001,0,0
430.2,46.608,52.035,22.495,1.5,1.5,14,2,-0.003,0.001,0,0
430.4,46.597,52.04,22.527,1.5,1.5,14,2,-0.01,0.001,0,0
430.6,46.593,52.038,22.52,1.5,1.5,14,2,-0.005,0.001,0,0
430.8,46.598,52.038,22.5,1.5,1.5,14,2,0.006,0.001,0,0
431.0,46.592,52.041,22.538,1.5,1.5,14,2,-0.006,0.0,0,0
431.2,46.589,52.043,22.445,1.5,1.5,14,2,-0.003,0.0,0,0
431.4,46.605,52.048,22.234,1.5,1.5,14,2,0.017,0.0,0,0
431.6,46.609,52.043,22.188,1.5,1.5,14,2,0.004,0.0,0,0
431.8,46.609,52.052,22.157,1.5,1.5,14,2,0.0,0.0,0,0
432.0,46.607,52.053,22.17,1.5,1.5,14,2,-0.002,0.0,0,0
432.2,46.621,52.057,22.155,1.5,1.5,14,2,0.015,0.0,0,0
432.4,46.612,52.055,22.283,1.5,1.5,14,2,-0.009,0.0,0,0
432.6,46.606,52.06,22.376,1.5,1.5,14,2,-0.005,0.0,0,0
432.8,46.611,52.049,22.281,1.5,1.5,14,2,0.005,0.0,0,0
433.0,46.62,52.051,22.256,1.5,1.5,14,2,0.009,0.0,0,0
433.2,46.629,52.047,22.058,1.5,1.5,14,2,0.009,0.0,0,0
433.4,46.623,52.03,22.032,1.5,1.5,14,2,-0.006,0.0,0,0
433.6,46.633,52.033,21.888,1.5,1.5,14,2,0.01,0.0,0,0
433.8,46.629,52.027,21.893,1.5,1.5,14,2,-0.004,0.0,0,0
434.0,46.64,52.023,21.843,1.5,1.5,14,2,0.011,0.0,0,0
434.2,46.65,52.018,21.738,1.5,1.5,14,2,0.011,0.0,0,0
434.4,46.646,52.008,21.564,1.5,1.5,14,2,-0.005,0.0,0,0
434.6,46.653,51.987,21.443,1.5,1.5,14,2,0.008,0.0,0,0
434.8,46.652,51.983,21.442,1.5,1.5,14,2,-0.002,0.0,0,0
435.0,46.658,51.969,21.383,1.5,1.5,14,2,0.007,0.0,0,0
435.2,46.681,51.953,21.074,1.5,1.5,14,2,0.022,0.0,0,0
435.4,46.684,51.949,21.043,1.5,1.5,14,2,0.004,0.0,0,0
435.6,46.694,51.937,21.027,1.5,1.5,14,2,0.01,0.0,0,0
435.8,46.705,51.921,20.907,1.5,1.5,14,2,0.011,0.0,0,0
436.0,46.709,51.91,20.884,1.5,1.5,14,2,0.004,0.001,0,0
436.2,46.708,51.897,20.821,1.5,1.5,14,2,-0.001,0.001,0,0
436.4,46.721,51.888,20.657,1.5,1.5,14,2,0.013,0.001,0,0
436.6,46.723,51.88,20.592,1.5,1.5,14,2,0.002,0.001,0,0
436.8,46.739,51.873,20.505,1.5,1.5,14,2,0.016,0.0,0,0
437.0,46.741,51.868,20.511,1.5,1.5,14,2,0.002,0.0,0,0
437.2,46.74,51.858,20.472,1.5,1.5,14,2,-0.001,0.0,0,0
437.4,46.739,51.846,20.285,1.5,1.5,14,2,-0.001,0.0,0,0
437.6,46.739,51.838,20.284,1.5,1.5,14,2,0.0,0.0,0,0
437.8,46.75,51.832,20.237,1.5,1.5,14,2,0.011,0.0,0,0
438.0,46.753,51.822,20.076,1.5,1.5,14,2,0.003,0.0,0,0
438.2,46.761,51.812,20.025,1.5,1.5,14,2,0.008,0.0,0,0
438.4,46.78,51.824,19.812,1.5,1.5,14,2,0.019,0.0,0,0
438.6,46.781,51.831,19.805,1.5,1.5,14,2,0.001,0.0,0,0
438.8,46.786,51.839,19.801,1.5,1.5,14,2,0.005,0.0,0,0
439.0,46.777,51.845,19.827,1.5,1.5,14,2,-0.008,0.0,0,0
439.2,46.783,51.86,19.862,1.5,1.5,14,2,0.005,0.0,0,0
439.4,46.786,51.864,19.794,1.5,1.5,14,2,0.003,0.0,0,0
439.6,46.781,51.861,19.83,1.5,1.5,14,2,-0.005,0.0,0,0
439.8,46.782,51.868,19.843,1.5,1.5,14,2,0.001,0.0,0,0
440.0,46.784,51.884,19.686,1.5,1.5,14,2,0.002,0.0,0,0
440.2,46.783,51.907,19.671,1.5,1.5,14,2,-0.001,0.0,0,0
440.4,46.78,51.917,19.683,1.5,1.5,14,2,-0.003,0.0,0,0
440.6,46.764,51.925,19.721,1.5,1.5,14,2,-0.016,0.0,0,0
440.8,46.774,51.94,19.689,1.5,1.5,14,2,0.01,0.0,0,0
441.0,46.786,51.966,19.671,1.5,1.5,14,2,0.012,0.0,0,0
441.2,46.783,51.971,19.616,1.5,1.5,14,2,-0.003,0.0,0,0
441.4,46.781,51.985,19.621,1.5,1.5,14,2,-0.002,0.0,0,0
441.6,46.769,51.999,19.71,1.5,1.5,14,2,-0.012,0.0,0,0
441.8,46.763,52.008,19.737,1.5,1.5,14,2,-0.006,0.0,0,0
442.0,46.755,52.018,19.8,1.5,1.5,14,2,-0.009,0.0,0,0
442.2,46.751,52.031,19.853,1.5,1.5,14,2,-0.004,0.0,0,0
442.4,46.756,52.041,19.937,1.5,1.5,14,2,0.005,0.0,0,0
442.6,46.754,52.039,20.11,1.5,1.5,14,2,-0.001,0.0,0,0
442.8,46.753,52.042,20.048,1.5,1.5,14,2,-0.001,0.0,0,0
443.0,46.751,52.059,20.154,1.5,1.5,14,2,-0.002,0.0,0,0
443.2,46.742,52.073,20.231,1.5,1.5,14,2,-0.01,0.0,0,0
443.4,46.724,52.08,20.304,1.5,1.5,14,2,-0.018,0.0,0,0
443.6,46.719,52.074,20.277,1.5,1.5,14,2,-0.005,0.0,0,0
443.8,46.714,52.078,20.282,1.5,1.5,14,2,-0.005,0.0,0,0
444.0,46.699,52.083,20.358,1.5,1.5,14,2,-0.015,0.0,0,0
444.2,46.692,52.084,20.431,1.5,1.5,14,2,-0.007,0.001,0,0
444.4,46.676,52.091,20.521,1.5,1.5,14,2,-0.016,0.001,0,0
444.6,46.666,52.095,20.438,1.5,1.5,14,2,-0.01,0.001,0,0
444.8,46.665,52.091,20.407,1.5,1.5,14,2,-0.001,0.001,0,0
445.0,46.657,52.081,20.481,1.5,1.5,14,2,-0.008,0.001,0,0
445.2,46.653,52.075,20.462,1.5,1.5,14,2,-0.004,0.001,0,0
445.4,46.648,52.076,20.461,1.5,1.5,14,2,-0.005,0.001,0,0
445.6,46.656,52.068,20.351,1.5,1.5,14,2,0.008,0.0,0,0
445.8,46.648,52.073,20.413,1.5,1.5,14,2,-0.008,0.0,0,0
446.0,46.648,52.055,20.409,1.5,1.5,14,2,0.0,0.0,0,0
446.2,46.635,52.041,20.42,1.5,1.5,14,2,-0.013,0.0,0,0
446.4,46.638,52.054,20.467,1.5,1.5,14,2,0.002,0.0,0,0
446.6,46.629,52.043,20.552,1.5,1.5,14,2,-0.008,0.0,0,0
446.8,46.621,52.033,20.641,1.5,1.5,14,2,-0.008,0.0,0,0
447.0,46.617,52.022,20.681,1.5,1.5,14,2,-0.005,0.0,0,0
447.2,46.612,52.008,20.75,1.5,1.5,14,2,-0.005,0.0,0,0
447.4,46.621,52.007,20.816,1.5,1.5,14,2,0.009,0.0,0,0
447.6,46.623,52.002,20.919,1.5,1.5,14,2,0.002,0.0,0,0
447.8,46.635,52.003,20.81,1.5,1.5,14,2,0.011,0.0,0,0
448.0,46.636,52.003,20.882,1.5,1.5,14,2,0.001,0.0,0,0
448.2,46.646,52.004,20.873,1.5,1.5,14,2,0.011,0.0,0,0
448.4,46.658,51.993,20.827,1.5,1.5,14,2,0.012,0.0,0,0
448.6,46.674,51.974,20.622,1.5,1.5,14,2,0.016,0.0,0,0
448.8,46.687,51.953,20.46,1.5,1.5,14,2,0.012,0.001,0,0
449.0,46.685,51.938,20.357,1.5,1.5,14,2,-0.001,0.001,0,0
449.2,46.682,51.94,20.189,1.5,1.5,14,2,-0.003,0.001,0,0
449.4,46.687,51.93,20.127,1.5,1.5,14,2,0.005,0.001,0,0
449.6,46.705,51.925,19.979,1.5,1.5,14,2,0.019,0.001,0,0
449.8,46.699,51.895,19.931,1.5,1.5,14,2,-0.006,0.0,0,0
450.0,46.699,51.88,19.889,1.5,1.5,14,2,-0.0,0.0,0,0
450.2,46.688,51.876,19.99,1.5,1.5,14,2,-0.012,0.0,0,0
450.4,46.688,51.866,20.032,1.5,1.5,14,2,0.001,0.0,0,0
450.6,46.681,51.869,20.095,1.5,1.5,14,2,-0.008,0.0,0,0
450.8,46.685,51.861,20.111,1.5,1.5,14,2,0.004,0.0,0,0
451.0,46.681,51.858,20.151,1.5,1.5,14,2,-0.004,0.0,0,0
451.2,46.681,51.839,20.095,1.5,1.5,14,2,-0.001,0.0,0,0
451.4,46.683,51.832,20.153,1.5,1.5,14,2,0.002,0.0,0,0
451.6,46.691,51.833,20.166,1.5,1.5,14,2,0.009,0.0,0,0
451.8,46.695,51.831,20.096,1.5,1.5,14,2,0.003,0.0,0,0
452.0,46.689,51.829,20.189,1.5,1.5,14,2,-0.005,0.0,0,0
452.2,46.697,51.835,20.282,1.5,1.5,14,2,0.008,0.0,0,0
452.4,46.703,51.843,20.235,1.5,1.5,14,2,0.006,0.0,0,0
452.6,46.71,51.836,20.3,1.5,1.5,14,2,0.007,0.0,0,0
452.8,46.717,51.838,20.295,1.5,1.5,14,2,0.007,0.0,0,0
453.0,46.715,51.832,20.377,1.5,1.5,14,2,-0.002,0.0,0,0
453.2,46.721,51.835,20.472,1.5,1.5,14,2,0.006,0.0,0,0
453.4,46.725,51.837,20.466,1.5,1.5,14,2,0.004,0.0,0,0
453.6,46.729,51.846,20.546,1.5,1.5,14,2,0.003,0.0,0,0
453.8,46.722,51.851,20.615,1.5,1.5,14,2,-0.006,0.0,0,0
454.0,46.727,51.864,20.712,1.5,1.5,14,2,0.005,0.0,0,0
454.2,46.735,51.863,20.804,1.5,1.5,14,2,0.008,0.0,0,0
454.4,46.735,51.881,20.79,1.5,1.5,14,2,0.0,0.0,0,0
454.6,46.731,51.891,20.94,1.5,1.5,14,2,-0.004,0.0,0,0
454.8,46.734,51.895,20.977,1.5,1.5,14,2,0.003,0.0,0,0
455.0,46.736,51.891,21.004,1.5,1.5,14,2,0.002,0.0,0,0
455.2,46.723,51.885,21.098,1.5,1.5,14,2,-0.013,0.0,0,0
455.4,46.742,51.895,21.009,1.5,1.5,14,2,0.02,0.0,0,0
455.6,46.749,51.907,20.974,1.5,1.5,14,2,0.007,0.0,0,0
