fix_time,mean_snr,max_snr,var_snr,hdop,pdop,tracked_satellites,fix_quality,delta_mean_snr,rolling_var_snr,spoof_flag_raw,known_spoof_window
24.6,46.717,52.226,25.976,1.5,1.5,14,2,0.0,0.0,0,0
24.8,46.705,52.227,26.315,1.5,1.5,14,2,-0.012,0.0,0,0
25.0,46.697,52.218,26.342,1.5,1.5,14,2,-0.009,0.0,0,0
25.2,46.699,52.236,26.504,1.5,1.5,14,2,0.002,0.0,0,0
25.4,46.698,52.233,26.399,1.5,1.5,14,2,-0.001,0.0,0,0
25.6,46.695,52.239,26.599,1.5,1.5,14,2,-0.003,0.0,0,0
25.8,46.691,52.234,26.408,1.5,1.5,14,2,-0.005,0.0,0,0
26.0,46.697,52.236,26.347,1.5,1.5,14,2,0.007,0.0,0,0
26.2,46.712,52.237,26.206,1.5,1.5,14,2,0.015,0.0,0,0
26.4,46.711,52.234,26.074,1.5,1.5,14,2,-0.001,0.0,0,0
26.6,46.707,52.237,26.128,1.5,1.5,14,2,-0.004,0.0,0,0
26.8,46.721,52.227,26.057,1.5,1.5,14,2,0.014,0.0,0,0
27.0,46.719,52.226,26.072,1.5,1.5,14,2,-0.002,0.0,0,0
27.2,46.711,52.229,26.189,1.5,1.5,14,2,-0.008,0.0,0,0
27.4,46.711,52.226,26.096,1.5,1.5,14,2,0.0,0.0,0,0
27.6,46.71,52.23,26.123,1.5,1.5,14,2,-0.002,0.0,0,0
27.8,46.725,52.228,25.924,1.5,1.5,14,2,0.016,0.0,0,0
28.0,46.719,52.213,25.945,1.5,1.5,14,2,-0.007,0.0,0,0
28.2,46.718,52.21,26.011,1.5,1.5,14,2,-0.001,0.0,0,0
28.4,46.71,52.198,26.083,1.5,1.5,14,2,-0.008,0.0,0,0
28.6,46.708,52.199,26.111,1.5,1.5,14,2,-0.002,0.0,0,0
28.8,46.704,52.216,26.134,1.5,1.5,14,2,-0.005,0.0,0,0
29.0,46.692,52.201,26.088,1.5,1.5,14,2,-0.012,0.0,0,0
29.2,46.674,52.185,26.251,1.5,1.5,14,2,-0.017,0.0,0,0
29.4,46.664,52.19,26.343,1.5,1.5,14,2,-0.01,0.0,0,0
29.6,46.658,52.177,26.353,1.5,1.5,14,2,-0.006,0.001,0,0
29.8,46.662,52.17,26.261,1.5,1.5,14,2,0.004,0.001,0,0
30.0,46.642,52.173,26.43,1.5,1.5,14,2,-0.02,0.001,0,0
30.2,46.633,52.173,26.496,1.5,1.5,14,2,-0.009,0.001,0,0
30.4,46.628,52.171,26.533,1.5,1.5,14,2,-0.004,0.001,0,0
30.6,46.632,52.163,26.421,1.5,1.5,14,2,0.004,0.001,0,0
30.8,46.638,52.162,26.24,1.5,1.5,14,2,0.006,0.0,0,0
31.0,46.653,52.163,26.101,1.5,1.5,14,2,0.015,0.0,0,0
31.2,46.641,52.143,25.929,1.5,1.5,14,2,-0.012,0.0,0,0
31.4,46.649,52.137,25.833,1.5,1.5,14,2,0.008,0.0,0,0
31.6,46.65,52.105,25.65,1.5,1.5,14,2,0.001,0.0,0,0
31.8,46.641,52.097,25.502,1.5,1.5,14,2,-0.009,0.0,0,0
32.0,46.65,52.079,25.413,1.5,1.5,14,2,0.009,0.0,0,0
32.2,46.663,52.054,25.072,1.5,1.5,14,2,0.012,0.0,0,0
32.4,46.678,52.044,24.831,1.5,1.5,14,2,0.016,0.0,0,0
32.6,46.676,52.03,24.66,1.5,1.5,14,2,-0.003,0.0,0,0
32.8,46.678,52.019,24.624,1.5,1.5,14,2,0.003,0.0,0,0
33.0,46.69,52.009,24.355,1.5,1.5,14,2,0.011,0.0,0,0
33.2,46.685,51.996,24.334,1.5,1.5,14,2,-0.005,0.0,0,0
33.4,46.683,51.973,24.362,1.5,1.5,14,2,-0.002,0.0,0,0
33.6,46.689,51.965,24.368,1.5,1.5,14,2,0.006,0.0,0,0
33.8,46.687,51.951,24.447,1.5,1.5,14,2,-0.002,0.0,0,0
34.0,46.688,51.929,24.18,1.5,1.5,14,2,0.001,0.0,0,0
34.2,46.691,51.925,24.169,1.5,1.5,14,2,0.003,0.0,0,0
34.4,46.699,51.918,23.987,1.5,1.5,14,2,0.009,0.0,0,0
34.6,46.706,51.911,23.912,1.5,1.5,14,2,0.006,0.0,0,0
34.8,46.695,51.892,23.929,1.5,1.5,14,2,-0.01,0.0,0,0
35.0,46.703,51.886,23.657,1.5,1.5,14,2,0.007,0.0,0,0
35.2,46.711,51.88,23.608,1.5,1.5,14,2,0.008,0.0,0,0
35.4,46.721,51.869,23.4,1.5,1.5,14,2,0.01,0.0,0,0
35.6,46.738,51.864,23.282,1.5,1.5,14,2,0.018,0.0,0,0
35.8,46.743,51.851,23.183,1.5,1.5,14,2,0.005,0.0,0,0
36.0,46.744,51.845,23.12,1.5,1.5,14,2,0.001,0.0,0,0
36.2,46.742,51.833,23.073,1.5,1.5,14,2,-0.002,0.0,0,0
36.4,46.745,51.832,22.965,1.5,1.5,14,2,0.003,0.0,0,0
36.6,46.744,51.821,23.021,1.5,1.5,14,2,-0.001,0.0,0,0
36.8,46.742,51.816,23.039,1.5,1.5,14,2,-0.002,0.0,0,0
37.0,46.745,51.828,23.132,1.5,1.5,14,2,0.003,0.0,0,0
37.2,46.745,51.836,23.173,1.5,1.5,14,2,0.0,0.0,0,0
37.4,46.747,51.832,23.274,1.5,1.5,14,2,0.002,0.0,0,0
37.6,46.746,51.84,23.326,1.5,1.5,14,2,-0.001,0.0,0,0
37.8,46.754,51.848,23.438,1.5,1.5,14,2,0.007,0.0,0,0
38.0,46.744,51.851,23.685,1.5,1.5,14,2,-0.01,0.0,0,0
38.2,46.729,51.845,23.908,1.5,1.5,14,2,-0.015,0.0,0,0
38.4,46.714,51.863,24.043,1.5,1.5,14,2,-0.015,0.0,0,0
38.6,46.709,51.89,24.169,1.5,1.5,14,2,-0.005,0.0,0,0
38.8,46.703,51.888,24.367,1.5,1.5,14,2,-0.006,0.0,0,0
39.0,46.696,51.898,24.612,1.5,1.5,14,2,-0.007,0.0,0,0
39.2,46.707,51.906,24.497,1.5,1.5,14,2,0.011,0.0,0,0
39.4,46.698,51.917,24.662,1.5,1.5,14,2,-0.009,0.0,0,0
39.6,46.695,51.918,24.636,1.5,1.5,14,2,-0.004,0.0,0,0
39.8,46.683,51.928,24.756,1.5,1.5,14,2,-0.012,0.0,0,0
40.0,46.682,51.936,24.812,1.5,1.5,14,2,-0.001,0.0,0,0
40.2,46.677,51.95,24.89,1.5,1.5,14,2,-0.005,0.0,0,0
40.4,46.673,51.951,24.933,1.5,1.5,14,2,-0.004,0.0,0,0
40.6,46.663,51.952,24.983,1.5,1.5,14,2,-0.01,0.0,0,0
40.8,46.648,51.954,25.106,1.5,1.5,14,2,-0.015,0.0,0,0
41.0,46.665,51.962,24.997,1.5,1.5,14,2,0.017,0.0,0,0
41.2,46.662,51.988,25.018,1.5,1.5,14,2,-0.003,0.0,0,0
41.4,46.668,51.985,25.07,1.5,1.5,14,2,0.006,0.0,0,0
41.6,46.67,51.975,24.973,1.5,1.5,14,2,0.001,0.0,0,0
41.8,46.659,51.963,25.064,1.5,1.5,14,2,-0.011,0.0,0,0
42.0,46.654,51.956,24.979,1.5,1.5,14,2,-0.005,0.0,0,0
42.2,46.644,51.954,24.918,1.5,1.5,14,2,-0.009,0.0,0,0
42.4,46.639,51.947,24.935,1.5,1.5,14,2,-0.006,0.0,0,0
42.6,46.631,51.945,24.923,1.5,1.5,14,2,-0.008,0.0,0,0
42.8,46.639,51.93,24.659,1.5,1.5,14,2,0.008,0.0,0,0
43.0,46.632,51.928,24.665,1.5,1.5,14,2,-0.007,0.0,0,0
43.2,46.648,51.937,24.527,1.5,1.5,14,2,0.016,0.0,0,0
43.4,46.661,51.935,24.364,1.5,1.5,14,2,0.013,0.0,0,0
43.6,46.647,51.94,24.362,1.5,1.5,14,2,-0.014,0.0,0,0
43.8,46.654,51.938,24.208,1.5,1.5,14,2,0.007,0.0,0,0
44.0,46.652,51.948,24.044,1.5,1.5,14,2,-0.002,0.0,0,0
44.2,46.65,51.946,24.047,1.5,1.5,14,2,-0.002,0.0,0,0
44.4,46.648,51.951,24.059,1.5,1.5,14,2,-0.002,0.0,0,0
44.6,46.639,51.95,24.134,1.5,1.5,14,2,-0.009,0.0,0,0
44.8,46.648,51.957,23.974,1.5,1.5,14,2,0.008,0.0,0,0
45.0,46.648,51.96,23.919,1.5,1.5,14,2,0.0,0.0,0,0
45.2,46.642,51.961,23.939,1.5,1.5,14,2,-0.006,0.0,0,0
45.4,46.633,51.972,23.935,1.5,1.5,14,2,-0.01,0.0,0,0
45.6,46.629,51.977,23.886,1.5,1.5,14,2,-0.003,0.0,0,0
45.8,46.63,51.997,23.918,1.5,1.5,14,2,0.001,0.0,0,0
46.0,46.639,52.004,23.761,1.5,1.5,14,2,0.009,0.0,0,0
46.2,46.655,52.017,23.71,1.5,1.5,14,2,0.016,0.0,0,0
46.4,46.65,52.035,23.772,1.5,1.5,14,2,-0.005,0.0,0,0
46.6,46.654,52.042,23.7,1.5,1.5,14,2,0.005,0.0,0,0
46.8,46.664,52.065,23.554,1.5,1.5,14,2,0.01,0.0,0,0
47.0,46.665,52.075,23.555,1.5,1.5,14,2,0.001,0.0,0,0
47.2,46.668,52.092,23.498,1.5,1.5,14,2,0.004,0.0,0,0
47.4,46.673,52.108,23.37,1.5,1.5,14,2,0.005,0.0,0,0
47.6,46.666,52.11,23.346,1.5,1.5,14,2,-0.008,0.0,0,0
47.8,46.676,52.126,23.194,1.5,1.5,14,2,0.01,0.0,0,0
48.0,46.678,52.128,23.085,1.5,1.5,14,2,0.003,0.0,0,0
48.2,46.68,52.138,23.018,1.5,1.5,14,2,0.001,0.0,0,0
48.4,46.688,52.148,22.777,1.5,1.5,14,2,0.008,0.0,0,0
48.6,46.695,52.155,22.622,1.5,1.5,14,2,0.007,0.0,0,0
48.8,46.705,52.163,22.455,1.5,1.5,14,2,0.01,0.0,0,0
49.0,46.707,52.167,22.362,1.5,1.5,14,2,0.002,0.0,0,0
49.2,46.704,52.164,22.243,1.5,1.5,14,2,-0.003,0.0,0,0
49.4,46.714,52.176,22.186,1.5,1.5,14,2,0.01,0.0,0,0
49.6,46.716,52.161,22.075,1.5,1.5,14,2,0.002,0.0,0,0
49.8,46.724,52.153,21.932,1.5,1.5,14,2,0.007,0.0,0,0
50.0,46.728,52.138,21.824,1.5,1.5,14,2,0.005,0.0,0,0
50.2,46.727,52.135,21.826,1.5,1.5,14,2,-0.001,0.0,0,0
50.4,46.727,52.129,21.748,1.5,1.5,14,2,-0.0,0.0,0,0
50.6,46.741,52.128,21.464,1.5,1.5,14,2,0.014,0.0,0,0
50.8,46.748,52.12,21.344,1.5,1.5,14,2,0.007,0.0,0,0
51.0,46.745,52.115,21.259,1.5,1.5,14,2,-0.003,0.0,0,0
51.2,46.748,52.112,21.175,1.5,1.5,14,2,0.003,0.0,0,0
51.4,46.764,52.111,21.053,1.5,1.5,14,2,0.016,0.0,0,0
51.6,46.768,52.096,20.908,1.5,1.5,14,2,0.004,0.0,0,0
51.8,46.772,52.09,20.845,1.5,1.5,14,2,0.003,0.0,0,0
52.0,46.769,52.07,20.736,1.5,1.5,14,2,-0.002,0.0,0,0
52.2,46.776,52.055,20.535,1.5,1.5,14,2,0.006,0.0,0,0
52.4,46.776,52.047,20.54,1.5,1.5,14,2,-0.0,0.0,0,0
52.6,46.794,52.037,20.401,1.5,1.5,14,2,0.018,0.0,0,0
52.8,46.799,52.031,20.235,1.5,1.5,14,2,0.005,0.0,0,0
53.0,46.811,52.013,20.153,1.5,1.5,14,2,0.012,0.0,0,0
53.2,46.813,51.998,19.993,1.5,1.5,14,2,0.002,0.0,0,0
53.4,46.814,51.986,20.025,1.5,1.5,14,2,0.002,0.0,0,0
53.6,46.818,51.973,19.942,1.5,1.5,14,2,0.004,0.0,0,0
53.8,46.828,51.949,19.763,1.5,1.5,14,2,0.01,0.0,0,0
54.0,46.823,51.942,19.716,1.5,1.5,14,2,-0.005,0.0,0,0
54.2,46.82,51.933,19.721,1.5,1.5,14,2,-0.003,0.0,0,0
54.4,46.816,51.935,19.72,1.5,1.5,14,2,-0.004,0.0,0,0
54.6,46.832,51.936,19.676,1.5,1.5,14,2,0.016,0.0,0,0
54.8,46.831,51.912,19.68,1.5,1.5,14,2,-0.002,0.0,0,0
55.0,46.836,51.921,19.682,1.5,1.5,14,2,0.005,0.0,0,0
55.2,46.83,51.909,19.62,1.5,1.5,14,2,-0.007,0.0,0,0
55.4,46.82,51.887,19.643,1.5,1.5,14,2,-0.01,0.0,0,0
55.6,46.828,51.897,19.618,1.5,1.5,14,2,0.008,0.0,0,0
55.8,46.833,51.895,19.542,1.5,1.5,14,2,0.005,0.0,0,0
56.0,46.837,51.886,19.438,1.5,1.5,14,2,0.004,0.0,0,0
56.2,46.851,51.887,19.345,1.5,1.5,14,2,0.014,0.0,0,0
56.4,46.852,51.882,19.28,1.5,1.5,14,2,0.001,0.0,0,0
56.6,46.85,51.881,19.188,1.5,1.5,14,2,-0.002,0.0,0,0
56.8,46.845,51.872,19.252,1.5,1.5,14,2,-0.005,0.0,0,0
57.0,46.853,51.859,19.187,1.5,1.5,14,2,0.008,0.0,0,0
57.2,46.861,51.856,19.042,1.5,1.5,14,2,0.008,0.0,0,0
57.4,46.866,51.852,18.938,1.5,1.5,14,2,0.005,0.0,0,0
57.6,46.875,51.865,18.903,1.5,1.5,14,2,0.009,0.0,0,0
57.8,46.88,51.858,18.859,1.5,1.5,14,2,0.005,0.0,0,0
58.0,46.87,51.846,18.862,1.5,1.5,14,2,-0.01,0.0,0,0
58.2,46.869,51.853,18.799,1.5,1.5,14,2,-0.001,0.0,0,0
58.4,46.867,51.851,18.843,1.5,1.5,14,2,-0.002,0.0,0,0
58.6,46.877,51.863,18.72,1.5,1.5,14,2,0.01,0.0,0,0
58.8,46.884,51.876,18.762,1.5,1.5,14,2,0.007,0.0,0,0
59.0,46.894,51.884,18.686,1.5,1.5,14,2,0.01,0.0,0,0
59.2,46.893,51.888,18.645,1.5,1.5,14,2,-0.001,0.0,0,0
59.4,46.896,51.884,18.64,1.5,1.5,14,2,0.002,0.0,0,0
59.6,46.892,51.885,18.54,1.5,1.5,14,2,-0.003,0.0,0,0
59.8,46.899,51.884,18.472,1.5,1.5,14,2,0.006,0.0,0,0
60.0,46.906,51.885,18.385,1.5,1.5,14,2,0.007,0.0,0,0
60.2,46.911,51.89,18.289,1.5,1.5,14,2,0.005,0.0,0,0
60.4,46.916,51.907,18.242,1.5,1.5,14,2,0.005,0.0,0,0
60.6,46.914,51.909,18.169,1.5,1.5,14,2,-0.002,0.0,0,0
60.8,46.915,51.907,18.111,1.5,1.5,14,2,0.001,0.0,0,0
61.0,46.917,51.911,18.048,1.5,1.5,14,2,0.002,0.0,0,0
61.2,46.924,51.904,18.083,1.5,1.5,14,2,0.007,0.0,0,0
61.4,46.929,51.914,18.015,1.5,1.5,14,2,0.005,0.0,0,0
61.6,46.93,51.918,17.992,1.5,1.5,14,2,0.002,0.0,0,0
61.8,46.932,51.921,17.884,1.5,1.5,14,2,0.002,0.0,0,0
62.0,46.926,51.924,17.824,1.5,1.5,14,2,-0.006,0.0,0,0
62.2,46.912,51.928,17.816,1.5,1.5,14,2,-0.014,0.0,0,0
62.4,46.906,51.918,17.805,1.5,1.5,14,2,-0.006,0.0,0,0
62.6,46.895,51.915,17.907,1.5,1.5,14,2,-0.011,0.0,0,0
62.8,46.896,51.907,17.862,1.5,1.5,14,2,0.001,0.0,0,0
63.0,46.896,51.896,17.812,1.5,1.5,14,2,0.001,0.0,0,0
63.2,46.9,51.906,17.722,1.5,1.5,14,2,0.003,0.0,0,0
63.4,46.904,51.907,17.686,1.5,1.5,14,2,0.005,0.0,0,0
63.6,46.893,51.897,17.613,1.5,1.5,14,2,-0.012,0.0,0,0
63.8,46.878,51.889,17.698,1.5,1.5,14,2,-0.015,0.0,0,0
64.0,46.869,51.878,17.662,1.5,1.5,14,2,-0.009,0.0,0,0
64.2,46.87,51.874,17.754,1.5,1.5,14,2,0.0,0.0,0,0
64.4,46.856,51.869,17.723,1.5,1.5,14,2,-0.014,0.0,0,0
64.6,46.839,51.848,17.829,1.5,1.5,14,2,-0.016,0.0,0,0
64.8,46.841,51.84,17.799,1.5,1.5,14,2,0.002,0.001,0,0
65.0,46.847,51.845,17.875,1.5,1.5,14,2,0.006,0.001,0,0
65.2,46.837,51.837,17.978,1.5,1.5,14,2,-0.01,0.0,0,0
65.4,46.843,51.842,17.979,1.5,1.5,14,2,0.007,0.0,0,0
65.6,46.852,51.852,18.062,1.5,1.5,14,2,0.009,0.0,0,0
65.8,46.841,51.846,18.137,1.5,1.5,14,2,-0.011,0.0,0,0
66.0,46.845,51.849,18.256,1.5,1.5,14,2,0.003,0.0,0,0
66.2,46.847,51.858,18.354,1.5,1.5,14,2,0.002,0.0,0,0
66.4,46.85,51.853,18.328,1.5,1.5,14,2,0.004,0.0,0,0
66.6,46.861,51.855,18.366,1.5,1.5,14,2,0.011,0.0,0,0
66.8,46.854,51.855,18.355,1.5,1.5,14,2,-0.007,0.0,0,0
67.0,46.834,51.843,18.349,1.5,1.5,14,2,-0.02,0.0,0,0
67.2,46.83,51.843,18.286,1.5,1.5,14,2,-0.004,0.0,0,0
67.4,46.816,51.851,18.31,1.5,1.5,14,2,-0.014,0.0,0,0
67.6,46.815,51.858,18.41,1.5,1.5,14,2,-0.001,0.0,0,0
67.8,46.793,51.857,18.527,1.5,1.5,14,2,-0.021,0.0,0,0
68.0,46.787,51.861,18.646,1.5,1.5,14,2,-0.006,0.001,0,0
68.2,46.781,51.856,18.862,1.5,1.5,14,2,-0.006,0.001,0,0
68.4,46.773,51.854,18.869,1.5,1.5,14,2,-0.009,0.001,0,0
68.6,46.768,51.856,18.968,1.5,1.5,14,2,-0.005,0.001,0,0
68.8,46.764,51.857,19.114,1.5,1.5,14,2,-0.004,0.001,0,0
69.0,46.743,51.861,19.292,1.5,1.5,14,2,-0.021,0.001,0,0
69.2,46.729,51.861,19.527,1.5,1.5,14,2,-0.014,0.001,0,0
69.4,46.71,51.854,19.796,1.5,1.5,14,2,-0.019,0.001,0,0
69.6,46.694,51.855,20.034,1.5,1.5,14,2,-0.016,0.001,0,0
69.8,46.686,51.856,20.324,1.5,1.5,14,2,-0.008,0.001,0,0
70.0,46.665,51.875,20.841,1.5,1.5,14,2,-0.021,0.002,0,0
70.2,46.643,51.882,21.253,1.5,1.5,14,2,-0.022,0.002,0,0
70.4,46.633,51.891,21.692,1.5,1.5,14,2,-0.01,0.002,0,0
70.6,46.619,51.904,22.356,1.5,1.5,14,2,-0.015,0.002,0,0
70.8,46.599,51.912,22.845,1.5,1.5,14,2,-0.02,0.002,0,0
71.0,46.581,51.919,23.404,1.5,1.5,14,2,-0.018,0.002,0,0
71.2,46.556,51.924,24.103,1.5,1.5,14,2,-0.025,0.002,0,0
71.4,46.529,51.945,24.678,1.5,1.5,14,2,-0.027,0.003,0,0
71.6,46.488,51.951,25.416,1.5,1.5,14,2,-0.041,0.003,0,0
71.8,46.464,51.961,26.161,1.5,1.5,14,2,-0.024,0.004,0,0
72.0,46.437,51.971,27.072,1.5,1.5,14,2,-0.027,0.005,0,0
72.2,46.398,51.978,27.849,1.5,1.5,14,2,-0.038,0.006,0,0
72.4,46.371,51.985,29.046,1.5,1.5,14,2,-0.028,0.007,0,0
72.6,46.338,52.012,30.113,1.5,1.5,14,2,-0.033,0.007,0,0
72.8,46.323,52.015,31.287,1.5,1.5,14,2,-0.015,0.007,0,0
73.0,46.294,52.035,32.398,1.5,1.5,14,2,-0.029,0.007,0,0
73.2,46.26,52.034,33.71,1.5,1.5,14,2,-0.034,0.007,0,0
73.4,46.229,52.046,34.718,1.5,1.5,14,2,-0.031,0.007,0,0
73.6,46.189,52.06,36.09,1.5,1.5,14,2,-0.041,0.007,0,0
73.8,46.149,52.075,37.414,1.5,1.5,14,2,-0.04,0.008,0,0
74.0,46.131,52.072,38.144,1.5,1.5,14,2,-0.017,0.008,0,0
74.2,46.1,52.077,39.123,1.5,1.5,14,2,-0.031,0.008,0,0
74.4,46.06,52.08,40.355,1.5,1.5,14,2,-0.04,0.008,0,0
74.6,46.027,52.074,41.484,1.5,1.5,14,2,-0.033,0.009,0,0
74.8,46.005,52.068,42.279,1.5,1.5,14,2,-0.021,0.009,0,0
75.0,45.983,52.068,43.001,1.5,1.5,14,2,-0.022,0.008,0,0
75.2,45.982,52.076,43.362,1.5,1.5,14,2,-0.001,0.007,0,0
75.4,45.993,52.09,43.673,1.5,1.5,14,2,0.011,0.005,0,0
75.6,46.015,52.107,43.028,1.5,1.5,14,2,0.022,0.003,0,0
75.8,46.029,52.114,42.508,1.5,1.5,14,2,0.015,0.002,0,0
76.0,46.051,52.123,41.836,1.5,1.5,14,2,0.022,0.001,0,0
76.2,46.065,52.111,41.178,1.5,1.5,14,2,0.014,0.001,0,0
76.4,46.109,52.108,39.405,1.5,1.5,14,2,0.043,0.001,0,0
76.6,46.157,52.113,38.346,1.5,1.5,14,2,0.049,0.003,0,0
76.8,46.196,52.109,37.149,1.5,1.5,14,2,0.039,0.005,0,0
77.0,46.209,52.096,36.659,1.5,1.5,14,2,0.013,0.006,0,0
77.2,46.229,52.083,36.014,1.5,1.5,14,2,0.02,0.007,0,0
77.4,46.24,52.077,35.573,1.5,1.5,14,2,0.011,0.007,0,0
77.6,46.263,52.067,34.694,1.5,1.5,14,2,0.023,0.007,0,0
77.8,46.285,52.047,33.803,1.5,1.5,14,2,0.022,0.006,0,0
78.0,46.311,52.034,32.946,1.5,1.5,14,2,0.025,0.005,0,0
78.2,46.349,52.019,32.177,1.5,1.5,14,2,0.038,0.005,0,0
78.4,46.36,51.999,31.824,1.5,1.5,14,2,0.011,0.004,0,0
78.6,46.39,51.99,31.321,1.5,1.5,14,2,0.03,0.004,0,0
78.8,46.403,51.979,30.89,1.5,1.5,14,2,0.013,0.004,0,0
79.0,46.414,51.944,30.201,1.5,1.5,14,2,0.011,0.004,0,0
79.2,46.424,51.917,29.977,1.5,1.5,14,2,0.01,0.004,0,0
79.4,46.443,51.903,29.341,1.5,1.5,14,2,0.019,0.003,0,0
79.6,46.447,51.88,29.008,1.5,1.5,14,2,0.004,0.003,0,0
79.8,46.48,51.867,28.472,1.5,1.5,14,2,0.033,0.002,0,0
80.0,46.495,51.847,28.045,1.5,1.5,14,2,0.016,0.002,0,0
80.2,46.507,51.82,27.639,1.5,1.5,14,2,0.011,0.002,0,0
80.4,46.525,51.792,27.248,1.5,1.5,14,2,0.018,0.002,0,0
80.6,46.521,51.778,27.212,1.5,1.5,14,2,-0.004,0.002,0,0
80.8,46.538,51.748,26.8,1.5,1.5,14,2,0.017,0.002,0,0
81.0,46.553,51.729,26.412,1.5,1.5,14,2,0.015,0.002,0,0
81.2,46.559,51.723,26.061,1.5,1.5,14,2,0.006,0.001,0,0
81.4,46.566,51.707,25.899,1.5,1.5,14,2,0.008,0.001,0,0
81.6,46.578,51.707,25.586,1.5,1.5,14,2,0.011,0.001,0,0
81.8,46.595,51.702,25.304,1.5,1.5,14,2,0.017,0.001,0,0
82.0,46.6,51.698,25.137,1.5,1.5,14,2,0.005,0.001,0,0
82.2,46.605,51.693,24.965,1.5,1.5,14,2,0.005,0.001,0,0
82.4,46.615,51.692,24.595,1.5,1.5,14,2,0.01,0.001,0,0
82.6,46.627,51.692,24.26,1.5,1.5,14,2,0.012,0.001,0,0
82.8,46.64,51.696,24.042,1.5,1.5,14,2,0.013,0.001,0,0
83.0,46.648,51.695,23.81,1.5,1.5,14,2,0.008,0.001,0,0
83.2,46.658,51.71,23.565,1.5,1.5,14,2,0.01,0.001,0,0
83.4,46.676,51.721,23.33,1.5,1.5,14,2,0.018,0.001,0,0
83.6,46.694,51.721,22.968,1.5,1.5,14,2,0.018,0.001,0,0
83.8,46.697,51.72,22.893,1.5,1.5,14,2,0.002,0.001,0,0
84.0,46.718,51.714,22.53,1.5,1.5,14,2,0.022,0.001,0,0
84.2,46.737,51.724,22.44,1.5,1.5,14,2,0.019,0.001,0,0
84.4,46.743,51.732,22.458,1.5,1.5,14,2,0.006,0.002,0,0
84.6,46.744,51.741,22.386,1.5,1.5,14,2,0.001,0.001,0,0
84.8,46.749,51.756,22.29,1.5,1.5,14,2,0.005,0.001,0,0
85.0,46.755,51.761,22.239,1.5,1.5,14,2,0.006,0.001,0,0
85.2,46.77,51.779,22.22,1.5,1.5,14,2,0.015,0.001,0,0
85.4,46.763,51.783,22.265,1.5,1.5,14,2,-0.006,0.001,0,0
85.6,46.775,51.798,22.049,1.5,1.5,14,2,0.011,0.001,0,0
85.8,46.775,51.795,21.997,1.5,1.5,14,2,-0.0,0.0,0,0
86.0,46.772,51.791,21.984,1.5,1.5,14,2,-0.002,0.0,0,0
86.2,46.777,51.812,21.898,1.5,1.5,14,2,0.005,0.0,0,0
86.4,46.769,51.806,21.83,1.5,1.5,14,2,-0.008,0.0,0,0
86.6,46.774,51.804,21.842,1.5,1.5,14,2,0.004,0.0,0,0
86.8,46.771,51.82,21.732,1.5,1.5,14,2,-0.002,0.0,0,0
87.0,46.781,51.816,21.541,1.5,1.5,14,2,0.01,0.0,0,0
87.2,46.793,51.822,21.338,1.5,1.5,14,2,0.013,0.0,0,0
87.4,46.799,51.831,21.192,1.5,1.5,14,2,0.006,0.0,0,0
87.6,46.792,51.838,21.068,1.5,1.5,14,2,-0.007,0.0,0,0
87.8,46.802,51.845,20.97,1.5,1.5,14,2,0.011,0.0,0,0
88.0,46.811,51.851,20.83,1.5,1.5,14,2,0.009,0.0,0,0
88.2,46.818,51.857,20.727,1.5,1.5,14,2,0.007,0.0,0,0
88.4,46.818,51.869,20.677,1.5,1.5,14,2,0.0,0.0,0,0
88.6,46.819,51.873,20.517,1.5,1.5,14,2,0.001,0.0,0,0
88.8,46.816,51.874,20.366,1.5,1.5,14,2,-0.003,0.0,0,0
89.0,46.809,51.863,20.302,1.5,1.5,14,2,-0.007,0.0,0,0
89.2,46.812,51.856,20.014,1.5,1.5,14,2,0.003,0.0,0,0
89.4,46.822,51.866,19.933,1.5,1.5,14,2,0.01,0.0,0,0
89.6,46.827,51.871,19.866,1.5,1.5,14,2,0.005,0.0,0,0
89.8,46.83,51.875,19.863,1.5,1.5,14,2,0.002,0.0,0,0
90.0,46.832,51.889,19.756,1.5,1.5,14,2,0.002,0.0,0,0
90.2,46.845,51.896,19.713,1.5,1.5,14,2,0.013,0.0,0,0
90.4,46.853,51.904,19.51,1.5,1.5,14,2,0.009,0.0,0,0
90.6,46.854,51.901,19.433,1.5,1.5,14,2,0.001,0.0,0,0
90.8,46.854,51.914,19.502,1.5,1.5,14,2,-0.0,0.0,0,0
91.0,46.859,51.925,19.473,1.5,1.5,14,2,0.005,0.0,0,0
91.2,46.856,51.913,19.562,1.5,1.5,14,2,-0.003,0.0,0,0
91.4,46.846,51.911,19.501,1.5,1.5,14,2,-0.009,0.0,0,0
91.6,46.83,51.903,19.497,1.5,1.5,14,2,-0.016,0.0,0,0
91.8,46.835,51.893,19.345,1.5,1.5,14,2,0.005,0.0,0,0
92.0,46.832,51.89,19.301,1.5,1.5,14,2,-0.003,0.0,0,0
92.2,46.844,51.884,19.131,1.5,1.5,14,2,0.012,0.0,0,0
92.4,46.854,51.88,19.076,1.5,1.5,14,2,0.01,0.0,0,0
92.6,46.857,51.88,18.957,1.5,1.5,14,2,0.003,0.0,0,0
92.8,46.852,51.864,18.994,1.5,1.5,14,2,-0.004,0.0,0,0
93.0,46.86,51.858,18.789,1.5,1.5,14,2,0.008,0.0,0,0
93.2,46.865,51.85,18.738,1.5,1.5,14,2,0.006,0.0,0,0
93.4,46.859,51.856,18.779,1.5,1.5,14,2,-0.006,0.0,0,0
93.6,46.857,51.859,18.73,1.5,1.5,14,2,-0.002,0.0,0,0
93.8,46.857,51.859,18.72,1.5,1.5,14,2,0.0,0.0,0,0
94.0,46.847,51.863,18.837,1.5,1.5,14,2,-0.011,0.0,0,0
94.2,46.842,51.867,18.864,1.5,1.5,14,2,-0.005,0.0,0,0
94.4,46.837,51.866,18.792,1.5,1.5,14,2,-0.004,0.0,0,0
94.6,46.849,51.861,18.728,1.5,1.5,14,2,0.011,0.0,0,0
94.8,46.85,51.867,18.622,1.5,1.5,14,2,0.002,0.0,0,0
95.0,46.854,51.88,18.716,1.5,1.5,14,2,0.004,0.0,0,0
95.2,46.865,51.903,18.768,1.5,1.5,14,2,0.011,0.0,0,0
95.4,46.868,51.91,18.732,1.5,1.5,14,2,0.003,0.0,0,0
95.6,46.872,51.926,18.717,1.5,1.5,14,2,0.003,0.0,0,0
95.8,46.876,51.941,18.762,1.5,1.5,14,2,0.004,0.0,0,0
96.0,46.884,51.945,18.786,1.5,1.5,14,2,0.008,0.0,0,0
96.2,46.89,51.946,18.769,1.5,1.5,14,2,0.006,0.0,0,0
96.4,46.891,51.953,18.79,1.5,1.5,14,2,0.002,0.0,0,0
96.6,46.895,51.966,18.784,1.5,1.5,14,2,0.003,0.0,0,0
96.8,46.889,51.977,18.859,1.5,1.5,14,2,-0.006,0.0,0,0
97.0,46.88,51.988,18.957,1.5,1.5,14,2,-0.008,0.0,0,0
97.2,46.869,51.985,19.028,1.5,1.5,14,2,-0.011,0.0,0,0
97.4,46.85,51.976,19.186,1.5,1.5,14,2,-0.02,0.0,0,0
97.6,46.839,51.982,19.293,1.5,1.5,14,2,-0.01,0.0,0,0
97.8,46.831,51.986,19.413,1.5,1.5,14,2,-0.008,0.0,0,0
98.0,46.836,51.989,19.559,1.5,1.5,14,2,0.004,0.001,0,0
98.2,46.814,51.982,19.683,1.5,1.5,14,2,-0.022,0.001,0,0
98.4,46.786,51.977,19.896,1.5,1.5,14,2,-0.028,0.001,0,0
98.6,46.786,51.959,20.019,1.5,1.5,14,2,0.001,0.001,0,0
98.8,46.782,51.953,20.104,1.5,1.5,14,2,-0.004,0.001,0,0
99.0,46.767,51.944,20.289,1.5,1.5,14,2,-0.015,0.001,0,0
99.2,46.768,51.93,20.309,1.5,1.5,14,2,0.001,0.001,0,0
99.4,46.758,51.923,20.396,1.5,1.5,14,2,-0.01,0.001,0,0
99.6,46.751,51.917,20.515,1.5,1.5,14,2,-0.007,0.001,0,0
99.8,46.739,51.909,20.731,1.5,1.5,14,2,-0.012,0.001,0,0
100.0,46.725,51.906,20.863,1.5,1.5,14,2,-0.014,0.001,0,1
100.2,46.716,51.898,21.061,1.5,1.5,14,2,-0.009,0.001,0,1
100.4,46.708,51.894,21.145,1.5,1.5,14,2,-0.007,0.001,0,1
100.6,46.7,51.888,21.297,1.5,1.5,14,2,-0.008,0.001,0,1
100.8,46.688,51.873,21.3,1.5,1.5,14,2,-0.012,0.001,0,1
101.0,46.675,51.865,21.483,1.5,1.5,14,2,-0.013,0.001,0,1
101.2,46.686,51.856,21.568,1.5,1.5,14,2,0.011,0.001,0,1
101.4,46.68,51.848,21.576,1.5,1.5,14,2,-0.006,0.001,0,1
101.6,46.69,51.842,21.499,1.5,1.5,14,2,0.01,0.0,0,1
101.8,46.682,51.834,21.536,1.5,1.5,14,2,-0.008,0.0,0,1
102.0,46.695,51.837,21.442,1.5,1.5,14,2,0.013,0.0,0,1
102.2,46.707,51.843,21.44,1.5,1.5,14,2,0.013,0.0,0,1
102.4,46.71,51.85,21.619,1.5,1.5,14,2,0.002,0.0,0,1
102.6,46.712,51.851,21.632,1.5,1.5,14,2,0.002,0.0,0,1
102.8,46.717,51.858,21.675,1.5,1.5,14,2,0.005,0.0,0,1
103.0,46.729,51.865,21.693,1.5,1.5,14,2,0.012,0.0,0,1
103.2,46.725,51.859,21.714,1.5,1.5,14,2,-0.004,0.0,0,1
103.4,46.725,51.859,21.729,1.5,1.5,14,2,0.0,0.0,0,1
103.6,46.722,51.865,21.792,1.5,1.5,14,2,-0.003,0.0,0,1
103.8,46.723,51.867,21.827,1.5,1.5,14,2,0.0,0.0,0,1
104.0,46.729,51.862,21.765,1.5,1.5,14,2,0.006,0.0,0,1
104.2,46.727,51.863,21.92,1.5,1.5,14,2,-0.002,0.0,0,1
104.4,46.713,51.861,22.036,1.5,1.5,14,2,-0.014,0.0,0,1
104.6,46.702,51.863,22.123,1.5,1.5,14,2,-0.011,0.0,0,1
104.8,46.705,51.865,22.167,1.5,1.5,14,2,0.004,0.0,0,1
105.0,46.694,51.861,22.347,1.5,1.5,14,2,-0.011,0.0,0,1
105.2,46.689,51.858,22.42,1.5,1.5,14,2,-0.005,0.0,0,1
105.4,46.676,51.858,22.498,1.5,1.5,14,2,-0.013,0.0,0,1
105.6,46.67,51.868,22.625,1.5,1.5,14,2,-0.006,0.0,0,1
105.8,46.666,51.863,22.859,1.5,1.5,14,2,-0.004,0.0,0,1
106.0,46.65,51.85,22.934,1.5,1.5,14,2,-0.016,0.001,0,1
106.2,46.638,51.837,22.871,1.5,1.5,14,2,-0.012,0.001,0,1
106.4,46.625,51.83,23.101,1.5,1.5,14,2,-0.013,0.001,0,1
106.6,46.619,51.84,23.208,1.5,1.5,14,2,-0.006,0.001,0,1
106.8,46.636,51.855,23.191,1.5,1.5,14,2,0.017,0.001,0,1
107.0,46.626,51.851,23.245,1.5,1.5,14,2,-0.01,0.001,0,1
107.2,46.634,51.859,23.045,1.5,1.5,14,2,0.008,0.0,0,1
107.4,46.639,51.862,23.127,1.5,1.5,14,2,0.005,0.0,0,1
107.6,46.637,51.852,23.112,1.5,1.5,14,2,-0.002,0.0,0,1
107.8,46.635,51.853,22.961,1.5,1.5,14,2,-0.002,0.0,0,1
108.0,46.651,51.848,22.629,1.5,1.5,14,2,0.015,0.0,0,1
108.2,46.651,51.841,22.508,1.5,1.5,14,2,0.0,0.0,0,1
108.4,46.668,51.848,22.457,1.5,1.5,14,2,0.017,0.0,0,1
108.6,46.671,51.849,22.407,1.5,1.5,14,2,0.003,0.0,0,1
108.8,46.675,51.848,22.355,1.5,1.5,14,2,0.004,0.0,0,1
109.0,46.683,51.841,22.373,1.5,1.5,14,2,0.008,0.0,0,1
109.2,46.684,51.845,22.28,1.5,1.5,14,2,0.0,0.0,0,1
109.4,46.685,51.837,22.318,1.5,1.5,14,2,0.002,0.0,0,1
109.6,46.678,51.834,22.242,1.5,1.5,14,2,-0.007,0.0,0,1
109.8,46.685,51.847,22.351,1.5,1.5,14,2,0.007,0.0,0,1
110.0,46.677,51.849,22.263,1.5,1.5,14,2,-0.008,0.0,0,1
110.2,46.688,51.846,22.322,1.5,1.5,14,2,0.011,0.0,0,1
110.4,46.673,51.848,22.417,1.5,1.5,14,2,-0.015,0.0,0,1
110.6,46.665,51.829,22.466,1.5,1.5,14,2,-0.008,0.0,0,1
110.8,46.655,51.839,22.669,1.5,1.5,14,2,-0.011,0.0,0,1
111.0,46.643,51.828,22.757,1.5,1.5,14,2,-0.012,0.0,0,1
111.2,46.641,51.819,22.791,1.5,1.5,14,2,-0.001,0.0,0,1
111.4,46.636,51.814,22.909,1.5,1.5,14,2,-0.006,0.0,0,1
111.6,46.622,51.799,23.152,1.5,1.5,14,2,-0.014,0.0,0,1
111.8,46.615,51.8,23.341,1.5,1.5,14,2,-0.007,0.001,0,1
112.0,46.606,51.788,23.507,1.5,1.5,14,2,-0.009,0.001,0,1
112.2,46.602,51.775,23.585,1.5,1.5,14,2,-0.004,0.001,0,1
112.4,46.6,51.768,23.78,1.5,1.5,14,2,-0.002,0.0,0,1
112.6,46.588,51.753,23.861,1.5,1.5,14,2,-0.012,0.0,0,1
112.8,46.595,51.746,23.782,1.5,1.5,14,2,0.006,0.0,0,1
113.0,46.594,51.731,23.913,1.5,1.5,14,2,-0.001,0.0,0,1
113.2,46.577,51.704,24.045,1.5,1.5,14,2,-0.017,0.0,0,1
113.4,46.585,51.682,24.087,1.5,1.5,14,2,0.008,0.0,0,1
113.6,46.568,51.661,24.182,1.5,1.5,14,2,-0.017,0.0,0,1
113.8,46.569,51.638,24.085,1.5,1.5,14,2,0.001,0.0,0,1
114.0,46.582,51.621,23.954,1.5,1.5,14,2,0.013,0.0,0,1
114.2,46.583,51.6,23.93,1.5,1.5,14,2,0.0,0.0,0,1
114.4,46.586,51.581,23.742,1.5,1.5,14,2,0.003,0.0,0,1
114.6,46.592,51.569,23.704,1.5,1.5,14,2,0.006,0.0,0,1
114.8,46.597,51.546,23.639,1.5,1.5,14,2,0.005,0.0,0,1
115.0,46.619,51.532,23.206,1.5,1.5,14,2,0.021,0.0,0,1
115.2,46.663,51.515,22.94,1.5,1.5,14,2,0.045,0.001,0,1
115.4,46.68,51.495,22.874,1.5,1.5,14,2,0.017,0.001,0,1
115.6,46.698,51.574,22.717,1.5,1.5,14,2,0.018,0.002,0,1
115.8,46.716,51.637,22.728,1.5,1.5,14,2,0.018,0.002,0,1
116.0,46.736,51.687,22.675,1.5,1.5,14,2,0.02,0.003,0,1
116.2,46.749,51.715,22.555,1.5,1.5,14,2,0.013,0.003,0,1
116.4,46.764,51.745,22.506,1.5,1.5,14,2,0.016,0.004,0,1
116.6,46.761,51.782,22.608,1.5,1.5,14,2,-0.003,0.003,0,1
116.8,46.775,51.808,22.754,1.5,1.5,14,2,0.014,0.002,0,1
117.0,46.779,51.828,22.588,1.5,1.5,14,2,0.004,0.002,0,1
117.2,46.791,51.866,22.544,1.5,1.5,14,2,0.012,0.001,0,1
117.4,46.794,51.889,22.462,1.5,1.5,14,2,0.002,0.001,0,1
117.6,46.805,51.886,22.384,1.5,1.5,14,2,0.011,0.001,0,1
117.8,46.804,51.908,22.326,1.5,1.5,14,2,-0.001,0.0,0,1
118.0,46.808,51.934,22.479,1.5,1.5,14,2,0.004,0.0,0,1
118.2,46.824,51.964,22.478,1.5,1.5,14,2,0.016,0.0,0,1
118.4,46.817,51.974,22.508,1.5,1.5,14,2,-0.007,0.0,0,1
118.6,46.817,51.993,22.604,1.5,1.5,14,2,0.0,0.0,0,1
118.8,46.83,52.009,22.571,1.5,1.5,14,2,0.012,0.0,0,1
119.0,46.839,52.019,22.515,1.5,1.5,14,2,0.009,0.0,0,1
119.2,46.832,52.031,22.646,1.5,1.5,14,2,-0.007,0.0,0,1
119.4,46.838,52.044,22.745,1.5,1.5,14,2,0.006,0.0,0,1
119.6,46.846,52.048,22.894,1.5,1.5,14,2,0.007,0.0,0,1
119.8,46.961,52.207,22.778,1.5,1.5,14,2,0.115,0.002,0,1
120.0,47.123,52.746,23.351,1.5,1.5,14,2,0.162,0.009,0,1
120.2,47.215,53.257,24.289,1.5,1.5,14,2,0.092,0.018,0,1
120.4,47.258,53.651,25.597,1.5,1.5,14,2,0.043,0.028,0,1
120.6,47.273,53.945,26.977,1.5,1.5,14,2,0.015,0.034,0,1
120.8,47.258,54.19,28.605,1.5,1.5,14,2,-0.015,0.035,0,1
121.0,47.223,54.378,30.425,1.5,1.5,14,2,-0.036,0.033,0,1
121.2,47.178,54.533,32.288,1.5,1.5,14,2,-0.044,0.026,0,1
121.4,47.112,54.665,34.215,1.5,1.5,14,2,-0.066,0.018,0,1
121.6,47.052,54.764,36.125,1.5,1.5,14,2,-0.061,0.009,0,1
121.8,46.977,54.857,38.222,1.5,1.5,14,2,-0.075,0.009,0,1
122.0,46.913,54.93,40.252,1.5,1.5,14,2,-0.064,0.015,0,1
122.2,46.856,54.966,42.089,1.5,1.5,14,2,-0.056,0.021,0,1
122.4,46.778,55.02,43.96,1.5,1.5,14,2,-0.078,0.028,0,1
122.6,46.719,55.075,45.6,1.5,1.5,14,2,-0.059,0.032,0,1
122.8,46.661,55.1,47.128,1.5,1.5,14,2,-0.057,0.034,0,1
123.0,46.618,55.134,48.471,1.5,1.5,14,2,-0.043,0.034,0,1
123.2,46.572,55.158,49.814,1.5,1.5,14,2,-0.047,0.031,0,1
123.4,46.528,55.179,51.165,1.5,1.5,14,2,-0.044,0.029,0,1
123.6,46.486,55.178,52.365,1.5,1.5,14,2,-0.041,0.025,0,1
123.8,46.445,55.183,53.358,1.5,1.5,14,2,-0.041,0.022,0,1
124.0,46.425,55.198,53.761,1.5,1.5,14,2,-0.02,0.019,0,1
124.2,46.422,55.208,53.98,1.5,1.5,14,2,-0.003,0.014,0,1
124.4,46.412,55.223,54.246,1.5,1.5,14,2,-0.01,0.011,0,1
124.6,46.416,55.209,54.105,1.5,1.5,14,2,0.004,0.008,0,1
124.8,46.442,55.193,53.415,1.5,1.5,14,2,0.026,0.005,0,1
125.0,46.443,55.181,53.057,1.5,1.5,14,2,0.002,0.003,0,1
125.2,46.436,55.165,53.208,1.5,1.5,14,2,-0.007,0.001,0,1
125.4,46.434,55.161,53.131,1.5,1.5,14,2,-0.002,0.0,0,1
125.6,46.458,55.157,52.65,1.5,1.5,14,2,0.024,0.0,0,1
125.8,46.459,55.168,52.509,1.5,1.5,14,2,0.001,0.0,0,1
126.0,46.439,55.155,52.935,1.5,1.5,14,2,-0.019,0.0,0,1
126.2,46.453,55.143,52.451,1.5,1.5,14,2,0.014,0.0,0,1
126.4,46.472,55.128,51.883,1.5,1.5,14,2,0.019,0.0,0,1
126.6,46.493,55.113,51.519,1.5,1.5,14,2,0.021,0.0,0,1
126.8,46.487,55.102,51.641,1.5,1.5,14,2,-0.006,0.0,0,1
127.0,46.499,55.098,51.652,1.5,1.5,14,2,0.011,0.001,0,1
127.2,46.506,55.1,51.389,1.5,1.5,14,2,0.007,0.001,0,1
127.4,46.499,55.095,51.66,1.5,1.5,14,2,-0.007,0.0,0,1
127.6,46.493,55.087,51.902,1.5,1.5,14,2,-0.006,0.0,0,1
127.8,46.522,55.069,51.446,1.5,1.5,14,2,0.028,0.001,0,1
128.0,46.525,55.049,51.33,1.5,1.5,14,2,0.004,0.0,0,1
128.2,46.549,55.039,51.025,1.5,1.5,14,2,0.023,0.0,0,1
128.4,46.556,55.027,50.842,1.5,1.5,14,2,0.007,0.001,0,1
128.6,46.573,55.019,50.508,1.5,1.5,14,2,0.017,0.001,0,1
128.8,46.586,55.015,50.153,1.5,1.5,14,2,0.013,0.001,0,1
129.0,46.592,55.001,49.929,1.5,1.5,14,2,0.007,0.001,0,1
129.2,46.585,54.985,49.879,1.5,1.5,14,2,-0.007,0.001,0,1
129.4,46.596,54.979,49.719,1.5,1.5,14,2,0.011,0.001,0,1
129.6,46.594,54.982,49.46,1.5,1.5,14,2,-0.002,0.001,0,1
129.8,46.596,54.973,49.501,1.5,1.5,14,2,0.001,0.001,0,1
130.0,46.586,54.973,49.611,1.5,1.5,14,2,-0.01,0.0,0,1
130.2,46.587,54.971,49.506,1.5,1.5,14,2,0.002,0.0,0,1
130.4,46.578,54.966,49.608,1.5,1.5,14,2,-0.009,0.0,0,1
130.6,46.563,54.964,49.713,1.5,1.5,14,2,-0.015,0.0,0,1
130.8,46.553,54.969,49.928,1.5,1.5,14,2,-0.01,0.0,0,1
131.0,46.561,54.972,49.856,1.5,1.5,14,2,0.008,0.0,0,1
131.2,46.556,54.978,49.745,1.5,1.5,14,2,-0.005,0.0,0,1
131.4,46.56,54.984,49.564,1.5,1.5,14,2,0.003,0.0,0,1
131.6,46.569,54.999,49.731,1.5,1.5,14,2,0.009,0.0,0,1
131.8,46.563,55.02,49.594,1.5,1.5,14,2,-0.005,0.0,0,1
132.0,46.569,55.034,49.235,1.5,1.5,14,2,0.005,0.0,0,1
132.2,46.574,55.05,49.228,1.5,1.5,14,2,0.006,0.0,0,1
132.4,46.558,55.067,49.224,1.5,1.5,14,2,-0.016,0.0,0,1
132.6,46.542,55.098,49.259,1.5,1.5,14,2,-0.016,0.0,0,1
132.8,46.528,55.115,49.68,1.5,1.5,14,2,-0.013,0.0,0,1
133.0,46.552,55.141,49.107,1.5,1.5,14,2,0.024,0.0,0,1
133.2,46.528,55.163,49.335,1.5,1.5,14,2,-0.024,0.0,0,1
133.4,46.533,55.17,49.163,1.5,1.5,14,2,0.005,0.0,0,1
133.6,46.528,55.176,49.238,1.5,1.5,14,2,-0.005,0.0,0,1
133.8,46.511,55.193,49.436,1.5,1.5,14,2,-0.017,0.0,0,1
134.0,46.517,55.201,49.115,1.5,1.5,14,2,0.006,0.0,0,1
134.2,46.508,55.198,49.17,1.5,1.5,14,2,-0.009,0.0,0,1
134.4,46.502,55.201,49.405,1.5,1.5,14,2,-0.006,0.0,0,1
134.6,46.487,55.214,49.586,1.5,1.5,14,2,-0.015,0.0,0,1
134.8,46.482,55.228,49.764,1.5,1.5,14,2,-0.005,0.0,0,1
135.0,46.461,55.239,49.887,1.5,1.5,14,2,-0.021,0.0,0,1
135.2,46.477,55.252,49.874,1.5,1.5,14,2,0.016,0.0,0,1
135.4,46.481,55.259,49.655,1.5,1.5,14,2,0.004,0.0,0,1
135.6,46.478,55.258,49.645,1.5,1.5,14,2,-0.002,0.0,0,1
135.8,46.501,55.265,49.467,1.5,1.5,14,2,0.023,0.0,0,1
136.0,46.502,55.274,49.628,1.5,1.5,14,2,0.001,0.0,0,1
136.2,46.491,55.27,49.909,1.5,1.5,14,2,-0.012,0.0,0,1
136.4,46.507,55.268,49.732,1.5,1.5,14,2,0.017,0.0,0,1
136.6,46.491,55.26,50.166,1.5,1.5,14,2,-0.016,0.0,0,1
136.8,46.478,55.24,50.348,1.5,1.5,14,2,-0.013,0.0,0,1
137.0,46.478,55.225,50.417,1.5,1.5,14,2,0.0,0.0,0,1
137.2,46.484,55.21,50.307,1.5,1.5,14,2,0.005,0.0,0,1
137.4,46.478,55.193,50.441,1.5,1.5,14,2,-0.005,0.0,0,1
137.6,46.469,55.179,50.447,1.5,1.5,14,2,-0.01,0.0,0,1
137.8,46.444,55.166,50.797,1.5,1.5,14,2,-0.025,0.0,0,1
138.0,46.46,55.167,50.596,1.5,1.5,14,2,0.016,0.0,0,1
138.2,46.445,55.143,50.752,1.5,1.5,14,2,-0.015,0.0,0,1
138.4,46.457,55.13,50.602,1.5,1.5,14,2,0.012,0.0,0,1
138.6,46.442,55.123,50.912,1.5,1.5,14,2,-0.016,0.0,0,1
138.8,46.428,55.113,51.117,1.5,1.5,14,2,-0.014,0.0,0,1
139.0,46.43,55.104,51.067,1.5,1.5,14,2,0.003,0.0,0,1
139.2,46.441,55.096,50.629,1.5,1.5,14,2,0.01,0.0,0,1
139.4,46.445,55.091,50.534,1.5,1.5,14,2,0.005,0.0,0,1
139.6,46.427,55.081,50.693,1.5,1.5,14,2,-0.019,0.0,0,1
139.8,46.447,55.067,50.481,1.5,1.5,14,2,0.02,0.0,0,1
140.0,46.428,55.055,50.784,1.5,1.5,14,2,-0.019,0.0,0,1
140.2,46.425,55.058,50.716,1.5,1.5,14,2,-0.002,0.0,0,1
140.4,46.414,55.04,50.842,1.5,1.5,14,2,-0.011,0.0,0,1
140.6,46.412,55.038,50.865,1.5,1.5,14,2,-0.002,0.0,0,1
140.8,46.416,55.052,51.046,1.5,1.5,14,2,0.005,0.0,0,1
141.0,46.413,55.06,51.159,1.5,1.5,14,2,-0.003,0.0,0,1
141.2,46.423,55.069,51.161,1.5,1.5,14,2,0.01,0.0,0,1
141.4,46.437,55.071,50.96,1.5,1.5,14,2,0.014,0.0,0,1
141.6,46.426,55.06,51.007,1.5,1.5,14,2,-0.011,0.0,0,1
141.8,46.423,55.063,50.939,1.5,1.5,14,2,-0.004,0.0,0,1
142.0,46.424,55.067,50.857,1.5,1.5,14,2,0.002,0.0,0,1
142.2,46.439,55.067,50.821,1.5,1.5,14,2,0.014,0.0,0,1
142.4,46.444,55.081,50.812,1.5,1.5,14,2,0.005,0.0,0,1
142.6,46.458,55.096,50.559,1.5,1.5,14,2,0.013,0.0,0,1
142.8,46.458,55.101,50.506,1.5,1.5,14,2,0.0,0.0,0,1
143.0,46.456,55.122,50.668,1.5,1.5,14,2,-0.002,0.0,0,1
143.2,46.481,55.126,50.214,1.5,1.5,14,2,0.025,0.0,0,1
143.4,46.488,55.14,49.995,1.5,1.5,14,2,0.006,0.0,0,1
143.6,46.466,55.157,50.299,1.5,1.5,14,2,-0.022,0.0,0,1
143.8,46.471,55.169,50.304,1.5,1.5,14,2,0.005,0.0,0,1
144.0,46.484,55.184,50.299,1.5,1.5,14,2,0.013,0.0,0,1
144.2,46.488,55.191,50.284,1.5,1.5,14,2,0.004,0.0,0,1
144.4,46.464,55.206,50.678,1.5,1.5,14,2,-0.024,0.0,0,1
144.6,46.467,55.234,50.389,1.5,1.5,14,2,0.003,0.0,0,1
144.8,46.466,55.245,50.393,1.5,1.5,14,2,-0.001,0.0,0,1
145.0,46.447,55.257,50.585,1.5,1.5,14,2,-0.019,0.0,0,1
145.2,46.456,55.264,50.253,1.5,1.5,14,2,0.009,0.0,0,1
145.4,46.465,55.267,50.158,1.5,1.5,14,2,0.009,0.0,0,1
145.6,46.49,55.29,49.858,1.5,1.5,14,2,0.024,0.0,0,1
145.8,46.463,55.306,50.289,1.5,1.5,14,2,-0.027,0.0,0,1
146.0,46.46,55.333,50.372,1.5,1.5,14,2,-0.002,0.0,0,1
146.2,46.467,55.352,50.342,1.5,1.5,14,2,0.006,0.0,0,1
146.4,46.44,55.367,50.694,1.5,1.5,14,2,-0.027,0.0,0,1
146.6,46.45,55.382,50.596,1.5,1.5,14,2,0.01,0.0,0,1
146.8,46.452,55.39,50.773,1.5,1.5,14,2,0.002,0.0,0,1
147.0,46.458,55.392,50.549,1.5,1.5,14,2,0.006,0.0,0,1
147.2,46.448,55.41,50.879,1.5,1.5,14,2,-0.01,0.0,0,1
147.4,46.431,55.424,51.138,1.5,1.5,14,2,-0.017,0.0,0,1
147.6,46.424,55.445,51.283,1.5,1.5,14,2,-0.007,0.0,0,1
147.8,46.395,55.466,51.707,1.5,1.5,14,2,-0.029,0.0,0,1
148.0,46.384,55.495,51.989,1.5,1.5,14,2,-0.012,0.001,0,1
148.2,46.397,55.512,51.8,1.5,1.5,14,2,0.014,0.001,0,1
148.4,46.384,55.532,51.843,1.5,1.5,14,2,-0.013,0.001,0,1
148.6,46.389,55.541,52.104,1.5,1.5,14,2,0.005,0.001,0,1
148.8,46.378,55.564,52.183,1.5,1.5,14,2,-0.011,0.001,0,1
149.0,46.364,55.594,52.581,1.5,1.5,14,2,-0.014,0.001,0,1
149.2,46.373,55.612,52.171,1.5,1.5,14,2,0.009,0.0,0,1
149.4,46.371,55.634,52.424,1.5,1.5,14,2,-0.002,0.0,0,1
149.6,46.343,55.652,52.941,1.5,1.5,14,2,-0.029,0.0,0,1
149.8,46.336,55.668,53.383,1.5,1.5,14,2,-0.006,0.0,0,1
150.0,46.33,55.684,53.134,1.5,1.5,14,2,-0.007,0.0,0,1
150.2,46.314,55.701,53.527,1.5,1.5,14,2,-0.016,0.001,0,1
150.4,46.305,55.713,53.944,1.5,1.5,14,2,-0.009,0.001,0,1
150.6,46.309,55.736,53.83,1.5,1.5,14,2,0.004,0.001,0,1
150.8,46.31,55.756,54.438,1.5,1.5,14,2,0.001,0.001,0,1
151.0,46.28,55.767,55.1,1.5,1.5,14,2,-0.03,0.001,0,1
151.2,46.255,55.783,56.012,1.5,1.5,14,2,-0.025,0.001,0,1
151.4,46.25,55.811,56.528,1.5,1.5,14,2,-0.006,0.001,0,1
151.6,46.245,55.815,56.989,1.5,1.5,14,2,-0.004,0.001,0,1
151.8,46.236,55.821,57.081,1.5,1.5,14,2,-0.009,0.001,0,1
152.0,46.212,55.825,58.126,1.5,1.5,14,2,-0.024,0.001,0,1
152.2,46.172,55.828,59.471,1.5,1.5,14,2,-0.04,0.002,0,1
152.4,46.113,55.842,60.995,1.5,1.5,14,2,-0.059,0.003,0,1
152.6,46.075,55.856,62.527,1.5,1.5,14,2,-0.038,0.005,0,1
152.8,46.069,55.859,62.624,1.5,1.5,14,2,-0.006,0.006,0,1
153.0,46.034,55.869,63.549,1.5,1.5,14,2,-0.035,0.007,0,1
153.2,46.008,55.884,64.305,1.5,1.5,14,2,-0.026,0.008,0,1
153.4,45.987,55.906,64.966,1.5,1.5,14,2,-0.021,0.008,0,1
153.6,45.933,55.901,67.065,1.5,1.5,14,2,-0.054,0.009,0,1
153.8,45.889,55.918,69.287,1.5,1.5,14,2,-0.043,0.009,0,1
154.0,45.839,55.934,70.28,1.5,1.5,14,2,-0.05,0.01,0,1
154.2,45.812,55.938,70.556,1.5,1.5,14,2,-0.028,0.01,0,1
154.4,45.778,55.947,71.398,1.5,1.5,14,2,-0.033,0.011,0,1
154.6,45.698,55.956,73.995,1.5,1.5,14,2,-0.081,0.013,0,1
154.8,45.661,55.969,75.311,1.5,1.5,14,2,-0.037,0.015,0,1
155.0,45.592,55.983,77.835,1.5,1.5,14,2,-0.069,0.018,0,1
155.2,45.522,55.992,80.123,1.5,1.5,14,2,-0.07,0.02,0,1
155.4,45.464,56.016,82.931,1.5,1.5,14,2,-0.058,0.023,0,1
155.6,45.416,56.026,85.036,1.5,1.5,14,2,-0.048,0.024,0,1
155.8,45.416,56.035,84.245,1.5,1.5,14,2,0.0,0.024,0,1
156.0,45.418,56.043,82.954,1.5,1.5,14,2,0.002,0.021,0,1
156.2,45.424,56.058,81.18,1.5,1.5,14,2,0.006,0.016,0,1
156.4,45.494,56.049,77.583,1.5,1.5,14,2,0.07,0.01,0,1
156.6,45.513,56.049,76.666,1.5,1.5,14,2,0.019,0.006,0,1
156.8,45.612,56.072,70.75,1.5,1.5,14,2,0.099,0.005,0,1
157.0,45.697,56.087,66.02,1.5,1.5,14,2,0.085,0.008,0,1
157.2,45.788,56.1,60.923,1.5,1.5,14,2,0.091,0.016,0,1
157.4,45.828,56.111,58.61,1.5,1.5,14,2,0.04,0.023,0,1
157.6,45.905,56.123,55.156,1.5,1.5,14,2,0.077,0.031,0,1
157.8,45.939,56.148,53.142,1.5,1.5,14,2,0.034,0.035,0,1
158.0,45.995,56.16,50.633,1.5,1.5,14,2,0.056,0.037,0,1
158.2,45.995,56.171,50.31,1.5,1.5,14,2,0.001,0.032,0,1
158.4,46.002,56.178,49.733,1.5,1.5,14,2,0.007,0.027,0,1
158.6,45.989,56.205,49.511,1.5,1.5,14,2,-0.013,0.017,0,1
158.8,45.966,56.225,49.579,1.5,1.5,14,2,-0.024,0.01,0,1
159.0,45.95,56.247,49.445,1.5,1.5,14,2,-0.015,0.005,0,1
159.2,45.922,56.248,49.674,1.5,1.5,14,2,-0.028,0.003,0,1
159.4,45.906,56.262,49.685,1.5,1.5,14,2,-0.016,0.001,0,1
159.6,45.89,56.275,49.948,1.5,1.5,14,2,-0.016,0.001,0,1
159.8,45.853,56.294,50.632,1.5,1.5,14,2,-0.037,0.002,0,1
160.0,45.83,56.321,51.001,1.5,1.5,14,2,-0.022,0.003,0,1
160.2,45.784,56.348,52.139,1.5,1.5,14,2,-0.046,0.005,0,1
160.4,45.743,56.361,53.396,1.5,1.5,14,2,-0.041,0.006,0,1
160.6,45.698,56.373,54.398,1.5,1.5,14,2,-0.045,0.007,0,1
160.8,45.645,56.398,55.769,1.5,1.5,14,2,-0.053,0.009,0,1
161.0,45.592,56.412,57.353,1.5,1.5,14,2,-0.053,0.012,0,1
161.2,45.564,56.427,58.4,1.5,1.5,14,2,-0.029,0.014,0,1
161.4,45.525,56.439,59.52,1.5,1.5,14,2,-0.039,0.015,0,1
161.6,45.504,56.463,60.342,1.5,1.5,14,2,-0.021,0.014,0,1
161.8,45.501,56.496,60.234,1.5,1.5,14,2,-0.003,0.013,0,1
162.0,45.477,56.52,60.519,1.5,1.5,14,2,-0.024,0.011,0,1
162.2,45.477,56.537,60.04,1.5,1.5,14,2,-0.0,0.008,0,1
162.4,45.525,56.542,57.758,1.5,1.5,14,2,0.048,0.005,0,1
162.6,46.295,56.547,52.488,1.5,1.5,13,2,0.77,0.055,0,1
162.8,46.301,56.556,51.447,1.5,1.5,13,2,0.006,0.098,0,1
163.0,46.33,56.556,49.217,1.5,1.5,13,2,0.029,0.135,0,1
163.2,46.387,56.565,46.374,1.5,1.5,13,2,0.057,0.165,0,1
163.4,46.405,56.561,44.82,1.5,1.5,13,2,0.018,0.181,0,1
163.6,46.432,56.56,42.911,1.5,1.5,13,2,0.027,0.181,0,1
163.8,46.473,56.571,40.74,1.5,1.5,13,2,0.041,0.166,0,1
164.0,46.496,56.556,39.086,1.5,1.5,13,2,0.023,0.131,0,1
164.2,46.531,56.556,37.285,1.5,1.5,13,2,0.035,0.076,0,1
164.4,46.543,56.546,35.974,1.5,1.5,13,2,0.012,0.008,0,1
164.6,46.56,56.528,34.353,1.5,1.5,13,2,0.017,0.007,0,1
164.8,46.574,56.518,33.255,1.5,1.5,13,2,0.013,0.006,0,1
165.0,46.581,56.512,32.249,1.5,1.5,13,2,0.008,0.005,0,1
165.2,46.581,56.504,31.346,1.5,1.5,13,2,-0.001,0.004,0,1
165.4,46.597,56.487,30.415,1.5,1.5,13,2,0.016,0.003,0,1
165.6,46.582,56.482,29.708,1.5,1.5,13,2,-0.015,0.002,0,1
165.8,46.584,56.474,29.038,1.5,1.5,13,2,0.002,0.001,0,1
166.0,46.566,56.465,28.556,1.5,1.5,13,2,-0.018,0.0,0,1
166.2,46.548,56.452,28.143,1.5,1.5,13,2,-0.018,0.0,0,1
166.4,46.535,56.452,27.71,1.5,1.5,13,2,-0.013,0.0,0,1
166.6,46.526,56.436,27.178,1.5,1.5,13,2,-0.008,0.0,0,1
166.8,46.51,56.423,26.85,1.5,1.5,13,2,-0.016,0.001,0,1
167.0,46.478,56.411,26.7,1.5,1.5,13,2,-0.032,0.001,0,1
167.2,46.446,56.402,26.562,1.5,1.5,13,2,-0.032,0.002,0,1
167.4,46.409,56.39,26.433,1.5,1.5,13,2,-0.037,0.003,0,1
167.6,46.381,56.376,26.41,1.5,1.5,13,2,-0.028,0.004,0,1
167.8,46.342,56.374,26.472,1.5,1.5,13,2,-0.039,0.005,0,1
168.0,46.29,56.363,26.671,1.5,1.5,13,2,-0.052,0.007,0,1
168.2,46.238,56.348,26.92,1.5,1.5,13,2,-0.052,0.009,0,1
168.4,46.189,56.341,27.21,1.5,1.5,13,2,-0.049,0.012,0,1
168.6,46.144,56.329,27.582,1.5,1.5,13,2,-0.044,0.014,0,1
168.8,46.073,56.321,28.103,1.5,1.5,13,2,-0.071,0.017,0,1
169.0,46.024,56.315,28.514,1.5,1.5,13,2,-0.049,0.019,0,1
169.2,45.953,56.309,29.234,1.5,1.5,13,2,-0.071,0.022,0,1
169.4,45.887,56.295,30.1,1.5,1.5,13,2,-0.066,0.025,0,1
169.6,45.807,56.287,30.94,1.5,1.5,13,2,-0.08,0.028,0,1
169.8,45.732,56.275,31.805,1.5,1.5,13,2,-0.075,0.032,0,1
170.0,45.657,56.264,32.83,1.5,1.5,13,2,-0.076,0.035,0,1
170.2,45.581,56.247,33.883,1.5,1.5,13,2,-0.076,0.039,0,1
170.4,45.486,56.227,35.18,1.5,1.5,13,2,-0.095,0.043,0,1
170.6,45.404,56.202,36.49,1.5,1.5,13,2,-0.082,0.047,0,1
170.8,45.315,56.173,37.56,1.5,1.5,13,2,-0.089,0.051,0,1
171.0,45.206,56.14,39.046,1.5,1.5,13,2,-0.109,0.056,0,1
171.2,45.113,56.109,40.319,1.5,1.5,13,2,-0.093,0.061,0,1
171.4,45.028,56.078,41.503,1.5,1.5,13,2,-0.085,0.064,0,1
171.6,44.951,56.055,42.75,1.5,1.5,13,2,-0.077,0.066,0,1
171.8,44.85,56.023,44.053,1.5,1.5,13,2,-0.101,0.068,0,1
172.0,44.766,55.984,45.341,1.5,1.5,13,2,-0.084,0.068,0,1
172.2,44.701,55.942,46.351,1.5,1.5,13,2,-0.065,0.066,0,1
172.4,44.617,55.897,47.382,1.5,1.5,13,2,-0.084,0.063,0,1
172.6,44.56,55.857,48.273,1.5,1.5,13,2,-0.058,0.059,0,1
172.8,44.486,55.825,49.345,1.5,1.5,13,2,-0.074,0.053,0,1
173.0,44.426,55.78,50.302,1.5,1.5,13,2,-0.059,0.049,0,1
173.2,44.352,55.729,51.432,1.5,1.5,13,2,-0.074,0.046,0,1
173.4,44.287,55.677,52.649,1.5,1.5,13,2,-0.065,0.043,0,1
173.6,44.206,55.624,54.08,1.5,1.5,13,2,-0.081,0.04,0,1
173.8,44.141,55.563,55.027,1.5,1.5,13,2,-0.064,0.04,0,1
174.0,44.062,55.507,56.545,1.5,1.5,13,2,-0.08,0.04,0,1
174.2,44.009,55.455,57.655,1.5,1.5,13,2,-0.053,0.039,0,1
174.4,43.964,55.406,58.965,1.5,1.5,13,2,-0.044,0.038,0,1
174.6,43.921,55.346,60.295,1.5,1.5,13,2,-0.043,0.035,0,1
174.8,43.892,55.299,61.006,1.5,1.5,13,2,-0.03,0.031,0,1
175.0,43.874,55.242,61.724,1.5,1.5,13,2,-0.017,0.026,0,1
175.2,43.862,55.169,61.912,1.5,1.5,13,2,-0.012,0.02,0,1
175.4,43.858,55.11,62.104,1.5,1.5,13,2,-0.004,0.014,0,1
175.6,43.871,55.06,61.935,1.5,1.5,13,2,0.013,0.008,0,1
175.8,43.907,54.998,61.554,1.5,1.5,13,2,0.037,0.004,0,1
176.0,43.96,54.94,60.788,1.5,1.5,13,2,0.052,0.002,0,1
176.2,44.016,54.873,59.827,1.5,1.5,13,2,0.057,0.002,0,1
176.4,44.084,54.807,58.915,1.5,1.5,13,2,0.068,0.005,0,1
176.6,44.149,54.748,57.723,1.5,1.5,13,2,0.064,0.01,0,1
176.8,44.208,54.68,56.737,1.5,1.5,13,2,0.06,0.015,0,1
177.0,44.292,54.607,55.463,1.5,1.5,13,2,0.083,0.022,0,1
177.2,44.289,54.535,50.75,1.5,1.5,14,2,-0.002,0.025,0,1
177.4,44.36,54.456,49.84,1.5,1.5,14,2,0.07,0.027,0,1
177.6,44.419,54.364,49.37,1.5,1.5,14,2,0.059,0.027,0,1
177.8,44.487,54.289,48.666,1.5,1.5,14,2,0.069,0.027,0,1
178.0,44.552,54.212,48.146,1.5,1.5,14,2,0.065,0.027,0,1
178.2,44.627,54.128,47.529,1.5,1.5,14,2,0.074,0.028,0,1
178.4,44.671,54.046,47.158,1.5,1.5,14,2,0.045,0.028,0,1
178.6,44.716,53.962,47.299,1.5,1.5,14,2,0.045,0.028,0,1
178.8,44.769,53.879,47.043,1.5,1.5,14,2,0.053,0.028,0,1
179.0,44.837,53.796,46.638,1.5,1.5,14,2,0.069,0.03,0,1
179.2,44.886,53.702,46.519,1.5,1.5,14,2,0.049,0.028,0,1
179.4,44.918,53.591,46.647,1.5,1.5,14,2,0.031,0.026,0,1
179.6,44.967,53.491,46.856,1.5,1.5,14,2,0.05,0.023,0,1
179.8,45.006,53.395,47.261,1.5,1.5,14,2,0.039,0.021,0,1
180.0,45.032,53.291,47.696,1.5,1.5,14,2,0.025,0.018,0,1
180.2,45.07,53.173,47.969,1.5,1.5,14,2,0.039,0.017,0,1
180.4,45.081,53.057,48.832,1.5,1.5,14,2,0.01,0.014,0,1
180.6,45.096,52.944,49.69,1.5,1.5,14,2,0.016,0.011,0,1
180.8,45.113,52.827,50.364,1.5,1.5,14,2,0.017,0.008,0,1
181.0,45.12,52.703,51.496,1.5,1.5,14,2,0.006,0.006,0,1
181.2,45.112,52.576,52.917,1.5,1.5,14,2,-0.008,0.004,0,1
181.4,45.12,52.43,53.787,1.5,1.5,14,2,0.008,0.003,0,1
181.6,45.138,52.292,54.733,1.5,1.5,14,2,0.018,0.002,0,1
181.8,45.154,52.15,55.114,1.5,1.5,14,2,0.016,0.001,0,1
182.0,45.183,52.013,55.198,1.5,1.5,14,2,0.028,0.001,0,1
182.2,45.226,51.861,54.757,1.5,1.5,14,2,0.044,0.002,0,1
182.4,45.249,51.726,54.876,1.5,1.5,14,2,0.023,0.002,0,1
182.6,45.299,51.775,54.394,1.5,1.5,14,2,0.05,0.004,0,1
182.8,45.301,51.811,54.86,1.5,1.5,14,2,0.002,0.005,0,1
183.0,45.32,51.831,54.936,1.5,1.5,14,2,0.019,0.006,0,1
183.2,45.347,51.858,54.534,1.5,1.5,14,2,0.027,0.006,0,1
183.4,45.379,51.898,53.952,1.5,1.5,14,2,0.032,0.006,0,1
183.6,45.403,51.933,53.834,1.5,1.5,14,2,0.024,0.006,0,1
183.8,45.404,51.953,54.067,1.5,1.5,14,2,0.001,0.005,0,1
184.0,45.433,52.0,53.652,1.5,1.5,14,2,0.029,0.004,0,1
184.2,45.461,52.009,52.674,1.5,1.5,14,2,0.029,0.004,0,1
184.4,45.501,52.13,51.814,1.5,1.5,14,2,0.04,0.004,0,1
184.6,45.522,52.25,51.24,1.5,1.5,14,2,0.021,0.005,0,1
184.8,45.561,52.368,49.828,1.5,1.5,14,2,0.039,0.005,0,1
185.0,45.595,52.474,48.688,1.5,1.5,14,2,0.034,0.006,0,1
185.2,45.621,52.576,47.779,1.5,1.5,14,2,0.026,0.007,0,1
185.4,45.654,52.675,46.6,1.5,1.5,14,2,0.033,0.007,0,1
185.6,45.694,52.763,45.348,1.5,1.5,14,2,0.039,0.008,0,1
185.8,45.719,52.87,44.276,1.5,1.5,14,2,0.026,0.009,0,1
186.0,45.729,52.978,43.535,1.5,1.5,14,2,0.009,0.008,0,1
186.2,45.738,53.068,42.831,1.5,1.5,14,2,0.01,0.007,0,1
186.4,45.75,53.162,41.926,1.5,1.5,14,2,0.011,0.006,0,1
186.6,45.774,53.25,40.607,1.5,1.5,14,2,0.024,0.005,0,1
186.8,45.765,53.324,40.138,1.5,1.5,14,2,-0.008,0.003,0,1
187.0,45.771,53.403,39.48,1.5,1.5,14,2,0.005,0.002,0,1
187.2,45.754,53.491,39.104,1.5,1.5,14,2,-0.016,0.001,0,1
187.4,45.747,53.564,38.479,1.5,1.5,14,2,-0.008,0.001,0,1
187.6,45.725,53.633,38.102,1.5,1.5,14,2,-0.022,0.0,0,1
187.8,45.714,53.714,37.704,1.5,1.5,14,2,-0.011,0.0,0,1
188.0,45.709,53.78,37.377,1.5,1.5,14,2,-0.005,0.0,0,1
188.2,45.704,53.84,36.792,1.5,1.5,14,2,-0.005,0.001,0,1
188.4,45.687,53.891,36.321,1.5,1.5,14,2,-0.017,0.001,0,1
188.6,45.672,53.937,35.957,1.5,1.5,14,2,-0.015,0.001,0,1
188.8,45.654,53.971,35.796,1.5,1.5,14,2,-0.018,0.001,0,1
189.0,45.63,54.014,35.819,1.5,1.5,14,2,-0.024,0.001,0,1
189.2,45.614,54.046,35.766,1.5,1.5,14,2,-0.016,0.002,0,1
189.4,45.603,54.082,35.585,1.5,1.5,14,2,-0.011,0.002,0,1
189.6,45.613,54.111,35.024,1.5,1.5,14,2,0.01,0.002,0,1
189.8,45.618,54.147,34.674,1.5,1.5,14,2,0.005,0.001,0,1
190.0,45.627,54.172,34.343,1.5,1.5,14,2,0.009,0.001,0,1
190.2,45.642,54.219,34.056,1.5,1.5,14,2,0.015,0.001,0,1
190.4,45.651,54.236,33.775,1.5,1.5,14,2,0.009,0.0,0,1
190.6,45.675,54.251,33.661,1.5,1.5,14,2,0.024,0.0,0,1
190.8,45.679,54.267,33.613,1.5,1.5,14,2,0.005,0.001,0,1
191.0,45.691,54.283,33.404,1.5,1.5,14,2,0.011,0.001,0,1
191.2,45.706,54.296,33.281,1.5,1.5,14,2,0.015,0.001,0,1
191.4,45.71,54.294,33.252,1.5,1.5,14,2,0.004,0.001,0,1
191.6,45.719,54.302,33.09,1.5,1.5,14,2,0.009,0.001,0,1
191.8,45.746,54.308,32.823,1.5,1.5,14,2,0.026,0.001,0,1
192.0,45.746,54.314,32.826,1.5,1.5,14,2,0.0,0.001,0,1
192.2,45.757,54.305,32.791,1.5,1.5,14,2,0.011,0.001,0,1
192.4,45.768,54.298,32.664,1.5,1.5,14,2,0.011,0.001,0,1
192.6,45.782,54.303,32.7,1.5,1.5,14,2,0.014,0.001,0,1
192.8,45.798,54.294,32.608,1.5,1.5,14,2,0.016,0.001,0,1
193.0,45.814,54.282,32.559,1.5,1.5,14,2,0.016,0.001,0,1
193.2,45.819,54.261,32.538,1.5,1.5,14,2,0.005,0.001,0,1
193.4,45.821,54.235,32.384,1.5,1.5,14,2,0.002,0.001,0,1
193.6,45.82,54.22,32.404,1.5,1.5,14,2,-0.001,0.001,0,1
193.8,45.823,54.201,32.308,1.5,1.5,14,2,0.003,0.001,0,1
194.0,45.835,54.186,32.305,1.5,1.5,14,2,0.011,0.001,0,1
194.2,45.838,54.162,32.091,1.5,1.5,14,2,0.004,0.0,0,1
194.4,45.842,54.132,31.985,1.5,1.5,14,2,0.003,0.0,0,1
194.6,45.836,54.098,31.968,1.5,1.5,14,2,-0.005,0.0,0,1
194.8,45.828,54.056,31.771,1.5,1.5,14,2,-0.008,0.0,0,1
195.0,45.83,54.017,31.668,1.5,1.5,14,2,0.002,0.0,0,1
195.2,45.845,53.97,31.206,1.5,1.5,14,2,0.015,0.0,0,1
195.4,45.852,53.922,30.851,1.5,1.5,14,2,0.007,0.0,0,1
195.6,45.866,53.877,30.409,1.5,1.5,14,2,0.013,0.0,0,1
195.8,45.852,53.831,30.265,1.5,1.5,14,2,-0.014,0.0,0,1
196.0,45.861,53.787,30.01,1.5,1.5,14,2,0.009,0.0,0,1
196.2,45.866,53.736,29.546,1.5,1.5,14,2,0.005,0.0,0,1
196.4,45.856,53.679,29.325,1.5,1.5,14,2,-0.01,0.0,0,1
196.6,45.859,53.621,28.944,1.5,1.5,14,2,0.003,0.0,0,1
196.8,45.858,53.556,28.677,1.5,1.5,14,2,-0.001,0.0,0,1
197.0,45.856,53.489,28.26,1.5,1.5,14,2,-0.002,0.0,0,1
197.2,45.851,53.426,28.158,1.5,1.5,14,2,-0.005,0.0,0,1
197.4,45.843,53.376,27.938,1.5,1.5,14,2,-0.008,0.0,0,1
197.6,45.824,53.302,27.909,1.5,1.5,14,2,-0.019,0.0,0,1
197.8,45.796,53.23,27.941,1.5,1.5,14,2,-0.028,0.0,0,1
198.0,45.773,53.145,28.002,1.5,1.5,14,2,-0.023,0.001,0,1
198.2,45.731,53.074,28.151,1.5,1.5,14,2,-0.042,0.002,0,1
198.4,45.693,52.988,28.302,1.5,1.5,14,2,-0.038,0.003,0,1
198.6,45.646,52.897,28.643,1.5,1.5,14,2,-0.047,0.005,0,1
198.8,45.616,52.82,28.745,1.5,1.5,14,2,-0.03,0.007,0,1
199.0,45.574,52.73,28.923,1.5,1.5,14,2,-0.042,0.009,0,1
199.2,45.526,52.636,29.145,1.5,1.5,14,2,-0.048,0.011,0,1
199.4,45.483,52.543,29.48,1.5,1.5,14,2,-0.043,0.012,0,1
199.6,45.432,52.443,29.722,1.5,1.5,14,2,-0.051,0.014,0,1
199.8,45.385,52.34,29.814,1.5,1.5,14,2,-0.046,0.015,0,1
200.0,45.341,52.245,30.067,1.5,1.5,14,2,-0.045,0.016,0,1
200.2,45.309,52.157,30.275,1.5,1.5,14,2,-0.031,0.016,0,1
200.4,45.279,52.049,30.514,1.5,1.5,14,2,-0.03,0.015,0,1
200.6,45.233,51.934,30.752,1.5,1.5,14,2,-0.046,0.015,0,1
200.8,45.2,51.824,30.933,1.5,1.5,14,2,-0.033,0.014,0,1
201.0,45.182,51.759,30.882,1.5,1.5,14,2,-0.018,0.013,0,1
201.2,45.152,51.851,30.989,1.5,1.5,14,2,-0.03,0.011,0,1
201.4,45.131,51.926,30.999,1.5,1.5,14,2,-0.021,0.009,0,1
201.6,45.097,51.998,31.171,1.5,1.5,14,2,-0.034,0.008,0,1
201.8,45.066,52.081,31.212,1.5,1.5,14,2,-0.03,0.007,0,1
202.0,45.062,52.156,30.843,1.5,1.5,14,2,-0.005,0.007,0,1
202.2,45.054,52.212,30.691,1.5,1.5,14,2,-0.008,0.005,0,1
202.4,45.04,52.268,30.514,1.5,1.5,14,2,-0.014,0.004,0,1
202.6,45.017,52.312,30.204,1.5,1.5,14,2,-0.023,0.004,0,1
202.8,45.01,52.358,29.882,1.5,1.5,14,2,-0.007,0.003,0,1
203.0,45.001,52.406,29.628,1.5,1.5,14,2,-0.009,0.002,0,1
203.2,45.003,52.451,29.199,1.5,1.5,14,2,0.002,0.002,0,1
203.4,45.019,52.489,28.892,1.5,1.5,14,2,0.016,0.001,0,1
203.6,45.006,52.539,28.601,1.5,1.5,14,2,-0.012,0.001,0,1
203.8,45.014,52.595,28.197,1.5,1.5,14,2,0.007,0.0,0,1
204.0,45.005,52.646,27.863,1.5,1.5,14,2,-0.008,0.0,0,1
204.2,44.996,52.681,27.578,1.5,1.5,14,2,-0.009,0.0,0,1
204.4,44.994,52.71,27.302,1.5,1.5,14,2,-0.003,0.0,0,1
204.6,44.977,52.742,27.105,1.5,1.5,14,2,-0.017,0.0,0,1
204.8,44.974,52.76,26.885,1.5,1.5,14,2,-0.003,0.0,0,1
205.0,44.963,52.784,26.529,1.5,1.5,14,2,-0.011,0.0,0,1
205.2,44.951,52.82,26.437,1.5,1.5,14,2,-0.012,0.0,0,1
205.4,44.952,52.837,26.281,1.5,1.5,14,2,0.001,0.0,0,1
205.6,44.94,52.855,26.254,1.5,1.5,14,2,-0.012,0.001,0,1
205.8,44.935,52.859,26.113,1.5,1.5,14,2,-0.005,0.001,0,1
206.0,44.917,52.872,26.097,1.5,1.5,14,2,-0.018,0.001,0,1
206.2,44.91,52.892,26.107,1.5,1.5,14,2,-0.007,0.001,0,1
206.4,44.922,52.917,25.865,1.5,1.5,14,2,0.012,0.0,0,1
206.6,44.935,52.915,25.572,1.5,1.5,14,2,0.012,0.0,0,1
206.8,44.921,52.915,25.677,1.5,1.5,14,2,-0.014,0.0,0,1
207.0,44.911,52.921,25.672,1.5,1.5,14,2,-0.01,0.0,0,1
207.2,44.892,52.917,25.676,1.5,1.5,14,2,-0.019,0.0,0,1
207.4,44.885,52.915,25.51,1.5,1.5,14,2,-0.007,0.0,0,1
207.6,44.894,52.919,25.396,1.5,1.5,14,2,0.009,0.0,0,1
207.8,44.888,52.914,25.402,1.5,1.5,14,2,-0.005,0.0,0,1
208.0,44.872,52.893,25.49,1.5,1.5,14,2,-0.016,0.0,0,1
208.2,44.863,52.874,25.564,1.5,1.5,14,2,-0.009,0.0,0,1
208.4,44.87,52.864,25.485,1.5,1.5,14,2,0.007,0.0,0,1
208.6,44.86,52.844,25.576,1.5,1.5,14,2,-0.01,0.0,0,1
208.8,44.858,52.834,25.651,1.5,1.5,14,2,-0.002,0.0,0,1
209.0,44.858,52.821,25.693,1.5,1.5,14,2,-0.0,0.0,0,1
209.2,44.866,52.804,25.794,1.5,1.5,14,2,0.009,0.0,0,1
209.4,44.854,52.772,25.898,1.5,1.5,14,2,-0.013,0.0,0,1
209.6,44.862,52.748,25.899,1.5,1.5,14,2,0.008,0.0,0,1
209.8,44.885,52.723,25.821,1.5,1.5,14,2,0.023,0.0,0,1
210.0,44.906,52.696,25.605,1.5,1.5,14,2,0.022,0.0,0,1
210.2,44.909,52.669,25.549,1.5,1.5,14,2,0.003,0.0,0,1
210.4,44.919,52.634,25.61,1.5,1.5,14,2,0.011,0.001,0,1
210.6,44.907,52.604,25.882,1.5,1.5,14,2,-0.013,0.001,0,1
210.8,44.918,52.569,26.058,1.5,1.5,14,2,0.012,0.001,0,1
211.0,44.906,52.531,26.286,1.5,1.5,14,2,-0.012,0.001,0,1
211.2,44.897,52.495,26.599,1.5,1.5,14,2,-0.009,0.0,0,1
211.4,44.894,52.455,26.771,1.5,1.5,14,2,-0.003,0.0,0,1
211.6,44.899,52.418,26.978,1.5,1.5,14,2,0.005,0.0,0,1
211.8,44.917,52.388,27.086,1.5,1.5,14,2,0.017,0.0,0,1
212.0,44.921,52.357,27.084,1.5,1.5,14,2,0.005,0.0,0,1
212.2,44.932,52.315,26.962,1.5,1.5,14,2,0.011,0.0,0,1
212.4,44.951,52.275,26.788,1.5,1.5,14,2,0.019,0.0,0,1
212.6,44.937,52.236,26.986,1.5,1.5,14,2,-0.014,0.0,0,1
212.8,44.971,52.19,26.764,1.5,1.5,14,2,0.033,0.001,0,1
213.0,44.987,52.146,26.667,1.5,1.5,14,2,0.016,0.001,0,1
213.2,45.005,52.085,26.47,1.5,1.5,14,2,0.018,0.001,0,1
213.4,45.011,52.042,26.369,1.5,1.5,14,2,0.007,0.001,0,1
213.6,45.015,52.002,26.333,1.5,1.5,14,2,0.004,0.001,0,1
213.8,45.022,51.942,26.158,1.5,1.5,14,2,0.006,0.001,0,1
214.0,45.036,51.905,26.206,1.5,1.5,14,2,0.014,0.001,0,1
214.2,45.039,51.864,26.176,1.5,1.5,14,2,0.003,0.001,0,1
214.4,45.037,51.824,26.175,1.5,1.5,14,2,-0.001,0.001,0,1
214.6,45.06,51.789,25.833,1.5,1.5,14,2,0.023,0.001,0,1
214.8,45.079,51.742,25.594,1.5,1.5,14,2,0.019,0.001,0,1
215.0,45.092,51.684,25.659,1.5,1.5,14,2,0.012,0.001,0,1
215.2,45.09,51.631,25.597,1.5,1.5,14,2,-0.002,0.001,0,1
215.4,45.094,51.583,25.396,1.5,1.5,14,2,0.005,0.001,0,1
215.6,45.094,51.542,25.393,1.5,1.5,14,2,-0.001,0.001,0,1
215.8,45.099,51.483,25.328,1.5,1.5,14,2,0.006,0.001,0,1
216.0,45.113,51.443,25.176,1.5,1.5,14,2,0.014,0.001,0,1
216.2,45.123,51.397,25.135,1.5,1.5,14,2,0.009,0.001,0,1
216.4,45.133,51.366,24.972,1.5,1.5,14,2,0.01,0.0,0,1
216.6,45.163,51.332,24.556,1.5,1.5,14,2,0.03,0.001,0,1
216.8,45.166,51.283,24.399,1.5,1.5,14,2,0.002,0.001,0,1
217.0,45.177,51.25,24.333,1.5,1.5,14,2,0.011,0.001,0,1
217.2,45.201,51.227,23.989,1.5,1.5,14,2,0.025,0.001,0,1
217.4,45.223,51.203,23.851,1.5,1.5,14,2,0.021,0.002,0,1
217.6,45.236,51.165,23.471,1.5,1.5,14,2,0.013,0.002,0,1
217.8,45.243,51.139,23.459,1.5,1.5,14,2,0.007,0.002,0,1
218.0,45.269,51.12,23.178,1.5,1.5,14,2,0.026,0.002,0,1
218.2,45.286,51.09,23.102,1.5,1.5,14,2,0.017,0.002,0,1
218.4,45.297,51.077,22.884,1.5,1.5,14,2,0.011,0.002,0,1
218.6,45.305,51.063,22.825,1.5,1.5,14,2,0.009,0.002,0,1
218.8,45.327,51.043,22.74,1.5,1.5,14,2,0.021,0.002,0,1
219.0,45.335,51.021,22.725,1.5,1.5,14,2,0.008,0.002,0,1
219.2,45.331,51.012,22.662,1.5,1.5,14,2,-0.004,0.002,0,1
219.4,45.335,51.002,22.726,1.5,1.5,14,2,0.004,0.001,0,1
219.6,45.335,50.999,22.864,1.5,1.5,14,2,-0.0,0.001,0,1
219.8,45.348,50.997,22.739,1.5,1.5,14,2,0.013,0.001,0,1
220.0,45.354,50.983,22.655,1.5,1.5,14,2,0.006,0.0,0,1
220.2,45.366,50.97,22.607,1.5,1.5,14,2,0.012,0.0,0,1
220.4,45.375,50.967,22.617,1.5,1.5,14,2,0.009,0.0,0,1
220.6,45.377,50.948,22.767,1.5,1.5,14,2,0.002,0.0,0,1
220.8,45.368,50.936,22.789,1.5,1.5,14,2,-0.009,0.0,0,1
221.0,45.364,50.921,22.927,1.5,1.5,14,2,-0.004,0.0,0,1
221.2,45.369,50.909,22.978,1.5,1.5,14,2,0.005,0.0,0,1
221.4,45.37,50.9,22.937,1.5,1.5,14,2,0.001,0.0,0,1
221.6,45.374,50.896,22.98,1.5,1.5,14,2,0.003,0.0,0,1
221.8,45.371,50.88,23.124,1.5,1.5,14,2,-0.003,0.0,0,1
222.0,45.376,50.871,23.179,1.5,1.5,14,2,0.005,0.0,0,1
222.2,45.361,50.87,23.331,1.5,1.5,14,2,-0.014,0.0,0,1
222.4,45.35,50.856,23.457,1.5,1.5,14,2,-0.011,0.0,0,1
222.6,45.354,50.853,23.522,1.5,1.5,14,2,0.004,0.0,0,1
222.8,45.335,50.841,23.675,1.5,1.5,14,2,-0.019,0.0,0,1
223.0,45.321,50.837,23.829,1.5,1.5,14,2,-0.014,0.0,0,1
223.2,45.317,50.823,23.827,1.5,1.5,14,2,-0.004,0.0,0,1
223.4,45.316,50.811,23.832,1.5,1.5,14,2,-0.001,0.001,0,1
223.6,45.317,50.815,23.823,1.5,1.5,14,2,0.001,0.0,0,1
223.8,45.296,50.812,24.087,1.5,1.5,14,2,-0.021,0.001,0,1
224.0,45.304,50.811,24.036,1.5,1.5,14,2,0.008,0.0,0,1
224.2,45.317,50.816,23.785,1.5,1.5,14,2,0.013,0.0,0,1
224.4,45.328,50.826,23.765,1.5,1.5,14,2,0.011,0.0,0,1
224.6,45.323,50.826,23.685,1.5,1.5,14,2,-0.005,0.0,0,1
224.8,45.317,50.83,23.727,1.5,1.5,14,2,-0.006,0.0,0,1
225.0,45.309,50.836,23.806,1.5,1.5,14,2,-0.008,0.0,0,1
225.2,45.307,50.847,23.804,1.5,1.5,14,2,-0.002,0.0,0,1
225.4,45.295,50.862,23.758,1.5,1.5,14,2,-0.012,0.0,0,1
225.6,45.292,50.879,23.813,1.5,1.5,14,2,-0.004,0.0,0,1
225.8,45.289,50.893,23.841,1.5,1.5,14,2,-0.003,0.0,0,1
226.0,45.299,50.899,23.511,1.5,1.5,14,2,0.01,0.0,0,1
226.2,45.299,50.901,23.473,1.5,1.5,14,2,0.0,0.0,0,1
226.4,45.306,50.908,23.298,1.5,1.5,14,2,0.007,0.0,0,1
226.6,45.295,50.91,23.288,1.5,1.5,14,2,-0.012,0.0,0,1
226.8,45.296,50.926,23.415,1.5,1.5,14,2,0.001,0.0,0,1
227.0,45.293,50.934,23.504,1.5,1.5,14,2,-0.003,0.0,0,1
227.2,45.291,50.949,23.424,1.5,1.5,14,2,-0.002,0.0,0,1
227.4,45.293,50.94,23.318,1.5,1.5,14,2,0.002,0.0,0,1
227.6,45.287,50.964,23.44,1.5,1.5,14,2,-0.006,0.0,0,1
227.8,45.301,50.965,23.382,1.5,1.5,14,2,0.014,0.0,0,1
228.0,45.303,50.96,23.291,1.5,1.5,14,2,0.002,0.0,0,1
228.2,45.29,50.962,23.299,1.5,1.5,14,2,-0.013,0.0,0,1
228.4,45.293,50.953,23.181,1.5,1.5,14,2,0.003,0.0,0,1
228.6,45.285,50.951,23.282,1.5,1.5,14,2,-0.008,0.0,0,1
228.8,45.276,50.951,23.25,1.5,1.5,14,2,-0.01,0.0,0,1
229.0,45.272,50.94,23.313,1.5,1.5,14,2,-0.004,0.0,0,1
229.2,45.273,50.94,23.358,1.5,1.5,14,2,0.0,0.0,0,1
229.4,45.266,50.938,23.489,1.5,1.5,14,2,-0.007,0.0,0,1
229.6,45.285,50.94,23.432,1.5,1.5,14,2,0.019,0.0,0,1
229.8,45.291,50.938,23.136,1.5,1.5,14,2,0.006,0.0,0,1
230.0,45.294,50.943,23.084,1.5,1.5,14,2,0.003,0.0,0,1
230.2,45.289,50.934,23.131,1.5,1.5,14,2,-0.005,0.0,0,1
230.4,45.298,50.931,23.221,1.5,1.5,14,2,0.009,0.0,0,1
230.6,45.297,50.935,23.171,1.5,1.5,14,2,-0.001,0.0,0,1
230.8,45.308,50.933,23.044,1.5,1.5,14,2,0.011,0.0,0,1
231.0,45.315,50.929,23.012,1.5,1.5,14,2,0.007,0.0,0,1
231.2,45.309,50.92,23.064,1.5,1.5,14,2,-0.005,0.0,0,1
231.4,45.301,50.907,23.042,1.5,1.5,14,2,-0.009,0.0,0,1
231.6,45.29,50.905,23.176,1.5,1.5,14,2,-0.011,0.0,0,1
231.8,45.283,50.897,23.275,1.5,1.5,14,2,-0.006,0.0,0,1
232.0,45.284,50.889,23.215,1.5,1.5,14,2,0.001,0.0,0,1
232.2,45.279,50.884,23.138,1.5,1.5,14,2,-0.005,0.0,0,1
232.4,45.289,50.889,23.165,1.5,1.5,14,2,0.009,0.0,0,1
232.6,45.27,50.902,23.303,1.5,1.5,14,2,-0.019,0.0,0,1
232.8,45.273,50.898,23.364,1.5,1.5,14,2,0.003,0.0,0,1
233.0,45.284,50.89,23.396,1.5,1.5,14,2,0.011,0.0,0,1
233.2,45.263,50.881,23.564,1.5,1.5,14,2,-0.021,0.0,0,1
233.4,45.256,50.876,23.762,1.5,1.5,14,2,-0.007,0.0,0,1
233.6,45.251,50.882,23.77,1.5,1.5,14,2,-0.004,0.0,0,1
233.8,45.25,50.879,23.881,1.5,1.5,14,2,-0.001,0.0,0,1
234.0,45.248,50.875,23.859,1.5,1.5,14,2,-0.002,0.0,0,1
234.2,45.242,50.867,23.948,1.5,1.5,14,2,-0.006,0.0,0,1
234.4,45.238,50.863,24.135,1.5,1.5,14,2,-0.004,0.0,0,1
234.6,45.227,50.857,24.219,1.5,1.5,14,2,-0.011,0.0,0,1
234.8,45.222,50.846,24.219,1.5,1.5,14,2,-0.005,0.0,0,1
235.0,45.229,50.833,24.392,1.5,1.5,14,2,0.007,0.0,0,1
235.2,45.211,50.819,24.554,1.5,1.5,14,2,-0.018,0.0,0,1
235.4,45.194,50.811,24.843,1.5,1.5,14,2,-0.017,0.0,0,1
235.6,45.192,50.801,24.965,1.5,1.5,14,2,-0.003,0.0,0,1
235.8,45.177,50.78,25.156,1.5,1.5,14,2,-0.015,0.001,0,1
236.0,45.165,50.78,25.298,1.5,1.5,14,2,-0.012,0.001,0,1
236.2,45.153,50.762,25.609,1.5,1.5,14,2,-0.012,0.001,0,1
236.4,45.138,50.744,25.732,1.5,1.5,14,2,-0.015,0.001,0,1
236.6,45.131,50.73,25.976,1.5,1.5,14,2,-0.008,0.001,0,1
236.8,45.125,50.724,26.104,1.5,1.5,14,2,-0.006,0.001,0,1
237.0,45.125,50.719,26.084,1.5,1.5,14,2,-0.0,0.001,0,1
237.2,45.108,50.703,26.291,1.5,1.5,14,2,-0.016,0.001,0,1
237.4,45.1,50.692,26.551,1.5,1.5,14,2,-0.008,0.001,0,1
237.6,45.086,50.686,26.742,1.5,1.5,14,2,-0.014,0.001,0,1
237.8,45.072,50.67,27.071,1.5,1.5,14,2,-0.015,0.001,0,1
238.0,45.071,50.654,26.997,1.5,1.5,14,2,-0.001,0.001,0,1
238.2,45.061,50.632,27.147,1.5,1.5,14,2,-0.01,0.001,0,1
238.4,45.057,50.621,27.085,1.5,1.5,14,2,-0.004,0.001,0,1
238.6,45.052,50.606,27.139,1.5,1.5,14,2,-0.005,0.001,0,1
238.8,45.044,50.596,27.263,1.5,1.5,14,2,-0.008,0.001,0,1
239.0,45.041,50.585,27.225,1.5,1.5,14,2,-0.003,0.0,0,1
239.2,45.04,50.579,27.394,1.5,1.5,14,2,-0.001,0.0,0,1
239.4,45.053,50.583,27.371,1.5,1.5,14,2,0.012,0.0,0,1
239.6,45.049,50.57,27.499,1.5,1.5,14,2,-0.004,0.0,0,1
239.8,45.044,50.553,27.511,1.5,1.5,14,2,-0.004,0.0,0,1
240.0,45.042,50.544,27.337,1.5,1.5,14,2,-0.002,0.0,0,1
240.2,45.044,50.533,27.426,1.5,1.5,14,2,0.002,0.0,0,1
240.4,45.053,50.536,27.33,1.5,1.5,14,2,0.009,0.0,0,1
240.6,45.044,50.525,27.312,1.5,1.5,14,2,-0.009,0.0,0,1
240.8,45.05,50.521,27.256,1.5,1.5,14,2,0.006,0.0,0,1
241.0,45.062,50.509,27.059,1.5,1.5,14,2,0.012,0.0,0,1
241.2,45.068,50.511,27.169,1.5,1.5,14,2,0.006,0.0,0,1
241.4,45.069,50.503,27.08,1.5,1.5,14,2,0.001,0.0,0,1
241.6,45.072,50.495,27.065,1.5,1.5,14,2,0.003,0.0,0,1
241.8,45.082,50.503,27.107,1.5,1.5,14,2,0.01,0.0,0,1
242.0,45.089,50.503,26.942,1.5,1.5,14,2,0.007,0.0,0,1
242.2,45.103,50.507,26.835,1.5,1.5,14,2,0.014,0.0,0,1
242.4,45.095,50.512,26.803,1.5,1.5,14,2,-0.007,0.0,0,1
242.6,45.123,50.526,26.648,1.5,1.5,14,2,0.028,0.0,0,1
242.8,45.144,50.536,26.345,1.5,1.5,14,2,0.021,0.001,0,1
243.0,45.156,50.531,26.293,1.5,1.5,14,2,0.011,0.001,0,1
243.2,45.158,50.546,26.277,1.5,1.5,14,2,0.002,0.001,0,1
243.4,45.163,50.56,26.085,1.5,1.5,14,2,0.005,0.001,0,1
243.6,45.151,50.564,26.252,1.5,1.5,14,2,-0.013,0.001,0,1
243.8,45.15,50.586,26.403,1.5,1.5,14,2,-0.001,0.001,0,1
244.0,45.141,50.591,26.309,1.5,1.5,14,2,-0.008,0.0,0,1
244.2,45.147,50.587,26.317,1.5,1.5,14,2,0.006,0.0,0,1
244.4,45.161,50.587,26.043,1.5,1.5,14,2,0.014,0.0,0,1
244.6,45.181,50.598,26.091,1.5,1.5,14,2,0.02,0.0,0,1
244.8,45.185,50.615,26.013,1.5,1.5,14,2,0.004,0.0,0,1
245.0,45.182,50.603,26.015,1.5,1.5,14,2,-0.003,0.0,0,1
245.2,45.179,50.606,25.973,1.5,1.5,14,2,-0.003,0.0,0,1
245.4,45.178,50.599,25.886,1.5,1.5,14,2,-0.001,0.0,0,1
245.6,45.181,50.611,25.83,1.5,1.5,14,2,0.004,0.0,0,1
245.8,45.191,50.614,25.634,1.5,1.5,14,2,0.01,0.0,0,1
246.0,45.203,50.629,25.649,1.5,1.5,14,2,0.012,0.0,0,1
246.2,45.208,50.628,25.491,1.5,1.5,14,2,0.006,0.0,0,1
246.4,45.229,50.616,25.145,1.5,1.5,14,2,0.021,0.0,0,1
246.6,45.234,50.614,25.117,1.5,1.5,14,2,0.004,0.0,0,1
246.8,45.233,50.613,25.276,1.5,1.5,14,2,-0.001,0.0,0,1
247.0,45.241,50.613,25.199,1.5,1.5,14,2,0.008,0.001,0,1
247.2,45.238,50.604,25.254,1.5,1.5,14,2,-0.003,0.001,0,1
247.4,45.245,50.59,25.2,1.5,1.5,14,2,0.007,0.0,0,1
247.6,45.242,50.587,25.151,1.5,1.5,14,2,-0.003,0.0,0,1
247.8,45.251,50.589,25.176,1.5,1.5,14,2,0.009,0.0,0,1
248.0,45.246,50.583,25.206,1.5,1.5,14,2,-0.005,0.0,0,1
248.2,45.265,50.569,25.064,1.5,1.5,14,2,0.019,0.0,0,1
248.4,45.267,50.561,24.899,1.5,1.5,14,2,0.002,0.0,0,1
248.6,45.299,50.563,24.656,1.5,1.5,14,2,0.031,0.0,0,1
248.8,45.31,50.57,24.568,1.5,1.5,14,2,0.011,0.001,0,1
249.0,45.326,50.567,24.347,1.5,1.5,14,2,0.015,0.001,0,1
249.2,45.337,50.551,24.149,1.5,1.5,14,2,0.011,0.001,0,1
249.4,45.35,50.555,23.98,1.5,1.5,14,2,0.013,0.001,0,1
249.6,45.347,50.539,23.827,1.5,1.5,14,2,-0.003,0.001,0,1
249.8,45.356,50.53,23.643,1.5,1.5,14,2,0.008,0.001,0,1
250.0,45.367,50.53,23.665,1.5,1.5,14,2,0.012,0.001,0,1
250.2,45.373,50.51,23.552,1.5,1.5,14,2,0.005,0.001,0,1
250.4,45.379,50.501,23.372,1.5,1.5,14,2,0.006,0.001,0,1
250.6,45.378,50.482,23.36,1.5,1.5,14,2,-0.001,0.0,0,1
250.8,45.383,50.483,23.52,1.5,1.5,14,2,0.004,0.0,0,1
251.0,45.38,50.485,23.475,1.5,1.5,14,2,-0.003,0.0,0,1
251.2,45.386,50.478,23.42,1.5,1.5,14,2,0.006,0.0,0,1
251.4,45.386,50.469,23.388,1.5,1.5,14,2,0.0,0.0,0,1
251.6,45.403,50.473,23.483,1.5,1.5,14,2,0.016,0.0,0,1
251.8,45.412,50.477,23.252,1.5,1.5,14,2,0.009,0.0,0,1
252.0,45.425,50.472,23.204,1.5,1.5,14,2,0.013,0.0,0,1
252.2,45.421,50.467,23.288,1.5,1.5,14,2,-0.004,0.0,0,1
252.4,45.424,50.474,23.237,1.5,1.5,14,2,0.003,0.0,0,1
252.6,45.437,50.476,23.001,1.5,1.5,14,2,0.013,0.0,0,1
252.8,45.441,50.478,22.912,1.5,1.5,14,2,0.004,0.0,0,1
253.0,45.454,50.477,22.906,1.5,1.5,14,2,0.013,0.0,0,1
253.2,45.455,50.496,22.937,1.5,1.5,14,2,0.001,0.0,0,1
253.4,45.475,50.495,22.875,1.5,1.5,14,2,0.02,0.0,0,1
253.6,45.473,50.498,22.684,1.5,1.5,14,2,-0.003,0.0,0,1
253.8,45.48,50.515,22.592,1.5,1.5,14,2,0.008,0.0,0,1
254.0,45.481,50.52,22.547,1.5,1.5,14,2,0.0,0.0,0,1
254.2,45.491,50.539,22.398,1.5,1.5,14,2,0.01,0.0,0,1
254.4,45.493,50.529,22.337,1.5,1.5,14,2,0.002,0.0,0,1
254.6,45.49,50.537,22.271,1.5,1.5,14,2,-0.003,0.0,0,1
254.8,45.504,50.546,22.19,1.5,1.5,14,2,0.014,0.0,0,1
255.0,45.509,50.557,22.193,1.5,1.5,14,2,0.004,0.0,0,1
255.2,45.502,50.562,22.113,1.5,1.5,14,2,-0.007,0.0,0,1
255.4,45.507,50.575,22.099,1.5,1.5,14,2,0.005,0.0,0,1
255.6,45.504,50.586,22.158,1.5,1.5,14,2,-0.003,0.0,0,1
255.8,45.508,50.589,22.047,1.5,1.5,14,2,0.005,0.0,0,1
256.0,45.506,50.592,22.171,1.5,1.5,14,2,-0.002,0.0,0,1
256.2,45.503,50.597,22.256,1.5,1.5,14,2,-0.003,0.0,0,1
256.4,45.508,50.606,22.179,1.5,1.5,14,2,0.005,0.0,0,1
256.6,45.501,50.612,22.298,1.5,1.5,14,2,-0.007,0.0,0,1
256.8,45.498,50.622,22.346,1.5,1.5,14,2,-0.003,0.0,0,1
257.0,45.509,50.619,22.067,1.5,1.5,14,2,0.011,0.0,0,1
257.2,45.513,50.624,21.921,1.5,1.5,14,2,0.004,0.0,0,1
257.4,45.516,50.618,21.847,1.5,1.5,14,2,0.003,0.0,0,1
257.6,45.524,50.625,21.843,1.5,1.5,14,2,0.007,0.0,0,1
257.8,45.524,50.641,21.873,1.5,1.5,14,2,0.0,0.0,0,1
258.0,45.515,50.656,21.975,1.5,1.5,14,2,-0.009,0.0,0,1
258.2,45.499,50.657,22.088,1.5,1.5,14,2,-0.016,0.0,0,1
258.4,45.494,50.662,22.103,1.5,1.5,14,2,-0.004,0.0,0,1
258.6,45.48,50.656,22.192,1.5,1.5,14,2,-0.015,0.0,0,1
258.8,45.473,50.671,22.334,1.5,1.5,14,2,-0.007,0.0,0,1
259.0,45.462,50.661,22.258,1.5,1.5,14,2,-0.011,0.0,0,1
259.2,45.449,50.66,22.404,1.5,1.5,14,2,-0.013,0.001,0,1
259.4,45.446,50.647,22.354,1.5,1.5,14,2,-0.002,0.001,0,1
259.6,45.439,50.643,22.37,1.5,1.5,14,2,-0.008,0.001,0,1
259.8,45.431,50.642,22.312,1.5,1.5,14,2,-0.008,0.001,0,1
260.0,45.425,50.639,22.265,1.5,1.5,14,2,-0.006,0.001,0,1
260.2,45.419,50.627,22.255,1.5,1.5,14,2,-0.006,0.001,0,1
260.4,45.416,50.621,22.202,1.5,1.5,14,2,-0.003,0.0,0,1
260.6,45.4,50.618,22.121,1.5,1.5,14,2,-0.016,0.0,0,1
260.8,45.392,50.621,22.107,1.5,1.5,14,2,-0.008,0.0,0,1
261.0,45.383,50.611,22.06,1.5,1.5,14,2,-0.009,0.0,0,1
261.2,45.369,50.595,22.041,1.5,1.5,14,2,-0.014,0.001,0,1
261.4,45.366,50.584,22.018,1.5,1.5,14,2,-0.002,0.001,0,1
261.6,45.356,50.574,22.007,1.5,1.5,14,2,-0.01,0.001,0,1
261.8,45.351,50.57,22.136,1.5,1.5,14,2,-0.005,0.001,0,1
262.0,45.331,50.546,22.112,1.5,1.5,14,2,-0.02,0.001,0,1
262.2,45.336,50.536,21.997,1.5,1.5,14,2,0.004,0.001,0,1
262.4,45.329,50.522,21.883,1.5,1.5,14,2,-0.006,0.001,0,1
262.6,45.324,50.506,21.922,1.5,1.5,14,2,-0.006,0.001,0,1
262.8,45.324,50.498,21.804,1.5,1.5,14,2,0.0,0.0,0,1
263.0,45.341,50.491,21.651,1.5,1.5,14,2,0.017,0.0,0,1
263.2,45.345,50.483,21.462,1.5,1.5,14,2,0.004,0.0,0,1
263.4,45.351,50.478,21.286,1.5,1.5,14,2,0.006,0.0,0,1
263.6,45.347,50.467,21.173,1.5,1.5,14,2,-0.004,0.0,0,1
263.8,45.351,50.467,21.225,1.5,1.5,14,2,0.003,0.0,0,1
264.0,45.361,50.45,21.01,1.5,1.5,14,2,0.01,0.0,0,1
264.2,45.361,50.452,20.892,1.5,1.5,14,2,0.0,0.0,0,1
264.4,45.369,50.46,20.74,1.5,1.5,14,2,0.008,0.0,0,1
264.6,45.375,50.458,20.646,1.5,1.5,14,2,0.006,0.0,0,1
264.8,45.387,50.444,20.57,1.5,1.5,14,2,0.013,0.0,0,1
265.0,45.391,50.44,20.298,1.5,1.5,14,2,0.003,0.0,0,1
265.2,45.389,50.431,20.242,1.5,1.5,14,2,-0.002,0.0,0,1
265.4,45.392,50.423,20.129,1.5,1.5,14,2,0.003,0.0,0,1
265.6,45.402,50.43,20.252,1.5,1.5,14,2,0.01,0.0,0,1
265.8,45.394,50.446,20.281,1.5,1.5,14,2,-0.008,0.0,0,1
266.0,45.398,50.444,20.332,1.5,1.5,14,2,0.004,0.0,0,1
266.2,45.404,50.45,20.355,1.5,1.5,14,2,0.006,0.0,0,1
266.4,45.411,50.451,20.137,1.5,1.5,14,2,0.006,0.0,0,1
266.6,45.414,50.455,20.169,1.5,1.5,14,2,0.003,0.0,0,1
266.8,45.427,50.475,20.133,1.5,1.5,14,2,0.013,0.0,0,1
267.0,45.426,50.477,20.102,1.5,1.5,14,2,-0.001,0.0,0,1
267.2,45.425,50.49,20.137,1.5,1.5,14,2,-0.001,0.0,0,1
267.4,45.443,50.5,19.955,1.5,1.5,14,2,0.018,0.0,0,1
267.6,45.445,50.507,20.002,1.5,1.5,14,2,0.002,0.0,0,1
267.8,45.442,50.52,20.104,1.5,1.5,14,2,-0.003,0.0,0,1
268.0,45.452,50.525,20.211,1.5,1.5,14,2,0.01,0.0,0,1
268.2,45.447,50.529,20.298,1.5,1.5,14,2,-0.005,0.0,0,1
268.4,45.452,50.522,20.36,1.5,1.5,14,2,0.005,0.0,0,1
268.6,45.463,50.51,20.334,1.5,1.5,14,2,0.011,0.0,0,1
268.8,45.462,50.506,20.325,1.5,1.5,14,2,-0.0,0.0,0,1
269.0,45.466,50.508,20.484,1.5,1.5,14,2,0.004,0.0,0,1
269.2,45.475,50.504,20.395,1.5,1.5,14,2,0.009,0.0,0,1
269.4,45.469,50.499,20.637,1.5,1.5,14,2,-0.006,0.0,0,1
269.6,45.458,50.484,20.663,1.5,1.5,14,2,-0.011,0.0,0,1
269.8,45.461,50.472,20.583,1.5,1.5,14,2,0.003,0.0,0,1
270.0,45.462,50.458,20.606,1.5,1.5,14,2,0.0,0.0,0,1
270.2,45.441,50.443,20.795,1.5,1.5,14,2,-0.02,0.0,0,1
270.4,45.434,50.432,20.942,1.5,1.5,14,2,-0.008,0.0,0,1
270.6,45.418,50.413,21.17,1.5,1.5,14,2,-0.015,0.0,0,1
270.8,45.408,50.409,21.11,1.5,1.5,14,2,-0.01,0.0,0,1
271.0,45.41,50.402,21.154,1.5,1.5,14,2,0.002,0.001,0,1
271.2,45.404,50.375,21.159,1.5,1.5,14,2,-0.006,0.001,0,1
271.4,45.401,50.362,21.251,1.5,1.5,14,2,-0.003,0.001,0,1
271.6,45.395,50.356,21.463,1.5,1.5,14,2,-0.006,0.001,0,1
271.8,45.38,50.34,21.523,1.5,1.5,14,2,-0.015,0.001,0,1
272.0,45.372,50.332,21.769,1.5,1.5,14,2,-0.008,0.0,0,1
272.2,45.359,50.333,21.926,1.5,1.5,14,2,-0.012,0.0,0,1
272.4,45.347,50.337,22.153,1.5,1.5,14,2,-0.012,0.001,0,1
272.6,45.343,50.331,22.389,1.5,1.5,14,2,-0.004,0.001,0,1
272.8,45.34,50.316,22.518,1.5,1.5,14,2,-0.003,0.001,0,1
273.0,45.335,50.299,22.626,1.5,1.5,14,2,-0.005,0.001,0,1
273.2,45.326,50.297,22.736,1.5,1.5,14,2,-0.009,0.001,0,1
273.4,45.324,50.292,22.811,1.5,1.5,14,2,-0.001,0.001,0,1
273.6,45.315,50.299,23.027,1.5,1.5,14,2,-0.01,0.0,0,1
273.8,45.314,50.306,23.073,1.5,1.5,14,2,-0.001,0.0,0,1
274.0,45.305,50.3,23.272,1.5,1.5,14,2,-0.009,0.0,0,1
274.2,45.316,50.312,23.051,1.5,1.5,14,2,0.011,0.0,0,1
274.4,45.303,50.315,23.196,1.5,1.5,14,2,-0.013,0.0,0,1
274.6,45.309,50.335,23.314,1.5,1.5,14,2,0.005,0.0,0,1
274.8,45.307,50.345,23.335,1.5,1.5,14,2,-0.002,0.0,0,1
275.0,45.32,50.352,23.203,1.5,1.5,14,2,0.013,0.0,0,1
275.2,45.331,50.361,23.208,1.5,1.5,14,2,0.011,0.0,0,1
275.4,45.329,50.358,23.19,1.5,1.5,14,2,-0.002,0.0,0,1
275.6,45.328,50.366,23.143,1.5,1.5,14,2,-0.001,0.0,0,1
275.8,45.343,50.366,22.887,1.5,1.5,14,2,0.015,0.0,0,1
276.0,45.357,50.373,22.669,1.5,1.5,14,2,0.015,0.0,0,1
276.2,45.37,50.385,22.349,1.5,1.5,14,2,0.013,0.0,0,1
276.4,45.392,50.39,22.166,1.5,1.5,14,2,0.022,0.001,0,1
276.6,45.399,50.399,21.886,1.5,1.5,14,2,0.007,0.001,0,1
276.8,45.422,50.412,21.663,1.5,1.5,14,2,0.023,0.001,0,1
277.0,45.432,50.42,21.475,1.5,1.5,14,2,0.01,0.001,0,1
277.2,45.437,50.442,21.409,1.5,1.5,14,2,0.005,0.002,0,1
277.4,45.438,50.451,21.224,1.5,1.5,14,2,0.001,0.001,0,1
277.6,45.441,50.463,21.028,1.5,1.5,14,2,0.003,0.001,0,1
277.8,45.464,50.471,20.625,1.5,1.5,14,2,0.023,0.001,0,1
278.0,45.48,50.483,20.492,1.5,1.5,14,2,0.016,0.001,0,1
278.2,45.492,50.481,20.42,1.5,1.5,14,2,0.012,0.001,0,1
278.4,45.494,50.489,20.414,1.5,1.5,14,2,0.002,0.001,0,1
278.6,45.502,50.483,20.279,1.5,1.5,14,2,0.008,0.001,0,1
278.8,45.518,50.482,20.105,1.5,1.5,14,2,0.016,0.001,0,1
279.0,45.519,50.476,20.002,1.5,1.5,14,2,0.001,0.001,0,1
279.2,45.525,50.465,19.958,1.5,1.5,14,2,0.006,0.001,0,1
279.4,45.541,50.477,19.823,1.5,1.5,14,2,0.016,0.001,0,1
279.6,45.541,50.468,19.686,1.5,1.5,14,2,0.001,0.001,0,1
279.8,45.542,50.467,19.637,1.5,1.5,14,2,0.001,0.0,0,1
280.0,45.546,50.464,19.608,1.5,1.5,14,2,0.004,0.0,0,1
280.2,45.542,50.47,19.627,1.5,1.5,14,2,-0.004,0.0,0,1
280.4,45.531,50.478,19.753,1.5,1.5,14,2,-0.011,0.0,0,1
280.6,45.538,50.469,19.752,1.5,1.5,14,2,0.007,0.0,0,1
280.8,45.542,50.462,19.73,1.5,1.5,14,2,0.004,0.0,0,1
281.0,45.552,50.465,19.568,1.5,1.5,14,2,0.01,0.0,0,1
281.2,45.56,50.457,19.503,1.5,1.5,14,2,0.007,0.0,0,1
281.4,45.549,50.439,19.45,1.5,1.5,14,2,-0.01,0.0,0,1
281.6,45.553,50.429,19.428,1.5,1.5,14,2,0.003,0.0,0,1
281.8,45.547,50.437,19.434,1.5,1.5,14,2,-0.006,0.0,0,1
282.0,45.556,50.439,19.267,1.5,1.5,14,2,0.009,0.0,0,1
282.2,45.558,50.424,19.259,1.5,1.5,14,2,0.001,0.0,0,1
282.4,45.557,50.412,19.266,1.5,1.5,14,2,-0.001,0.0,0,1
282.6,45.554,50.406,19.343,1.5,1.5,14,2,-0.002,0.0,0,1
282.8,45.54,50.401,19.383,1.5,1.5,14,2,-0.014,0.0,0,1
283.0,45.532,50.393,19.455,1.5,1.5,14,2,-0.008,0.0,0,1
283.2,45.529,50.403,19.456,1.5,1.5,14,2,-0.003,0.0,0,1
283.4,45.536,50.406,19.469,1.5,1.5,14,2,0.007,0.0,0,1
283.6,45.534,50.425,19.585,1.5,1.5,14,2,-0.002,0.0,0,1
283.8,45.53,50.424,19.741,1.5,1.5,14,2,-0.004,0.0,0,1
284.0,45.516,50.405,19.866,1.5,1.5,14,2,-0.014,0.0,0,1
284.2,45.519,50.404,19.917,1.5,1.5,14,2,0.003,0.0,0,1
284.4,45.508,50.409,19.968,1.5,1.5,14,2,-0.011,0.0,0,1
284.6,45.509,50.404,19.922,1.5,1.5,14,2,0.001,0.0,0,1
284.8,45.499,50.392,20.16,1.5,1.5,14,2,-0.01,0.0,0,1
285.0,45.506,50.389,20.045,1.5,1.5,14,2,0.008,0.0,0,1
285.2,45.512,50.388,20.085,1.5,1.5,14,2,0.006,0.0,0,1
285.4,45.497,50.378,20.134,1.5,1.5,14,2,-0.015,0.0,0,1
285.6,45.49,50.381,20.289,1.5,1.5,14,2,-0.007,0.0,0,1
285.8,45.488,50.401,20.441,1.5,1.5,14,2,-0.002,0.0,0,1
286.0,45.479,50.411,20.56,1.5,1.5,14,2,-0.01,0.0,0,1
286.2,45.474,50.392,20.585,1.5,1.5,14,2,-0.004,0.0,0,1
286.4,45.482,50.389,20.368,1.5,1.5,14,2,0.007,0.0,0,1
286.6,45.48,50.386,20.485,1.5,1.5,14,2,-0.002,0.0,0,1
286.8,45.492,50.39,20.354,1.5,1.5,14,2,0.012,0.0,0,1
287.0,45.502,50.391,20.417,1.5,1.5,14,2,0.011,0.0,0,1
287.2,45.495,50.396,20.427,1.5,1.5,14,2,-0.007,0.0,0,1
287.4,45.474,50.395,20.663,1.5,1.5,14,2,-0.021,0.0,0,1
287.6,45.469,50.389,20.741,1.5,1.5,14,2,-0.005,0.0,0,1
287.8,45.463,50.396,20.887,1.5,1.5,14,2,-0.005,0.0,0,1
288.0,45.467,50.398,20.968,1.5,1.5,14,2,0.004,0.0,0,1
288.2,45.46,50.41,21.053,1.5,1.5,14,2,-0.007,0.0,0,1
288.4,45.453,50.401,21.262,1.5,1.5,14,2,-0.007,0.0,0,1
288.6,45.449,50.401,21.452,1.5,1.5,14,2,-0.004,0.0,0,1
288.8,45.452,50.393,21.496,1.5,1.5,14,2,0.003,0.0,0,1
289.0,45.444,50.384,21.545,1.5,1.5,14,2,-0.008,0.0,0,1
289.2,45.433,50.387,21.852,1.5,1.5,14,2,-0.01,0.0,0,1
289.4,45.432,50.384,21.813,1.5,1.5,14,2,-0.001,0.0,0,1
289.6,45.426,50.374,21.864,1.5,1.5,14,2,-0.006,0.0,0,1
289.8,45.434,50.384,21.828,1.5,1.5,14,2,0.007,0.0,0,1
290.0,45.432,50.38,21.838,1.5,1.5,14,2,-0.002,0.0,0,1
290.2,45.436,50.383,22.029,1.5,1.5,14,2,0.004,0.0,0,1
290.4,45.44,50.395,21.99,1.5,1.5,14,2,0.004,0.0,0,1
290.6,45.445,50.39,22.021,1.5,1.5,14,2,0.005,0.0,0,1
290.8,45.451,50.393,21.974,1.5,1.5,14,2,0.005,0.0,0,1
291.0,45.455,50.404,22.062,1.5,1.5,14,2,0.004,0.0,0,1
291.2,45.449,50.411,22.084,1.5,1.5,14,2,-0.006,0.0,0,1
291.4,45.458,50.407,22.004,1.5,1.5,14,2,0.009,0.0,0,1
291.6,45.448,50.402,22.113,1.5,1.5,14,2,-0.01,0.0,0,1
291.8,45.453,50.406,22.148,1.5,1.5,14,2,0.004,0.0,0,1
292.0,45.448,50.414,22.252,1.5,1.5,14,2,-0.005,0.0,0,1
292.2,45.446,50.402,22.235,1.5,1.5,14,2,-0.002,0.0,0,1
292.4,45.435,50.401,22.357,1.5,1.5,14,2,-0.011,0.0,0,1
292.6,45.446,50.401,22.333,1.5,1.5,14,2,0.011,0.0,0,1
292.8,45.445,50.393,22.341,1.5,1.5,14,2,-0.002,0.0,0,1
293.0,45.439,50.381,22.397,1.5,1.5,14,2,-0.005,0.0,0,1
293.2,45.429,50.378,22.474,1.5,1.5,14,2,-0.01,0.0,0,1
293.4,45.429,50.388,22.553,1.5,1.5,14,2,-0.001,0.0,0,1
293.6,45.436,50.398,22.436,1.5,1.5,14,2,0.008,0.0,0,1
293.8,45.429,50.395,22.609,1.5,1.5,14,2,-0.008,0.0,0,1
294.0,45.403,50.4,23.095,1.5,1.5,14,2,-0.025,0.0,0,1
294.2,45.414,50.403,23.125,1.5,1.5,14,2,0.011,0.0,0,1
294.4,45.41,50.419,23.219,1.5,1.5,14,2,-0.004,0.0,0,1
294.6,45.403,50.42,23.371,1.5,1.5,14,2,-0.007,0.0,0,1
294.8,45.425,50.418,23.285,1.5,1.5,14,2,0.022,0.0,0,1
295.0,45.436,50.417,23.112,1.5,1.5,14,2,0.012,0.0,0,1
295.2,45.428,50.427,23.303,1.5,1.5,14,2,-0.009,0.0,0,1
295.4,45.419,50.428,23.381,1.5,1.5,14,2,-0.008,0.0,0,1
295.6,45.425,50.427,23.354,1.5,1.5,14,2,0.005,0.0,0,1
295.8,45.429,50.413,23.38,1.5,1.5,14,2,0.004,0.0,0,1
296.0,45.438,50.395,23.177,1.5,1.5,14,2,0.009,0.0,0,1
296.2,45.46,50.387,23.061,1.5,1.5,14,2,0.021,0.0,0,1
296.4,45.457,50.37,23.051,1.5,1.5,14,2,-0.003,0.0,0,1
296.6,45.458,50.369,22.953,1.5,1.5,14,2,0.001,0.0,0,1
296.8,45.467,50.358,22.922,1.5,1.5,14,2,0.009,0.0,0,1
297.0,45.464,50.341,23.054,1.5,1.5,14,2,-0.002,0.0,0,1
297.2,45.457,50.342,23.169,1.5,1.5,14,2,-0.007,0.0,0,1
297.4,45.465,50.337,23.118,1.5,1.5,14,2,0.008,0.0,0,1
297.6,45.455,50.307,23.167,1.5,1.5,14,2,-0.011,0.0,0,1
297.8,45.456,50.295,23.229,1.5,1.5,14,2,0.001,0.0,0,1
298.0,45.459,50.284,23.199,1.5,1.5,14,2,0.003,0.0,0,1
298.2,45.456,50.278,23.239,1.5,1.5,14,2,-0.003,0.0,0,1
298.4,45.451,50.264,23.46,1.5,1.5,14,2,-0.005,0.0,0,1
298.6,45.455,50.254,23.434,1.5,1.5,14,2,0.004,0.0,0,1
298.8,45.452,50.244,23.521,1.5,1.5,14,2,-0.002,0.0,0,1
299.0,45.453,50.238,23.618,1.5,1.5,14,2,0.001,0.0,0,1
299.2,45.435,50.22,23.833,1.5,1.5,14,2,-0.018,0.0,0,1
299.4,45.437,50.219,23.892,1.5,1.5,14,2,0.002,0.0,0,1
299.6,45.44,50.202,24.009,1.5,1.5,14,2,0.002,0.0,0,1
299.8,45.444,50.202,24.209,1.5,1.5,14,2,0.005,0.0,0,1
300.0,45.444,50.194,24.061,1.5,1.5,14,2,-0.001,0.0,0,1
300.2,45.455,50.194,23.871,1.5,1.5,14,2,0.012,0.0,0,1
300.4,45.445,50.188,24.096,1.5,1.5,14,2,-0.01,0.0,0,1
300.6,45.443,50.191,24.336,1.5,1.5,14,2,-0.003,0.0,0,1
300.8,45.428,50.2,24.674,1.5,1.5,14,2,-0.014,0.0,0,1
301.0,45.431,50.203,24.682,1.5,1.5,14,2,0.003,0.0,0,1
301.2,45.42,50.209,24.887,1.5,1.5,14,2,-0.012,0.0,0,1
301.4,45.43,50.205,24.907,1.5,1.5,14,2,0.01,0.0,0,1
301.6,45.436,50.212,24.823,1.5,1.5,14,2,0.007,0.0,0,1
301.8,45.439,50.216,24.847,1.5,1.5,14,2,0.003,0.0,0,1
302.0,45.435,50.222,25.123,1.5,1.5,14,2,-0.004,0.0,0,1
302.2,45.438,50.234,25.015,1.5,1.5,14,2,0.003,0.0,0,1
302.4,45.434,50.235,25.234,1.5,1.5,14,2,-0.004,0.0,0,1
302.6,45.443,50.238,25.108,1.5,1.5,14,2,0.009,0.0,0,1
302.8,45.44,50.24,25.217,1.5,1.5,14,2,-0.003,0.0,0,1
303.0,45.461,50.254,25.073,1.5,1.5,14,2,0.021,0.0,0,1
303.2,45.459,50.276,25.22,1.5,1.5,14,2,-0.002,0.0,0,1
303.4,45.445,50.269,25.348,1.5,1.5,14,2,-0.014,0.0,0,1
303.6,45.431,50.291,25.729,1.5,1.5,14,2,-0.014,0.0,0,1
303.8,45.433,50.316,25.706,1.5,1.5,14,2,0.002,0.0,0,1
304.0,45.426,50.331,25.967,1.5,1.5,14,2,-0.007,0.0,0,1
304.2,45.424,50.335,25.963,1.5,1.5,14,2,-0.002,0.0,0,1
304.4,45.414,50.346,26.199,1.5,1.5,14,2,-0.01,0.0,0,1
304.6,45.406,50.352,26.363,1.5,1.5,14,2,-0.008,0.0,0,1
304.8,45.409,50.349,26.428,1.5,1.5,14,2,0.002,0.0,0,1
305.0,45.413,50.355,26.314,1.5,1.5,14,2,0.005,0.0,0,1
305.2,45.407,50.371,26.33,1.5,1.5,14,2,-0.006,0.0,0,1
305.4,45.412,50.385,26.427,1.5,1.5,14,2,0.005,0.0,0,1
305.6,45.427,50.383,26.171,1.5,1.5,14,2,0.014,0.0,0,1
305.8,45.412,50.384,26.354,1.5,1.5,14,2,-0.014,0.0,0,1
306.0,45.399,50.383,26.522,1.5,1.5,14,2,-0.014,0.0,0,1
306.2,45.385,50.38,26.634,1.5,1.5,14,2,-0.014,0.0,0,1
306.4,45.374,50.382,26.842,1.5,1.5,14,2,-0.011,0.0,0,1
306.6,45.376,50.375,26.893,1.5,1.5,14,2,0.002,0.0,0,1
306.8,45.373,50.361,26.922,1.5,1.5,14,2,-0.003,0.0,0,1
307.0,45.373,50.365,26.91,1.5,1.5,14,2,0.0,0.0,0,1
307.2,45.364,50.37,27.057,1.5,1.5,14,2,-0.01,0.0,0,1
307.4,45.352,50.372,27.3,1.5,1.5,14,2,-0.011,0.0,0,1
307.6,45.34,50.377,27.371,1.5,1.5,14,2,-0.012,0.0,0,1
307.8,45.347,50.377,27.387,1.5,1.5,14,2,0.007,0.0,0,1
308.0,45.344,50.392,27.433,1.5,1.5,14,2,-0.003,0.0,0,1
308.2,45.353,50.378,27.579,1.5,1.5,14,2,0.008,0.0,0,1
308.4,45.334,50.378,27.75,1.5,1.5,14,2,-0.019,0.0,0,1
308.6,45.32,50.391,28.119,1.5,1.5,14,2,-0.014,0.0,0,1
308.8,45.317,50.396,28.162,1.5,1.5,14,2,-0.003,0.0,0,1
309.0,45.337,50.399,27.97,1.5,1.5,14,2,0.019,0.0,0,1
309.2,45.319,50.392,28.102,1.5,1.5,14,2,-0.017,0.0,0,1
309.4,45.312,50.395,28.27,1.5,1.5,14,2,-0.008,0.0,0,1
309.6,45.308,50.376,28.201,1.5,1.5,14,2,-0.003,0.0,0,1
309.8,45.317,50.364,28.213,1.5,1.5,14,2,0.009,0.0,0,1
310.0,45.322,50.377,27.839,1.5,1.5,14,2,0.005,0.0,0,1
310.2,45.324,50.384,27.661,1.5,1.5,14,2,0.002,0.0,0,1
310.4,45.319,50.389,27.802,1.5,1.5,14,2,-0.004,0.0,0,1
310.6,45.31,50.393,27.879,1.5,1.5,14,2,-0.01,0.0,0,1
310.8,45.3,50.382,28.149,1.5,1.5,14,2,-0.009,0.0,0,1
311.0,45.307,50.379,28.081,1.5,1.5,14,2,0.006,0.0,0,1
311.2,45.31,50.381,27.97,1.5,1.5,14,2,0.003,0.0,0,1
311.4,45.301,50.379,27.939,1.5,1.5,14,2,-0.009,0.0,0,1
311.6,45.298,50.378,27.995,1.5,1.5,14,2,-0.002,0.0,0,1
311.8,45.302,50.385,27.918,1.5,1.5,14,2,0.003,0.0,0,1
312.0,45.299,50.385,27.994,1.5,1.5,14,2,-0.003,0.0,0,1
312.2,45.3,50.369,27.87,1.5,1.5,14,2,0.001,0.0,0,1
312.4,45.298,50.385,27.729,1.5,1.5,14,2,-0.002,0.0,0,1
312.6,45.299,50.402,27.81,1.5,1.5,14,2,0.002,0.0,0,1
312.8,45.295,50.397,27.791,1.5,1.5,14,2,-0.004,0.0,0,1
313.0,45.303,50.401,27.709,1.5,1.5,14,2,0.008,0.0,0,1
313.2,45.313,50.396,27.638,1.5,1.5,14,2,0.01,0.0,0,1
313.4,45.298,50.389,27.761,1.5,1.5,14,2,-0.014,0.0,0,1
313.6,45.292,50.38,27.928,1.5,1.5,14,2,-0.007,0.0,0,1
313.8,45.287,50.403,28.033,1.5,1.5,14,2,-0.004,0.0,0,1
314.0,45.276,50.406,28.269,1.5,1.5,14,2,-0.011,0.0,0,1
314.2,45.278,50.403,28.572,1.5,1.5,14,2,0.002,0.0,0,1
314.4,45.283,50.41,28.596,1.5,1.5,14,2,0.005,0.0,0,1
314.6,45.284,50.419,28.667,1.5,1.5,14,2,0.001,0.0,0,1
314.8,45.278,50.43,29.038,1.5,1.5,14,2,-0.007,0.0,0,1
315.0,45.259,50.413,29.348,1.5,1.5,14,2,-0.019,0.0,0,1
315.2,45.267,50.434,29.341,1.5,1.5,14,2,0.009,0.0,0,1
315.4,45.267,50.431,29.358,1.5,1.5,14,2,-0.001,0.0,0,1
315.6,45.262,50.439,29.594,1.5,1.5,14,2,-0.004,0.0,0,1
315.8,45.265,50.432,29.526,1.5,1.5,14,2,0.003,0.0,0,1
316.0,45.254,50.431,29.621,1.5,1.5,14,2,-0.011,0.0,0,1
316.2,45.264,50.436,29.435,1.5,1.5,14,2,0.01,0.0,0,1
316.4,45.254,50.456,29.607,1.5,1.5,14,2,-0.01,0.0,0,1
316.6,45.259,50.466,29.617,1.5,1.5,14,2,0.004,0.0,0,1
316.8,45.257,50.465,29.456,1.5,1.5,14,2,-0.002,0.0,0,1
317.0,45.266,50.451,29.04,1.5,1.5,14,2,0.009,0.0,0,1
317.2,45.278,50.471,28.869,1.5,1.5,14,2,0.012,0.0,0,1
317.4,45.286,50.483,28.721,1.5,1.5,14,2,0.007,0.0,0,1
317.6,45.289,50.498,28.885,1.5,1.5,14,2,0.003,0.0,0,1
317.8,45.312,50.516,28.526,1.5,1.5,14,2,0.023,0.0,0,1
318.0,45.319,50.513,28.398,1.5,1.5,14,2,0.007,0.0,0,1
318.2,45.317,50.551,28.413,1.5,1.5,14,2,-0.002,0.001,0,1
318.4,45.324,50.57,28.303,1.5,1.5,14,2,0.006,0.001,0,1
318.6,45.335,50.582,28.155,1.5,1.5,14,2,0.012,0.001,0,1
318.8,45.347,50.601,27.929,1.5,1.5,14,2,0.012,0.001,0,1
319.0,45.356,50.601,27.896,1.5,1.5,14,2,0.009,0.001,0,1
319.2,45.368,50.62,27.809,1.5,1.5,14,2,0.011,0.001,0,1
319.4,45.371,50.628,27.776,1.5,1.5,14,2,0.004,0.001,0,1
319.6,45.373,50.636,27.639,1.5,1.5,14,2,0.002,0.001,0,1
319.8,45.391,50.634,27.401,1.5,1.5,14,2,0.018,0.001,0,1
320.0,45.394,50.628,27.256,1.5,1.5,14,2,0.003,0.001,0,1
320.2,45.411,50.641,27.038,1.5,1.5,14,2,0.017,0.001,0,1
320.4,45.415,50.657,26.979,1.5,1.5,14,2,0.004,0.001,0,1
320.6,45.428,50.655,26.844,1.5,1.5,14,2,0.013,0.001,0,1
320.8,45.444,50.655,26.405,1.5,1.5,14,2,0.016,0.001,0,1
321.0,45.456,50.661,26.158,1.5,1.5,14,2,0.012,0.001,0,1
321.2,45.489,50.653,25.655,1.5,1.5,14,2,0.033,0.001,0,1
321.4,45.502,50.643,25.446,1.5,1.5,14,2,0.013,0.002,0,1
321.6,45.515,50.626,25.174,1.5,1.5,14,2,0.013,0.002,0,1
321.8,45.522,50.622,24.991,1.5,1.5,14,2,0.007,0.002,0,1
322.0,45.515,50.622,24.946,1.5,1.5,14,2,-0.007,0.002,0,1
322.2,45.531,50.613,24.676,1.5,1.5,14,2,0.016,0.002,0,1
322.4,45.546,50.618,24.394,1.5,1.5,14,2,0.014,0.001,0,1
322.6,45.548,50.611,24.359,1.5,1.5,14,2,0.003,0.001,0,1
322.8,45.548,50.585,24.084,1.5,1.5,14,2,-0.0,0.001,0,1
323.0,45.559,50.583,23.843,1.5,1.5,14,2,0.011,0.0,0,1
323.2,45.581,50.563,23.564,1.5,1.5,14,2,0.022,0.001,0,1
323.4,45.596,50.553,23.298,1.5,1.5,14,2,0.015,0.001,0,1
323.6,45.596,50.548,23.339,1.5,1.5,14,2,0.0,0.001,0,1
323.8,45.591,50.534,23.321,1.5,1.5,14,2,-0.005,0.001,0,1
324.0,45.601,50.525,23.163,1.5,1.5,14,2,0.01,0.001,0,1
324.2,45.608,50.504,22.98,1.5,1.5,14,2,0.007,0.001,0,1
324.4,45.624,50.481,22.692,1.5,1.5,14,2,0.015,0.001,0,1
324.6,45.631,50.476,22.517,1.5,1.5,14,2,0.008,0.001,0,1
324.8,45.637,50.457,22.354,1.5,1.5,14,2,0.006,0.001,0,1
325.0,45.636,50.442,22.208,1.5,1.5,14,2,-0.001,0.0,0,1
325.2,45.637,50.426,22.064,1.5,1.5,14,2,0.001,0.0,0,1
325.4,45.641,50.414,21.968,1.5,1.5,14,2,0.005,0.0,0,1
325.6,45.642,50.399,21.877,1.5,1.5,14,2,0.001,0.0,0,1
325.8,45.645,50.39,21.983,1.5,1.5,14,2,0.003,0.0,0,1
326.0,45.648,50.377,21.865,1.5,1.5,14,2,0.003,0.0,0,1
326.2,45.66,50.378,21.862,1.5,1.5,14,2,0.012,0.0,0,1
326.4,45.662,50.366,21.799,1.5,1.5,14,2,0.002,0.0,0,1
326.6,45.656,50.37,21.927,1.5,1.5,14,2,-0.006,0.0,0,1
326.8,45.658,50.375,21.961,1.5,1.5,14,2,0.003,0.0,0,1
327.0,45.64,50.377,22.011,1.5,1.5,14,2,-0.019,0.0,0,1
327.2,45.65,50.38,21.998,1.5,1.5,14,2,0.01,0.0,0,1
327.4,45.654,50.381,21.878,1.5,1.5,14,2,0.004,0.0,0,1
327.6,45.654,50.383,21.967,1.5,1.5,14,2,0.0,0.0,0,1
327.8,45.646,50.395,21.976,1.5,1.5,14,2,-0.008,0.0,0,1
328.0,45.651,50.396,22.013,1.5,1.5,14,2,0.005,0.0,0,1
328.2,45.648,50.391,21.96,1.5,1.5,14,2,-0.003,0.0,0,1
328.4,45.642,50.402,21.914,1.5,1.5,14,2,-0.006,0.0,0,1
328.6,45.641,50.411,22.123,1.5,1.5,14,2,-0.001,0.0,0,1
328.8,45.639,50.409,22.098,1.5,1.5,14,2,-0.002,0.0,0,1
329.0,45.641,50.401,22.073,1.5,1.5,14,2,0.003,0.0,0,1
329.2,45.638,50.415,22.091,1.5,1.5,14,2,-0.003,0.0,0,1
329.4,45.637,50.424,22.022,1.5,1.5,14,2,-0.001,0.0,0,1
329.6,45.629,50.43,22.003,1.5,1.5,14,2,-0.007,0.0,0,1
329.8,45.629,50.444,21.945,1.5,1.5,14,2,-0.001,0.0,0,1
330.0,45.637,50.45,21.743,1.5,1.5,14,2,0.009,0.0,0,1
330.2,45.639,50.457,21.682,1.5,1.5,14,2,0.002,0.0,0,1
330.4,45.633,50.459,21.652,1.5,1.5,14,2,-0.006,0.0,0,1
330.6,45.635,50.479,21.565,1.5,1.5,14,2,0.002,0.0,0,1
330.8,45.641,50.488,21.311,1.5,1.5,14,2,0.006,0.0,0,1
331.0,45.653,50.48,21.113,1.5,1.5,14,2,0.012,0.0,0,1
331.2,45.666,50.474,20.759,1.5,1.5,14,2,0.013,0.0,0,1
331.4,45.67,50.478,20.611,1.5,1.5,14,2,0.003,0.0,0,1
331.6,45.685,50.468,20.38,1.5,1.5,14,2,0.015,0.0,0,1
331.8,45.696,50.462,20.092,1.5,1.5,14,2,0.011,0.0,0,1
332.0,45.706,50.455,19.818,1.5,1.5,14,2,0.011,0.001,0,1
332.2,45.722,50.467,19.692,1.5,1.5,14,2,0.016,0.001,0,1
332.4,45.728,50.461,19.582,1.5,1.5,14,2,0.006,0.001,0,1
332.6,45.732,50.461,19.512,1.5,1.5,14,2,0.004,0.001,0,1
332.8,45.73,50.469,19.407,1.5,1.5,14,2,-0.002,0.001,0,1
333.0,45.738,50.467,19.372,1.5,1.5,14,2,0.008,0.001,0,1
333.2,45.735,50.462,19.262,1.5,1.5,14,2,-0.003,0.001,0,1
333.4,45.739,50.46,19.232,1.5,1.5,14,2,0.003,0.0,0,1
333.6,45.734,50.479,19.229,1.5,1.5,14,2,-0.005,0.0,0,1
333.8,45.746,50.478,19.2,1.5,1.5,14,2,0.012,0.0,0,1
334.0,45.739,50.48,19.142,1.5,1.5,14,2,-0.007,0.0,0,1
334.2,45.742,50.46,19.095,1.5,1.5,14,2,0.003,0.0,0,1
334.4,45.736,50.457,19.098,1.5,1.5,14,2,-0.005,0.0,0,1
334.6,45.739,50.448,19.092,1.5,1.5,14,2,0.003,0.0,0,1
334.8,45.746,50.447,18.921,1.5,1.5,14,2,0.007,0.0,0,1
335.0,45.757,50.456,18.783,1.5,1.5,14,2,0.01,0.0,0,1
335.2,45.762,50.455,18.753,1.5,1.5,14,2,0.005,0.0,0,1
335.4,45.767,50.452,18.789,1.5,1.5,14,2,0.005,0.0,0,1
335.6,45.765,50.441,18.706,1.5,1.5,14,2,-0.002,0.0,0,1
335.8,45.763,50.451,18.712,1.5,1.5,14,2,-0.002,0.0,0,1
336.0,45.776,50.455,18.532,1.5,1.5,14,2,0.014,0.0,0,1
336.2,45.772,50.455,18.425,1.5,1.5,14,2,-0.004,0.0,0,1
336.4,45.774,50.463,18.382,1.5,1.5,14,2,0.002,0.0,0,1
336.6,45.769,50.442,18.279,1.5,1.5,14,2,-0.005,0.0,0,1
336.8,45.774,50.433,18.108,1.5,1.5,14,2,0.005,0.0,0,1
337.0,45.784,50.445,18.146,1.5,1.5,14,2,0.01,0.0,0,1
337.2,45.789,50.452,18.078,1.5,1.5,14,2,0.005,0.0,0,1
337.4,45.804,50.464,17.949,1.5,1.5,14,2,0.015,0.0,0,1
337.6,45.798,50.474,17.978,1.5,1.5,14,2,-0.006,0.0,0,1
337.8,45.807,50.465,17.804,1.5,1.5,14,2,0.008,0.0,0,1
338.0,45.806,50.462,17.75,1.5,1.5,14,2,-0.001,0.0,0,1
338.2,45.806,50.463,17.741,1.5,1.5,14,2,0.0,0.0,0,1
338.4,45.8,50.466,17.821,1.5,1.5,14,2,-0.006,0.0,0,1
338.6,45.813,50.468,17.682,1.5,1.5,14,2,0.013,0.0,0,1
338.8,45.816,50.467,17.692,1.5,1.5,14,2,0.003,0.0,0,1
339.0,45.799,50.465,17.645,1.5,1.5,14,2,-0.017,0.0,0,1
339.2,45.799,50.477,17.717,1.5,1.5,14,2,-0.0,0.0,0,1
339.4,45.803,50.47,17.622,1.5,1.5,14,2,0.003,0.0,0,1
339.6,45.791,50.476,17.714,1.5,1.5,14,2,-0.012,0.0,0,1
339.8,45.795,50.503,17.763,1.5,1.5,14,2,0.004,0.0,0,1
340.0,45.804,50.517,17.691,1.5,1.5,14,2,0.009,0.0,0,1
340.2,45.8,50.545,17.815,1.5,1.5,14,2,-0.004,0.0,0,1
340.4,45.803,50.562,17.951,1.5,1.5,14,2,0.003,0.0,0,1
340.6,45.805,50.563,17.871,1.5,1.5,14,2,0.002,0.0,0,1
340.8,45.804,50.568,17.994,1.5,1.5,14,2,-0.002,0.0,0,1
341.0,45.8,50.578,18.034,1.5,1.5,14,2,-0.004,0.0,0,1
341.2,45.794,50.581,18.172,1.5,1.5,14,2,-0.007,0.0,0,1
341.4,45.789,50.592,18.348,1.5,1.5,14,2,-0.005,0.0,0,1
341.6,45.766,50.591,18.523,1.5,1.5,14,2,-0.023,0.0,0,1
341.8,45.765,50.591,18.646,1.5,1.5,14,2,-0.0,0.0,0,1
342.0,45.761,50.612,18.668,1.5,1.5,14,2,-0.004,0.0,0,1
342.2,45.753,50.613,18.867,1.5,1.5,14,2,-0.007,0.0,0,1
342.4,45.745,50.63,18.917,1.5,1.5,14,2,-0.008,0.0,0,1
342.6,45.748,50.638,18.965,1.5,1.5,14,2,0.003,0.0,0,1
342.8,45.744,50.629,19.047,1.5,1.5,14,2,-0.004,0.0,0,1
343.0,45.746,50.646,19.058,1.5,1.5,14,2,0.002,0.0,0,1
343.2,45.738,50.656,19.174,1.5,1.5,14,2,-0.008,0.0,0,1
343.4,45.741,50.661,19.216,1.5,1.5,14,2,0.003,0.0,0,1
343.6,45.739,50.674,19.245,1.5,1.5,14,2,-0.002,0.0,0,1
343.8,45.744,50.679,19.282,1.5,1.5,14,2,0.005,0.0,0,1
344.0,45.746,50.684,19.233,1.5,1.5,14,2,0.002,0.0,0,1
344.2,45.754,50.686,19.254,1.5,1.5,14,2,0.008,0.0,0,1
344.4,45.746,50.696,19.362,1.5,1.5,14,2,-0.008,0.0,0,1
344.6,45.746,50.702,19.422,1.5,1.5,14,2,0.0,0.0,0,1
344.8,45.736,50.695,19.566,1.5,1.5,14,2,-0.011,0.0,0,1
345.0,45.738,50.687,19.51,1.5,1.5,14,2,0.002,0.0,0,1
345.2,45.734,50.695,19.53,1.5,1.5,14,2,-0.004,0.0,0,1
345.4,45.716,50.692,19.706,1.5,1.5,14,2,-0.018,0.0,0,1
345.6,45.72,50.692,19.711,1.5,1.5,14,2,0.004,0.0,0,1
345.8,45.719,50.7,19.672,1.5,1.5,14,2,-0.001,0.0,0,1
346.0,45.711,50.71,19.807,1.5,1.5,14,2,-0.008,0.0,0,1
346.2,45.709,50.7,19.734,1.5,1.5,14,2,-0.002,0.0,0,1
346.4,45.711,50.69,19.72,1.5,1.5,14,2,0.002,0.0,0,1
346.6,45.716,50.68,19.711,1.5,1.5,14,2,0.005,0.0,0,1
346.8,45.728,50.683,19.664,1.5,1.5,14,2,0.012,0.0,0,1
347.0,45.72,50.667,19.69,1.5,1.5,14,2,-0.008,0.0,0,1
347.2,45.729,50.655,19.721,1.5,1.5,14,2,0.008,0.0,0,1
347.4,45.717,50.628,19.644,1.5,1.5,14,2,-0.012,0.0,0,1
347.6,45.701,50.597,19.717,1.5,1.5,14,2,-0.016,0.0,0,1
347.8,45.694,50.586,19.686,1.5,1.5,14,2,-0.007,0.0,0,1
348.0,45.697,50.573,19.59,1.5,1.5,14,2,0.004,0.0,0,1
348.2,45.694,50.562,19.545,1.5,1.5,14,2,-0.004,0.0,0,1
348.4,45.717,50.575,19.455,1.5,1.5,14,2,0.024,0.0,0,1
348.6,45.725,50.557,19.347,1.5,1.5,14,2,0.008,0.0,0,1
348.8,45.73,50.554,19.293,1.5,1.5,14,2,0.005,0.0,0,1
349.0,45.748,50.535,19.256,1.5,1.5,14,2,0.018,0.0,0,1
349.2,45.751,50.532,19.262,1.5,1.5,14,2,0.003,0.0,0,1
349.4,45.779,50.527,18.952,1.5,1.5,14,2,0.028,0.001,0,1
349.6,45.783,50.513,18.959,1.5,1.5,14,2,0.004,0.001,0,1
349.8,45.776,50.515,19.018,1.5,1.5,14,2,-0.007,0.001,0,1
350.0,45.789,50.512,18.945,1.5,1.5,14,2,0.013,0.001,0,1
350.2,45.809,50.516,18.839,1.5,1.5,14,2,0.02,0.001,0,1
350.4,45.803,50.496,18.996,1.5,1.5,14,2,-0.006,0.001,0,1
350.6,45.816,50.477,18.912,1.5,1.5,14,2,0.013,0.001,0,1
350.8,45.813,50.478,18.925,1.5,1.5,14,2,-0.002,0.001,0,1
351.0,45.814,50.477,19.032,1.5,1.5,14,2,0.001,0.0,0,1
351.2,45.812,50.464,19.018,1.5,1.5,14,2,-0.002,0.0,0,1
351.4,45.796,50.463,19.191,1.5,1.5,14,2,-0.016,0.0,0,1
351.6,45.805,50.474,19.281,1.5,1.5,14,2,0.008,0.0,0,1
351.8,45.798,50.479,19.393,1.5,1.5,14,2,-0.007,0.0,0,1
352.0,45.807,50.48,19.4,1.5,1.5,14,2,0.009,0.0,0,1
352.2,45.809,50.484,19.394,1.5,1.5,14,2,0.002,0.0,0,1
352.4,45.815,50.479,19.387,1.5,1.5,14,2,0.006,0.0,0,1
352.6,45.825,50.485,19.389,1.5,1.5,14,2,0.01,0.0,0,1
352.8,45.835,50.498,19.399,1.5,1.5,14,2,0.009,0.0,0,1
353.0,45.833,50.487,19.398,1.5,1.5,14,2,-0.001,0.0,0,1
353.2,45.845,50.496,19.419,1.5,1.5,14,2,0.011,0.0,0,1
353.4,45.856,50.499,19.364,1.5,1.5,14,2,0.011,0.0,0,1
353.6,45.855,50.53,19.474,1.5,1.5,14,2,-0.0,0.0,0,1
353.8,45.867,50.543,19.523,1.5,1.5,14,2,0.011,0.0,0,1
354.0,45.87,50.558,19.498,1.5,1.5,14,2,0.003,0.0,0,1
354.2,45.878,50.567,19.487,1.5,1.5,14,2,0.008,0.0,0,1
354.4,45.881,50.565,19.502,1.5,1.5,14,2,0.003,0.0,0,1
354.6,45.866,50.555,19.517,1.5,1.5,14,2,-0.015,0.0,0,1
354.8,45.878,50.563,19.535,1.5,1.5,14,2,0.012,0.0,0,1
355.0,45.875,50.566,19.616,1.5,1.5,14,2,-0.003,0.0,0,1
355.2,45.877,50.559,19.519,1.5,1.5,14,2,0.001,0.0,0,1
355.4,45.86,50.553,19.606,1.5,1.5,14,2,-0.017,0.0,0,1
355.6,45.853,50.538,19.656,1.5,1.5,14,2,-0.007,0.0,0,1
355.8,45.856,50.532,19.5,1.5,1.5,14,2,0.004,0.0,0,1
356.0,45.875,50.544,19.449,1.5,1.5,14,2,0.018,0.0,0,1
356.2,45.876,50.544,19.425,1.5,1.5,14,2,0.001,0.0,0,1
356.4,45.892,50.541,19.357,1.5,1.5,14,2,0.016,0.0,0,1
356.6,45.901,50.542,19.272,1.5,1.5,14,2,0.009,0.0,0,1
356.8,45.907,50.544,19.234,1.5,1.5,14,2,0.006,0.0,0,1
357.0,45.903,50.536,19.208,1.5,1.5,14,2,-0.004,0.0,0,1
357.2,45.892,50.52,19.198,1.5,1.5,14,2,-0.011,0.0,0,1
357.4,45.884,50.513,19.157,1.5,1.5,14,2,-0.008,0.0,0,1
357.6,45.879,50.497,19.155,1.5,1.5,14,2,-0.005,0.0,0,1
357.8,45.877,50.486,19.076,1.5,1.5,14,2,-0.002,0.0,0,1
358.0,45.888,50.489,18.973,1.5,1.5,14,2,0.01,0.0,0,1
358.2,45.902,50.479,18.831,1.5,1.5,14,2,0.014,0.0,0,1
358.4,45.903,50.471,18.707,1.5,1.5,14,2,0.001,0.0,0,1
358.6,45.911,50.456,18.654,1.5,1.5,14,2,0.008,0.0,0,1
358.8,45.905,50.453,18.629,1.5,1.5,14,2,-0.006,0.0,0,1
359.0,45.903,50.45,18.498,1.5,1.5,14,2,-0.002,0.0,0,1
359.2,45.9,50.437,18.621,1.5,1.5,14,2,-0.003,0.0,0,1
359.4,45.893,50.433,18.662,1.5,1.5,14,2,-0.007,0.0,0,1
359.6,45.882,50.427,18.709,1.5,1.5,14,2,-0.011,0.0,0,1
359.8,45.881,50.425,18.703,1.5,1.5,14,2,-0.001,0.0,0,1
360.0,45.881,50.415,18.612,1.5,1.5,14,2,-0.0,0.0,0,1
360.2,45.876,50.417,18.675,1.5,1.5,14,2,-0.005,0.0,0,1
360.4,45.869,50.412,18.736,1.5,1.5,14,2,-0.007,0.0,0,1
360.6,45.866,50.395,18.814,1.5,1.5,14,2,-0.003,0.0,0,1
360.8,45.864,50.383,18.638,1.5,1.5,14,2,-0.002,0.0,0,1
361.0,45.88,50.382,18.551,1.5,1.5,14,2,0.016,0.0,0,1
361.2,45.873,50.378,18.646,1.5,1.5,14,2,-0.007,0.0,0,1
361.4,45.865,50.384,18.63,1.5,1.5,14,2,-0.007,0.0,0,1
361.6,45.871,50.378,18.618,1.5,1.5,14,2,0.006,0.0,0,1
361.8,45.875,50.359,18.581,1.5,1.5,14,2,0.005,0.0,0,1
362.0,45.875,50.357,18.624,1.5,1.5,14,2,-0.0,0.0,0,1
362.2,45.883,50.369,18.592,1.5,1.5,14,2,0.008,0.0,0,1
362.4,45.878,50.366,18.597,1.5,1.5,14,2,-0.005,0.0,0,1
362.6,45.871,50.384,18.77,1.5,1.5,14,2,-0.007,0.0,0,1
362.8,45.869,50.389,18.896,1.5,1.5,14,2,-0.002,0.0,0,1
363.0,45.867,50.393,18.931,1.5,1.5,14,2,-0.003,0.0,0,1
363.2,45.86,50.399,19.004,1.5,1.5,14,2,-0.007,0.0,0,1
363.4,45.86,50.4,19.056,1.5,1.5,14,2,-0.0,0.0,0,1
363.6,45.851,50.407,19.044,1.5,1.5,14,2,-0.009,0.0,0,1
363.8,45.855,50.424,19.16,1.5,1.5,14,2,0.005,0.0,0,1
364.0,45.855,50.443,19.112,1.5,1.5,14,2,-0.0,0.0,0,1
364.2,45.859,50.454,19.044,1.5,1.5,14,2,0.004,0.0,0,1
364.4,45.86,50.475,19.156,1.5,1.5,14,2,0.002,0.0,0,1
364.6,45.865,50.481,19.093,1.5,1.5,14,2,0.005,0.0,0,1
364.8,45.872,50.492,18.992,1.5,1.5,14,2,0.008,0.0,0,1
365.0,45.875,50.507,18.866,1.5,1.5,14,2,0.003,0.0,0,1
365.2,45.873,50.528,18.931,1.5,1.5,14,2,-0.002,0.0,0,1
365.4,45.878,50.544,18.749,1.5,1.5,14,2,0.004,0.0,0,1
365.6,45.861,50.562,18.87,1.5,1.5,14,2,-0.016,0.0,0,1
365.8,45.853,50.571,18.937,1.5,1.5,14,2,-0.008,0.0,0,1
366.0,45.849,50.584,18.933,1.5,1.5,14,2,-0.005,0.0,0,1
366.2,45.843,50.588,19.03,1.5,1.5,14,2,-0.006,0.0,0,1
366.4,45.832,50.605,19.09,1.5,1.5,14,2,-0.011,0.0,0,1
366.6,45.818,50.619,19.282,1.5,1.5,14,2,-0.013,0.0,0,1
366.8,45.821,50.631,19.193,1.5,1.5,14,2,0.003,0.0,0,1
367.0,45.816,50.639,19.364,1.5,1.5,14,2,-0.005,0.0,0,1
367.2,45.794,50.651,19.582,1.5,1.5,14,2,-0.022,0.001,0,1
367.4,45.781,50.66,19.8,1.5,1.5,14,2,-0.013,0.001,0,1
367.6,45.756,50.667,20.023,1.5,1.5,14,2,-0.025,0.001,0,1
367.8,45.748,50.655,20.15,1.5,1.5,14,2,-0.008,0.001,0,1
368.0,45.732,50.667,20.27,1.5,1.5,14,2,-0.016,0.001,0,1
368.2,45.727,50.667,20.449,1.5,1.5,14,2,-0.005,0.001,0,1
368.4,45.703,50.66,20.703,1.5,1.5,14,2,-0.024,0.002,0,1
368.6,45.692,50.653,21.012,1.5,1.5,14,2,-0.011,0.002,0,1
368.8,45.682,50.65,21.159,1.5,1.5,14,2,-0.009,0.002,0,1
369.0,45.67,50.656,21.324,1.5,1.5,14,2,-0.012,0.002,0,1
369.2,45.659,50.653,21.435,1.5,1.5,14,2,-0.011,0.001,0,1
369.4,45.652,50.652,21.663,1.5,1.5,14,2,-0.007,0.001,0,1
369.6,45.643,50.651,21.819,1.5,1.5,14,2,-0.009,0.001,0,1
369.8,45.645,50.646,21.801,1.5,1.5,14,2,0.002,0.001,0,1
370.0,45.632,50.648,22.081,1.5,1.5,14,2,-0.013,0.001,0,1
370.2,45.621,50.645,22.357,1.5,1.5,14,2,-0.011,0.001,0,1
370.4,45.616,50.651,22.384,1.5,1.5,14,2,-0.005,0.001,0,1
370.6,45.607,50.641,22.589,1.5,1.5,14,2,-0.008,0.001,0,1
370.8,45.618,50.64,22.701,1.5,1.5,14,2,0.01,0.0,0,1
371.0,45.6,50.646,22.813,1.5,1.5,14,2,-0.018,0.0,0,1
371.2,45.594,50.642,23.007,1.5,1.5,14,2,-0.006,0.0,0,1
371.4,45.588,50.632,22.957,1.5,1.5,14,2,-0.005,0.0,0,1
371.6,45.593,50.627,23.051,1.5,1.5,14,2,0.005,0.0,0,1
371.8,45.602,50.628,22.814,1.5,1.5,14,2,0.009,0.0,0,1
372.0,45.619,50.627,22.85,1.5,1.5,14,2,0.017,0.0,0,1
372.2,45.61,50.621,22.886,1.5,1.5,14,2,-0.01,0.0,0,1
372.4,45.619,50.616,22.999,1.5,1.5,14,2,0.009,0.0,0,1
372.6,45.614,50.616,23.137,1.5,1.5,14,2,-0.005,0.0,0,1
372.8,45.61,50.605,23.192,1.5,1.5,14,2,-0.004,0.0,0,1
373.0,45.613,50.607,23.345,1.5,1.5,14,2,0.003,0.0,0,1
373.2,45.622,50.604,23.349,1.5,1.5,14,2,0.009,0.0,0,1
373.4,45.615,50.606,23.323,1.5,1.5,14,2,-0.007,0.0,0,1
373.6,45.612,50.597,23.488,1.5,1.5,14,2,-0.003,0.0,0,1
373.8,45.599,50.588,23.652,1.5,1.5,14,2,-0.012,0.0,0,1
374.0,45.607,50.592,23.633,1.5,1.5,14,2,0.008,0.0,0,1
374.2,45.606,50.592,23.683,1.5,1.5,14,2,-0.002,0.0,0,1
374.4,45.59,50.592,23.892,1.5,1.5,14,2,-0.015,0.0,0,1
374.6,45.581,50.592,24.035,1.5,1.5,14,2,-0.01,0.0,0,1
374.8,45.57,50.601,24.016,1.5,1.5,14,2,-0.01,0.0,0,1
375.0,45.569,50.614,23.988,1.5,1.5,14,2,-0.001,0.0,0,1
375.2,45.561,50.606,23.971,1.5,1.5,14,2,-0.008,0.0,0,1
375.4,45.556,50.6,23.991,1.5,1.5,14,2,-0.004,0.0,0,1
375.6,45.559,50.612,23.97,1.5,1.5,14,2,0.002,0.0,0,1
375.8,45.564,50.613,23.751,1.5,1.5,14,2,0.005,0.0,0,1
376.0,45.569,50.618,23.664,1.5,1.5,14,2,0.005,0.0,0,1
376.2,45.579,50.612,23.493,1.5,1.5,14,2,0.009,0.0,0,1
376.4,45.575,50.619,23.43,1.5,1.5,14,2,-0.004,0.0,0,1
376.6,45.583,50.626,23.187,1.5,1.5,14,2,0.008,0.0,0,1
376.8,45.575,50.621,23.286,1.5,1.5,14,2,-0.008,0.0,0,1
377.0,45.576,50.634,23.3,1.5,1.5,14,2,0.002,0.0,0,1
377.2,45.585,50.654,23.131,1.5,1.5,14,2,0.008,0.0,0,1
377.4,45.582,50.673,23.116,1.5,1.5,14,2,-0.003,0.0,0,1
377.6,45.574,50.678,23.162,1.5,1.5,14,2,-0.007,0.0,0,1
377.8,45.572,50.675,23.133,1.5,1.5,14,2,-0.003,0.0,0,1
378.0,45.581,50.69,23.087,1.5,1.5,14,2,0.009,0.0,0,1
378.2,45.577,50.692,23.071,1.5,1.5,14,2,-0.004,0.0,0,1
378.4,45.577,50.695,22.974,1.5,1.5,14,2,0.0,0.0,0,1
378.6,45.578,50.704,22.96,1.5,1.5,14,2,0.001,0.0,0,1
378.8,45.566,50.69,23.044,1.5,1.5,14,2,-0.012,0.0,0,1
379.0,45.56,50.699,23.156,1.5,1.5,14,2,-0.006,0.0,0,1
379.2,45.553,50.698,23.088,1.5,1.5,14,2,-0.007,0.0,0,1
379.4,45.547,50.714,23.175,1.5,1.5,14,2,-0.005,0.0,0,1
379.6,45.552,50.718,23.308,1.5,1.5,14,2,0.004,0.0,0,1
379.8,45.549,50.728,23.394,1.5,1.5,14,2,-0.002,0.0,0,1
380.0,45.543,50.724,23.444,1.5,1.5,14,2,-0.007,0.0,0,1
380.2,45.551,50.737,23.447,1.5,1.5,14,2,0.008,0.0,0,1
380.4,45.564,50.733,23.254,1.5,1.5,14,2,0.013,0.0,0,1
380.6,45.562,50.738,23.419,1.5,1.5,14,2,-0.002,0.0,0,1
380.8,45.552,50.737,23.479,1.5,1.5,14,2,-0.01,0.0,0,1
381.0,45.556,50.736,23.411,1.5,1.5,14,2,0.004,0.0,0,1
381.2,45.557,50.72,23.367,1.5,1.5,14,2,0.001,0.0,0,1
381.4,45.546,50.707,23.53,1.5,1.5,14,2,-0.011,0.0,0,1
381.6,45.543,50.704,23.685,1.5,1.5,14,2,-0.004,0.0,0,1
381.8,45.532,50.699,23.75,1.5,1.5,14,2,-0.01,0.0,0,1
382.0,45.536,50.684,23.643,1.5,1.5,14,2,0.004,0.0,0,1
382.2,45.543,50.673,23.601,1.5,1.5,14,2,0.006,0.0,0,1
382.4,45.543,50.663,23.488,1.5,1.5,14,2,0.0,0.0,0,1
382.6,45.532,50.651,23.555,1.5,1.5,14,2,-0.011,0.0,0,1
382.8,45.546,50.65,23.364,1.5,1.5,14,2,0.014,0.0,0,1
383.0,45.544,50.647,23.366,1.5,1.5,14,2,-0.002,0.0,0,1
383.2,45.531,50.627,23.466,1.5,1.5,14,2,-0.012,0.0,0,1
383.4,45.533,50.605,23.567,1.5,1.5,14,2,0.001,0.0,0,1
383.6,45.526,50.593,23.534,1.5,1.5,14,2,-0.007,0.0,0,1
383.8,45.521,50.573,23.519,1.5,1.5,14,2,-0.005,0.0,0,1
384.0,45.536,50.569,23.426,1.5,1.5,14,2,0.015,0.0,0,1
384.2,45.531,50.556,23.357,1.5,1.5,14,2,-0.005,0.0,0,1
384.4,45.54,50.544,23.119,1.5,1.5,14,2,0.008,0.0,0,1
384.6,45.535,50.538,23.177,1.5,1.5,14,2,-0.004,0.0,0,1
384.8,45.549,50.541,23.003,1.5,1.5,14,2,0.013,0.0,0,1
385.0,45.54,50.532,23.051,1.5,1.5,14,2,-0.009,0.0,0,1
385.2,45.538,50.534,23.095,1.5,1.5,14,2,-0.002,0.0,0,1
385.4,45.545,50.526,23.032,1.5,1.5,14,2,0.008,0.0,0,1
385.6,45.555,50.534,22.931,1.5,1.5,14,2,0.009,0.0,0,1
385.8,45.566,50.536,22.757,1.5,1.5,14,2,0.011,0.0,0,1
386.0,45.56,50.529,22.706,1.5,1.5,14,2,-0.006,0.0,0,1
386.2,45.569,50.523,22.67,1.5,1.5,14,2,0.009,0.0,0,1
386.4,45.567,50.503,22.54,1.5,1.5,14,2,-0.002,0.0,0,1
386.6,45.568,50.512,22.44,1.5,1.5,14,2,0.001,0.0,0,1
386.8,45.577,50.488,22.289,1.5,1.5,14,2,0.009,0.0,0,1
387.0,45.593,50.505,22.148,1.5,1.5,14,2,0.016,0.0,0,1
387.2,45.594,50.505,22.126,1.5,1.5,14,2,0.001,0.0,0,1
387.4,45.601,50.494,22.058,1.5,1.5,14,2,0.007,0.0,0,1
387.6,45.601,50.482,22.021,1.5,1.5,14,2,-0.0,0.0,0,1
387.8,45.6,50.481,21.969,1.5,1.5,14,2,-0.001,0.0,0,1
388.0,45.62,50.482,21.849,1.5,1.5,14,2,0.02,0.0,0,1
388.2,45.611,50.483,21.882,1.5,1.5,14,2,-0.009,0.0,0,1
388.4,45.615,50.477,21.73,1.5,1.5,14,2,0.003,0.0,0,1
388.6,45.617,50.481,21.791,1.5,1.5,14,2,0.002,0.0,0,1
388.8,45.611,50.483,21.759,1.5,1.5,14,2,-0.006,0.0,0,1
389.0,45.605,50.493,21.729,1.5,1.5,14,2,-0.006,0.0,0,1
389.2,45.594,50.506,21.868,1.5,1.5,14,2,-0.011,0.0,0,1
389.4,45.587,50.516,21.91,1.5,1.5,14,2,-0.007,0.0,0,1
389.6,45.583,50.527,21.927,1.5,1.5,14,2,-0.004,0.0,0,1
389.8,45.593,50.544,21.838,1.5,1.5,14,2,0.01,0.0,0,1
390.0,45.604,50.545,21.835,1.5,1.5,14,2,0.011,0.0,0,1
390.2,45.595,50.559,21.991,1.5,1.5,14,2,-0.009,0.0,0,1
390.4,45.598,50.583,22.029,1.5,1.5,14,2,0.003,0.0,0,1
390.6,45.575,50.6,22.102,1.5,1.5,14,2,-0.023,0.0,0,1
390.8,45.568,50.602,22.311,1.5,1.5,14,2,-0.007,0.0,0,1
391.0,45.552,50.614,22.525,1.5,1.5,14,2,-0.016,0.0,0,1
391.2,45.553,50.636,22.674,1.5,1.5,14,2,0.001,0.0,0,1
391.4,45.547,50.648,22.671,1.5,1.5,14,2,-0.006,0.0,0,1
391.6,45.544,50.67,22.659,1.5,1.5,14,2,-0.003,0.0,0,1
391.8,45.542,50.681,22.819,1.5,1.5,14,2,-0.001,0.001,0,1
392.0,45.545,50.699,22.795,1.5,1.5,14,2,0.003,0.0,0,1
392.2,45.548,50.714,22.751,1.5,1.5,14,2,0.003,0.0,0,1
392.4,45.542,50.737,22.844,1.5,1.5,14,2,-0.006,0.0,0,1
392.6,45.54,50.749,22.797,1.5,1.5,14,2,-0.002,0.0,0,1
392.8,45.536,50.751,22.745,1.5,1.5,14,2,-0.005,0.0,0,1
393.0,45.526,50.757,22.713,1.5,1.5,14,2,-0.009,0.0,0,1
393.2,45.538,50.772,22.576,1.5,1.5,14,2,0.012,0.0,0,1
393.4,45.538,50.774,22.519,1.5,1.5,14,2,-0.0,0.0,0,1
393.6,45.549,50.799,22.469,1.5,1.5,14,2,0.011,0.0,0,1
393.8,45.554,50.805,22.362,1.5,1.5,14,2,0.005,0.0,0,1
394.0,45.56,50.818,22.347,1.5,1.5,14,2,0.006,0.0,0,1
394.2,45.57,50.833,22.087,1.5,1.5,14,2,0.01,0.0,0,1
394.4,45.582,50.838,21.94,1.5,1.5,14,2,0.011,0.0,0,1
394.6,45.576,50.842,22.05,1.5,1.5,14,2,-0.006,0.0,0,1
394.8,45.577,50.849,21.952,1.5,1.5,14,2,0.002,0.0,0,1
395.0,45.578,50.857,22.034,1.5,1.5,14,2,0.0,0.0,0,1
395.2,45.568,50.859,22.058,1.5,1.5,14,2,-0.01,0.0,0,1
395.4,45.55,50.859,22.211,1.5,1.5,14,2,-0.017,0.0,0,1
395.6,45.539,50.842,22.243,1.5,1.5,14,2,-0.011,0.0,0,1
395.8,45.525,50.821,22.28,1.5,1.5,14,2,-0.014,0.0,0,1
396.0,45.511,50.824,22.437,1.5,1.5,14,2,-0.014,0.001,0,1
396.2,45.495,50.816,22.591,1.5,1.5,14,2,-0.016,0.001,0,1
396.4,45.482,50.788,22.687,1.5,1.5,14,2,-0.013,0.001,0,1
396.6,45.469,50.782,22.69,1.5,1.5,14,2,-0.013,0.001,0,1
396.8,45.472,50.762,22.602,1.5,1.5,14,2,0.003,0.001,0,1
397.0,45.47,50.76,22.769,1.5,1.5,14,2,-0.002,0.001,0,1
397.2,45.466,50.756,22.834,1.5,1.5,14,2,-0.004,0.001,0,1
397.4,45.477,50.746,22.625,1.5,1.5,14,2,0.011,0.001,0,1
397.6,45.493,50.736,22.573,1.5,1.5,14,2,0.016,0.0,0,1
397.8,45.479,50.712,22.575,1.5,1.5,14,2,-0.014,0.0,0,1
398.0,45.5,50.717,22.326,1.5,1.5,14,2,0.021,0.0,0,1
398.2,45.5,50.708,22.238,1.5,1.5,14,2,-0.0,0.0,0,1
398.4,45.507,50.71,22.272,1.5,1.5,14,2,0.008,0.0,0,1
398.6,45.514,50.703,22.156,1.5,1.5,14,2,0.007,0.0,0,1
398.8,45.511,50.711,22.16,1.5,1.5,14,2,-0.004,0.0,0,1
399.0,45.522,50.696,22.023,1.5,1.5,14,2,0.011,0.0,0,1
399.2,45.538,50.682,21.818,1.5,1.5,14,2,0.017,0.0,0,1
399.4,45.544,50.678,21.769,1.5,1.5,14,2,0.006,0.0,0,1
399.6,45.543,50.67,21.682,1.5,1.5,14,2,-0.001,0.0,0,1
399.8,45.532,50.66,21.738,1.5,1.5,14,2,-0.01,0.0,0,1
400.0,45.526,50.663,21.644,1.5,1.5,14,2,-0.006,0.0,0,1
400.2,45.526,50.659,21.51,1.5,1.5,14,2,-0.0,0.0,0,1
400.4,45.518,50.654,21.533,1.5,1.5,14,2,-0.007,0.0,0,1
400.6,45.521,50.634,21.586,1.5,1.5,14,2,0.003,0.0,0,1
400.8,45.531,50.631,21.401,1.5,1.5,14,2,0.01,0.0,0,1
401.0,45.527,50.634,21.392,1.5,1.5,14,2,-0.005,0.0,0,1
401.2,45.537,50.636,21.214,1.5,1.5,14,2,0.01,0.0,0,1
401.4,45.543,50.636,21.088,1.5,1.5,14,2,0.006,0.0,0,1
401.6,45.564,50.635,20.867,1.5,1.5,14,2,0.021,0.0,0,1
401.8,45.582,50.632,20.51,1.5,1.5,14,2,0.018,0.0,0,1
402.0,45.58,50.631,20.498,1.5,1.5,14,2,-0.002,0.001,0,1
402.2,45.588,50.633,20.406,1.5,1.5,14,2,0.008,0.001,0,1
402.4,45.605,50.615,20.21,1.5,1.5,14,2,0.016,0.001,0,1
402.6,45.61,50.611,20.387,1.5,1.5,14,2,0.005,0.001,0,1
402.8,45.609,50.612,20.26,1.5,1.5,14,2,-0.0,0.001,0,1
403.0,45.612,50.608,20.224,1.5,1.5,14,2,0.003,0.001,0,1
403.2,45.613,50.619,20.238,1.5,1.5,14,2,0.001,0.001,0,1
403.4,45.609,50.61,20.227,1.5,1.5,14,2,-0.004,0.0,0,1
403.6,45.628,50.616,20.117,1.5,1.5,14,2,0.019,0.0,0,1
403.8,45.642,50.622,20.016,1.5,1.5,14,2,0.014,0.0,0,1
404.0,45.661,50.619,19.988,1.5,1.5,14,2,0.019,0.0,0,1
404.2,45.664,50.624,19.952,1.5,1.5,14,2,0.002,0.0,0,1
404.4,45.672,50.616,19.906,1.5,1.5,14,2,0.008,0.001,0,1
404.6,45.672,50.63,20.042,1.5,1.5,14,2,0.001,0.001,0,1
404.8,45.667,50.624,19.991,1.5,1.5,14,2,-0.006,0.001,0,1
405.0,45.672,50.624,19.91,1.5,1.5,14,2,0.005,0.001,0,1
405.2,45.68,50.601,19.744,1.5,1.5,14,2,0.008,0.0,0,1
405.4,45.696,50.598,19.735,1.5,1.5,14,2,0.017,0.0,0,1
405.6,45.691,50.604,19.728,1.5,1.5,14,2,-0.006,0.0,0,1
405.8,45.698,50.615,19.621,1.5,1.5,14,2,0.007,0.0,0,1
406.0,45.718,50.612,19.516,1.5,1.5,14,2,0.02,0.0,0,1
406.2,45.714,50.609,19.487,1.5,1.5,14,2,-0.004,0.0,0,1
406.4,45.719,50.619,19.504,1.5,1.5,14,2,0.005,0.0,0,1
406.6,45.717,50.612,19.52,1.5,1.5,14,2,-0.002,0.0,0,1
406.8,45.706,50.611,19.585,1.5,1.5,14,2,-0.011,0.0,0,1
407.0,45.707,50.611,19.612,1.5,1.5,14,2,0.001,0.0,0,1
407.2,45.716,50.621,19.69,1.5,1.5,14,2,0.008,0.0,0,1
407.4,45.705,50.611,19.666,1.5,1.5,14,2,-0.011,0.0,0,1
407.6,45.693,50.606,19.744,1.5,1.5,14,2,-0.012,0.0,0,1
407.8,45.702,50.588,19.542,1.5,1.5,14,2,0.008,0.0,0,1
408.0,45.695,50.565,19.607,1.5,1.5,14,2,-0.007,0.0,0,1
408.2,45.7,50.562,19.674,1.5,1.5,14,2,0.005,0.0,0,1
408.4,45.698,50.557,19.604,1.5,1.5,14,2,-0.002,0.0,0,1
408.6,45.707,50.549,19.62,1.5,1.5,14,2,0.009,0.0,0,1
408.8,45.714,50.547,19.35,1.5,1.5,14,2,0.007,0.0,0,1
409.0,45.717,50.544,19.406,1.5,1.5,14,2,0.003,0.0,0,1
409.2,45.723,50.543,19.521,1.5,1.5,14,2,0.006,0.0,0,1
409.4,45.726,50.543,19.479,1.5,1.5,14,2,0.002,0.0,0,1
409.6,45.714,50.543,19.518,1.5,1.5,14,2,-0.011,0.0,0,1
409.8,45.723,50.537,19.549,1.5,1.5,14,2,0.009,0.0,0,1
410.0,45.727,50.537,19.517,1.5,1.5,14,2,0.004,0.0,0,1
410.2,45.73,50.531,19.557,1.5,1.5,14,2,0.004,0.0,0,1
410.4,45.739,50.518,19.485,1.5,1.5,14,2,0.009,0.0,0,1
410.6,45.757,50.526,19.203,1.5,1.5,14,2,0.018,0.0,0,1
410.8,45.756,50.529,19.29,1.5,1.5,14,2,-0.0,0.0,0,1
411.0,45.773,50.524,18.961,1.5,1.5,14,2,0.017,0.0,0,1
411.2,45.772,50.522,19.008,1.5,1.5,14,2,-0.001,0.0,0,1
411.4,45.77,50.521,19.072,1.5,1.5,14,2,-0.002,0.0,0,1
411.6,45.765,50.502,18.995,1.5,1.5,14,2,-0.005,0.0,0,1
411.8,45.764,50.491,19.009,1.5,1.5,14,2,-0.001,0.0,0,1
412.0,45.74,50.48,19.085,1.5,1.5,14,2,-0.024,0.0,0,1
412.2,45.723,50.474,19.235,1.5,1.5,14,2,-0.017,0.0,0,1
412.4,45.72,50.459,19.169,1.5,1.5,14,2,-0.003,0.0,0,1
412.6,45.712,50.459,19.165,1.5,1.5,14,2,-0.008,0.001,0,1
412.8,45.704,50.444,19.276,1.5,1.5,14,2,-0.008,0.001,0,1
413.0,45.705,50.427,19.258,1.5,1.5,14,2,0.001,0.001,0,1
413.2,45.698,50.425,19.356,1.5,1.5,14,2,-0.007,0.001,0,1
413.4,45.694,50.418,19.422,1.5,1.5,14,2,-0.004,0.001,0,1
413.6,45.686,50.416,19.528,1.5,1.5,14,2,-0.008,0.0,0,1
413.8,45.673,50.407,19.587,1.5,1.5,14,2,-0.013,0.0,0,1
414.0,45.676,50.406,19.701,1.5,1.5,14,2,0.003,0.0,0,1
414.2,45.667,50.4,19.764,1.5,1.5,14,2,-0.009,0.0,0,1
414.4,45.661,50.402,19.767,1.5,1.5,14,2,-0.005,0.0,0,1
414.6,45.657,50.395,19.826,1.5,1.5,14,2,-0.004,0.0,0,1
414.8,45.655,50.39,19.788,1.5,1.5,14,2,-0.002,0.0,0,1
415.0,45.652,50.392,19.857,1.5,1.5,14,2,-0.003,0.0,0,1
415.2,45.654,50.373,19.757,1.5,1.5,14,2,0.002,0.0,0,1
415.4,45.638,50.361,19.819,1.5,1.5,14,2,-0.015,0.0,0,1
415.6,45.639,50.365,19.935,1.5,1.5,14,2,0.0,0.0,0,1
415.8,45.64,50.361,19.813,1.5,1.5,14,2,0.001,0.0,0,1
416.0,45.645,50.366,19.869,1.5,1.5,14,2,0.006,0.0,0,1
416.2,45.633,50.358,20.136,1.5,1.5,14,2,-0.012,0.0,0,1
416.4,45.628,50.364,20.057,1.5,1.5,14,2,-0.005,0.0,0,1
416.6,45.625,50.359,20.174,1.5,1.5,14,2,-0.004,0.0,0,1
416.8,45.632,50.364,20.168,1.5,1.5,14,2,0.007,0.0,0,1
417.0,45.637,50.369,20.128,1.5,1.5,14,2,0.005,0.0,0,1
417.2,45.645,50.37,20.139,1.5,1.5,14,2,0.008,0.0,0,1
417.4,45.634,50.383,20.217,1.5,1.5,14,2,-0.011,0.0,0,1
417.6,45.615,50.374,20.319,1.5,1.5,14,2,-0.019,0.0,0,1
417.8,45.608,50.37,20.296,1.5,1.5,14,2,-0.007,0.0,0,1
418.0,45.6,50.379,20.219,1.5,1.5,14,2,-0.009,0.0,0,1
418.2,45.6,50.378,20.172,1.5,1.5,14,2,0.001,0.0,0,1
418.4,45.597,50.371,20.112,1.5,1.5,14,2,-0.004,0.0,0,1
418.6,45.594,50.369,20.148,1.5,1.5,14,2,-0.003,0.0,0,1
418.8,45.604,50.398,20.032,1.5,1.5,14,2,0.01,0.0,0,1
419.0,45.604,50.4,20.081,1.5,1.5,14,2,0.001,0.0,0,1
419.2,45.613,50.412,20.002,1.5,1.5,14,2,0.009,0.0,0,1
419.4,45.614,50.425,19.978,1.5,1.5,14,2,0.001,0.0,0,1
419.6,45.614,50.447,19.925,1.5,1.5,14,2,-0.0,0.0,0,1
419.8,45.614,50.458,20.175,1.5,1.5,14,2,0.0,0.0,0,1
420.0,45.604,50.473,20.354,1.5,1.5,14,2,-0.01,0.0,0,1
420.2,45.613,50.49,20.361,1.5,1.5,14,2,0.009,0.0,0,1
420.4,45.618,50.494,20.211,1.5,1.5,14,2,0.005,0.0,0,1
420.6,45.61,50.491,20.296,1.5,1.5,14,2,-0.007,0.0,0,1
420.8,45.587,50.49,20.484,1.5,1.5,14,2,-0.023,0.0,0,1
421.0,45.594,50.485,20.485,1.5,1.5,14,2,0.007,0.0,0,1
421.2,45.591,50.495,20.44,1.5,1.5,14,2,-0.003,0.0,0,1
421.4,45.593,50.495,20.529,1.5,1.5,14,2,0.002,0.0,0,1
421.6,45.592,50.483,20.587,1.5,1.5,14,2,-0.002,0.0,0,1
421.8,45.586,50.474,20.642,1.5,1.5,14,2,-0.006,0.0,0,1
422.0,45.575,50.479,20.842,1.5,1.5,14,2,-0.011,0.0,0,1
422.2,45.562,50.478,20.926,1.5,1.5,14,2,-0.013,0.0,0,1
422.4,45.552,50.481,21.056,1.5,1.5,14,2,-0.01,0.0,0,1
422.6,45.551,50.493,21.033,1.5,1.5,14,2,-0.002,0.0,0,1
422.8,45.549,50.498,21.192,1.5,1.5,14,2,-0.002,0.0,0,1
423.0,45.539,50.498,21.316,1.5,1.5,14,2,-0.01,0.0,0,1
423.2,45.542,50.497,21.304,1.5,1.5,14,2,0.003,0.0,0,1
423.4,45.529,50.506,21.281,1.5,1.5,14,2,-0.013,0.0,0,1
423.6,45.532,50.512,21.387,1.5,1.5,14,2,0.002,0.0,0,1
423.8,45.538,50.517,21.3,1.5,1.5,14,2,0.006,0.0,0,1
424.0,45.556,50.534,21.208,1.5,1.5,14,2,0.018,0.0,0,1
424.2,45.539,50.544,21.381,1.5,1.5,14,2,-0.017,0.0,0,1
424.4,45.526,50.547,21.518,1.5,1.5,14,2,-0.013,0.0,0,1
424.6,45.504,50.558,21.614,1.5,1.5,14,2,-0.022,0.0,0,1
424.8,45.506,50.562,21.583,1.5,1.5,14,2,0.002,0.0,0,1
425.0,45.497,50.571,21.613,1.5,1.5,14,2,-0.009,0.0,0,1
425.2,45.479,50.57,21.8,1.5,1.5,14,2,-0.018,0.0,0,1
425.4,45.476,50.575,21.909,1.5,1.5,14,2,-0.003,0.001,0,1
425.6,45.462,50.589,22.043,1.5,1.5,14,2,-0.014,0.001,0,1
425.8,45.45,50.6,22.152,1.5,1.5,14,2,-0.012,0.001,0,1
426.0,45.444,50.604,22.186,1.5,1.5,14,2,-0.006,0.001,0,1
426.2,45.428,50.617,22.208,1.5,1.5,14,2,-0.015,0.001,0,1
426.4,45.424,50.631,22.306,1.5,1.5,14,2,-0.004,0.001,0,1
426.6,45.42,50.626,22.425,1.5,1.5,14,2,-0.005,0.001,0,1
426.8,45.405,50.631,22.53,1.5,1.5,14,2,-0.014,0.001,0,1
427.0,45.39,50.63,22.642,1.5,1.5,14,2,-0.015,0.001,0,1
427.2,45.385,50.638,22.677,1.5,1.5,14,2,-0.005,0.001,0,1
427.4,45.372,50.638,22.585,1.5,1.5,14,2,-0.014,0.001,0,1
427.6,45.371,50.658,22.602,1.5,1.5,14,2,-0.001,0.001,0,1
427.8,45.357,50.663,22.703,1.5,1.5,14,2,-0.014,0.001,0,1
428.0,45.349,50.66,22.783,1.5,1.5,14,2,-0.008,0.001,0,1
428.2,45.344,50.667,22.821,1.5,1.5,14,2,-0.005,0.001,0,1
428.4,45.334,50.66,22.792,1.5,1.5,14,2,-0.01,0.001,0,1
428.6,45.344,50.669,22.822,1.5,1.5,14,2,0.01,0.0,0,1
428.8,45.34,50.672,22.696,1.5,1.5,14,2,-0.005,0.0,0,1
429.0,45.348,50.679,22.654,1.5,1.5,14,2,0.008,0.0,0,1
429.2,45.358,50.686,22.483,1.5,1.5,14,2,0.01,0.0,0,1
429.4,45.361,50.67,22.376,1.5,1.5,14,2,0.003,0.0,0,1
429.6,45.36,50.676,22.385,1.5,1.5,14,2,-0.0,0.0,0,1
429.8,45.36,50.682,22.275,1.5,1.5,14,2,-0.001,0.0,0,1
430.0,45.372,50.686,22.299,1.5,1.5,14,2,0.012,0.0,0,1
430.2,45.364,50.686,22.422,1.5,1.5,14,2,-0.008,0.0,0,1
430.4,45.348,50.688,22.583,1.5,1.5,14,2,-0.016,0.0,0,1
430.6,45.357,50.678,22.508,1.5,1.5,14,2,0.009,0.0,0,1
430.8,45.355,50.667,22.518,1.5,1.5,14,2,-0.002,0.0,0,1
431.0,45.367,50.665,22.384,1.5,1.5,14,2,0.012,0.0,0,1
431.2,45.355,50.654,22.339,1.5,1.5,14,2,-0.012,0.0,0,1
431.4,45.353,50.649,22.202,1.5,1.5,14,2,-0.002,0.0,0,1
431.6,45.354,50.641,22.274,1.5,1.5,14,2,0.001,0.0,0,1
431.8,45.37,50.638,22.097,1.5,1.5,14,2,0.016,0.0,0,1
432.0,45.394,50.635,21.965,1.5,1.5,14,2,0.024,0.0,0,1
432.2,45.389,50.622,21.825,1.5,1.5,14,2,-0.005,0.0,0,1
432.4,45.39,50.599,21.655,1.5,1.5,14,2,0.001,0.0,0,1
432.6,45.389,50.598,21.687,1.5,1.5,14,2,-0.002,0.0,0,1
432.8,45.393,50.583,21.607,1.5,1.5,14,2,0.004,0.0,0,1
433.0,45.418,50.575,21.298,1.5,1.5,14,2,0.025,0.0,0,1
433.2,45.422,50.574,21.266,1.5,1.5,14,2,0.004,0.0,0,1
433.4,45.425,50.562,21.307,1.5,1.5,14,2,0.003,0.0,0,1
433.6,45.438,50.545,21.115,1.5,1.5,14,2,0.013,0.0,0,1
433.8,45.444,50.536,21.095,1.5,1.5,14,2,0.006,0.0,0,1
434.0,45.442,50.52,20.921,1.5,1.5,14,2,-0.002,0.0,0,1
434.2,45.457,50.506,20.791,1.5,1.5,14,2,0.015,0.001,0,1
434.4,45.466,50.499,20.703,1.5,1.5,14,2,0.009,0.001,0,1
434.6,45.483,50.491,20.611,1.5,1.5,14,2,0.017,0.001,0,1
434.8,45.475,50.473,20.679,1.5,1.5,14,2,-0.008,0.0,0,1
435.0,45.478,50.468,20.592,1.5,1.5,14,2,0.003,0.0,0,1
435.2,45.485,50.455,20.366,1.5,1.5,14,2,0.008,0.0,0,1
435.4,45.481,50.454,20.366,1.5,1.5,14,2,-0.005,0.0,0,1
435.6,45.49,50.449,20.367,1.5,1.5,14,2,0.009,0.0,0,1
435.8,45.496,50.439,20.257,1.5,1.5,14,2,0.006,0.0,0,1
436.0,45.51,50.432,20.099,1.5,1.5,14,2,0.014,0.0,0,1
436.2,45.524,50.439,19.911,1.5,1.5,14,2,0.014,0.0,0,1
436.4,45.528,50.451,19.907,1.5,1.5,14,2,0.004,0.0,0,1
436.6,45.526,50.455,19.854,1.5,1.5,14,2,-0.001,0.0,0,1
436.8,45.521,50.465,19.986,1.5,1.5,14,2,-0.005,0.0,0,1
437.0,45.517,50.482,19.987,1.5,1.5,14,2,-0.003,0.0,0,1
437.2,45.523,50.477,19.931,1.5,1.5,14,2,0.005,0.0,0,1
437.4,45.525,50.489,19.916,1.5,1.5,14,2,0.002,0.0,0,1
437.6,45.522,50.502,19.952,1.5,1.5,14,2,-0.002,0.0,0,1
437.8,45.531,50.514,19.769,1.5,1.5,14,2,0.009,0.0,0,1
438.0,45.539,50.531,19.753,1.5,1.5,14,2,0.008,0.0,0,1
438.2,45.53,50.541,19.697,1.5,1.5,14,2,-0.009,0.0,0,1
438.4,45.522,50.539,19.783,1.5,1.5,14,2,-0.008,0.0,0,1
438.6,45.528,50.55,19.759,1.5,1.5,14,2,0.006,0.0,0,1
438.8,45.537,50.577,19.747,1.5,1.5,14,2,0.008,0.0,0,1
439.0,45.528,50.585,19.735,1.5,1.5,14,2,-0.009,0.0,0,1
439.2,45.515,50.596,19.762,1.5,1.5,14,2,-0.014,0.0,0,1
439.4,45.504,50.607,19.825,1.5,1.5,14,2,-0.011,0.0,0,1
439.6,45.493,50.613,19.829,1.5,1.5,14,2,-0.011,0.0,0,1
439.8,45.489,50.629,19.969,1.5,1.5,14,2,-0.005,0.0,0,1
440.0,45.485,50.646,19.949,1.5,1.5,14,2,-0.004,0.0,0,1
440.2,45.487,50.656,20.023,1.5,1.5,14,2,0.002,0.0,0,1
440.4,45.488,50.661,20.193,1.5,1.5,14,2,0.001,0.0,0,1
440.6,45.487,50.668,20.237,1.5,1.5,14,2,-0.001,0.0,0,1
440.8,45.477,50.681,20.307,1.5,1.5,14,2,-0.01,0.0,0,1
441.0,45.473,50.697,20.318,1.5,1.5,14,2,-0.005,0.0,0,1
441.2,45.458,50.699,20.501,1.5,1.5,14,2,-0.015,0.0,0,1
441.4,45.456,50.694,20.465,1.5,1.5,14,2,-0.002,0.0,0,1
441.6,45.455,50.701,20.53,1.5,1.5,14,2,-0.001,0.0,0,1
441.8,45.44,50.702,20.543,1.5,1.5,14,2,-0.015,0.0,0,1
442.0,45.438,50.711,20.532,1.5,1.5,14,2,-0.001,0.0,0,1
442.2,45.424,50.712,20.58,1.5,1.5,14,2,-0.014,0.0,0,1
442.4,45.418,50.712,20.516,1.5,1.5,14,2,-0.006,0.0,0,1
442.6,45.413,50.706,20.583,1.5,1.5,14,2,-0.005,0.0,0,1
442.8,45.397,50.696,20.593,1.5,1.5,14,2,-0.016,0.001,0,1
443.0,45.393,50.687,20.698,1.5,1.5,14,2,-0.004,0.001,0,1
443.2,45.389,50.696,20.751,1.5,1.5,14,2,-0.004,0.001,0,1
443.4,45.398,50.69,20.56,1.5,1.5,14,2,0.009,0.0,0,1
443.6,45.386,50.692,20.64,1.5,1.5,14,2,-0.012,0.0,0,1
443.8,45.392,50.667,20.629,1.5,1.5,14,2,0.006,0.0,0,1
444.0,45.38,50.649,20.721,1.5,1.5,14,2,-0.012,0.0,0,1
444.2,45.381,50.666,20.751,1.5,1.5,14,2,0.001,0.0,0,1
444.4,45.367,50.655,20.814,1.5,1.5,14,2,-0.013,0.0,0,1
444.6,45.363,50.648,20.941,1.5,1.5,14,2,-0.005,0.0,0,1
444.8,45.351,50.637,21.042,1.5,1.5,14,2,-0.011,0.0,0,1
445.0,45.347,50.627,21.099,1.5,1.5,14,2,-0.004,0.0,0,1
445.2,45.358,50.621,21.074,1.5,1.5,14,2,0.011,0.0,0,1
445.4,45.361,50.628,21.125,1.5,1.5,14,2,0.003,0.0,0,1
445.6,45.376,50.626,21.113,1.5,1.5,14,2,0.016,0.0,0,1
445.8,45.365,50.628,21.299,1.5,1.5,14,2,-0.011,0.0,0,1
446.0,45.385,50.621,21.251,1.5,1.5,14,2,0.019,0.0,0,1
446.2,45.392,50.606,21.13,1.5,1.5,14,2,0.007,0.0,0,1
446.4,45.406,50.582,20.95,1.5,1.5,14,2,0.015,0.0,0,1
446.6,45.423,50.557,20.728,1.5,1.5,14,2,0.017,0.001,0,1
446.8,45.424,50.549,20.582,1.5,1.5,14,2,0.0,0.001,0,1
447.0,45.419,50.548,20.525,1.5,1.5,14,2,-0.005,0.001,0,1
447.2,45.431,50.546,20.444,1.5,1.5,14,2,0.012,0.001,0,1
447.4,45.443,50.545,20.255,1.5,1.5,14,2,0.013,0.001,0,1
447.6,45.442,50.511,20.25,1.5,1.5,14,2,-0.002,0.001,0,1
447.8,45.442,50.496,20.106,1.5,1.5,14,2,0.001,0.0,0,1
448.0,45.436,50.488,20.177,1.5,1.5,14,2,-0.007,0.0,0,1
448.2,45.434,50.48,20.185,1.5,1.5,14,2,-0.002,0.0,0,1
448.4,45.429,50.481,20.25,1.5,1.5,14,2,-0.005,0.0,0,1
448.6,45.424,50.469,20.291,1.5,1.5,14,2,-0.005,0.0,0,1
448.8,45.416,50.475,20.39,1.5,1.5,14,2,-0.008,0.0,0,1
449.0,45.416,50.46,20.402,1.5,1.5,14,2,0.0,0.0,0,1
449.2,45.425,50.465,20.48,1.5,1.5,14,2,0.009,0.0,0,1
449.4,45.428,50.463,20.425,1.5,1.5,14,2,0.003,0.0,0,1
449.6,45.441,50.455,20.374,1.5,1.5,14,2,0.013,0.0,0,1
449.8,45.441,50.455,20.562,1.5,1.5,14,2,-0.0,0.0,0,1
450.0,45.438,50.46,20.605,1.5,1.5,14,2,-0.003,0.0,0,1
450.2,45.447,50.464,20.538,1.5,1.5,14,2,0.009,0.0,0,1
450.4,45.457,50.455,20.556,1.5,1.5,14,2,0.01,0.0,0,1
450.6,45.47,50.458,20.521,1.5,1.5,14,2,0.012,0.0,0,1
450.8,45.466,50.449,20.471,1.5,1.5,14,2,-0.003,0.0,0,1
451.0,45.469,50.458,20.654,1.5,1.5,14,2,0.003,0.0,0,1
451.2,45.477,50.456,20.613,1.5,1.5,14,2,0.007,0.0,0,1
451.4,45.472,50.473,20.651,1.5,1.5,14,2,-0.004,0.0,0,1
451.6,45.477,50.474,20.729,1.5,1.5,14,2,0.005,0.0,0,1
451.8,45.475,50.491,20.84,1.5,1.5,14,2,-0.002,0.0,0,1
452.0,45.487,50.492,20.858,1.5,1.5,14,2,0.013,0.0,0,1
452.2,45.5,50.511,20.856,1.5,1.5,14,2,0.013,0.0,0,1
452.4,45.484,50.52,20.988,1.5,1.5,14,2,-0.016,0.0,0,1
452.6,45.483,50.524,21.137,1.5,1.5,14,2,-0.001,0.0,0,1
452.8,45.489,50.514,21.048,1.5,1.5,14,2,0.006,0.0,0,1
453.0,45.472,50.513,21.169,1.5,1.5,14,2,-0.017,0.0,0,1
453.2,45.49,50.511,20.941,1.5,1.5,14,2,0.018,0.0,0,1
453.4,45.492,50.523,21.001,1.5,1.5,14,2,0.002,0.0,0,1
453.6,45.493,50.535,20.932,1.5,1.5,14,2,0.002,0.0,0,1
453.8,45.496,50.539,20.968,1.5,1.5,14,2,0.002,0.0,0,1
454.0,45.511,50.539,20.887,1.5,1.5,14,2,0.015,0.0,0,1
454.2,45.519,50.546,20.882,1.5,1.5,14,2,0.008,0.0,0,1
454.4,45.52,50.546,20.874,1.5,1.5,14,2,0.001,0.0,0,1
454.6,45.529,50.555,20.772,1.5,1.5,14,2,0.009,0.0,0,1
454.8,45.539,50.559,20.751,1.5,1.5,14,2,0.01,0.0,0,1
455.0,45.552,50.556,20.533,1.5,1.5,14,2,0.013,0.0,0,1
455.2,45.543,50.547,20.714,1.5,1.5,14,2,-0.009,0.0,0,1
455.4,45.553,50.558,20.64,1.5,1.5,14,2,0.01,0.0,0,1
455.6,45.562,50.564,20.602,1.5,1.5,14,2,0.009,0.0,0,1
