fix_time,mean_snr,max_snr,var_snr,hdop,pdop,tracked_satellites,fix_quality,delta_mean_snr,rolling_var_snr,spoof_flag_raw,known_spoof_window
26.8,46.691,52.192,25.991,1.5,1.5,14,2,0.0,0.0,0,0
27.0,46.675,52.191,26.275,1.5,1.5,14,2,-0.017,0.0,0,0
27.2,46.662,52.18,26.32,1.5,1.5,14,2,-0.013,0.0,0,0
27.4,46.664,52.202,26.476,1.5,1.5,14,2,0.002,0.0,0,0
27.6,46.67,52.204,26.379,1.5,1.5,14,2,0.006,0.0,0,0
27.8,46.663,52.209,26.495,1.5,1.5,14,2,-0.007,0.0,0,0
28.0,46.661,52.205,26.392,1.5,1.5,14,2,-0.002,0.0,0,0
28.2,46.672,52.203,26.317,1.5,1.5,14,2,0.011,0.0,0,0
28.4,46.682,52.208,26.19,1.5,1.5,14,2,0.01,0.0,0,0
28.6,46.685,52.205,26.041,1.5,1.5,14,2,0.003,0.0,0,0
28.8,46.684,52.208,26.131,1.5,1.5,14,2,-0.001,0.0,0,0
29.0,46.688,52.198,26.003,1.5,1.5,14,2,0.004,0.0,0,0
29.2,46.686,52.191,26.106,1.5,1.5,14,2,-0.001,0.0,0,0
29.4,46.681,52.194,26.166,1.5,1.5,14,2,-0.006,0.0,0,0
29.6,46.678,52.194,26.09,1.5,1.5,14,2,-0.003,0.0,0,0
29.8,46.682,52.197,26.115,1.5,1.5,14,2,0.004,0.0,0,0
30.0,46.693,52.187,25.866,1.5,1.5,14,2,0.011,0.0,0,0
30.2,46.692,52.178,25.952,1.5,1.5,14,2,-0.001,0.0,0,0
30.4,46.684,52.172,26.02,1.5,1.5,14,2,-0.007,0.0,0,0
30.6,46.681,52.166,26.106,1.5,1.5,14,2,-0.003,0.0,0,0
30.8,46.676,52.166,26.094,1.5,1.5,14,2,-0.006,0.0,0,0
31.0,46.67,52.18,26.199,1.5,1.5,14,2,-0.006,0.0,0,0
31.2,46.662,52.163,26.138,1.5,1.5,14,2,-0.008,0.0,0,0
31.4,46.637,52.148,26.198,1.5,1.5,14,2,-0.025,0.0,0,0
31.6,46.629,52.15,26.352,1.5,1.5,14,2,-0.008,0.0,0,0
31.8,46.627,52.145,26.371,1.5,1.5,14,2,-0.002,0.001,0,0
32.0,46.631,52.137,26.212,1.5,1.5,14,2,0.004,0.001,0,0
32.2,46.616,52.14,26.361,1.5,1.5,14,2,-0.015,0.001,0,0
32.4,46.603,52.137,26.418,1.5,1.5,14,2,-0.013,0.001,0,0
32.6,46.601,52.137,26.429,1.5,1.5,14,2,-0.001,0.001,0,0
32.8,46.604,52.134,26.337,1.5,1.5,14,2,0.002,0.001,0,0
33.0,46.607,52.133,26.113,1.5,1.5,14,2,0.003,0.0,0,0
33.2,46.619,52.13,26.032,1.5,1.5,14,2,0.012,0.0,0,0
33.4,46.617,52.113,25.825,1.5,1.5,14,2,-0.002,0.0,0,0
33.6,46.621,52.107,25.741,1.5,1.5,14,2,0.005,0.0,0,0
33.8,46.627,52.075,25.566,1.5,1.5,14,2,0.006,0.0,0,0
34.0,46.618,52.067,25.464,1.5,1.5,14,2,-0.009,0.0,0,0
34.2,46.62,52.051,25.349,1.5,1.5,14,2,0.002,0.0,0,0
34.4,46.634,52.025,25.08,1.5,1.5,14,2,0.014,0.0,0,0
34.6,46.647,52.013,24.82,1.5,1.5,14,2,0.012,0.0,0,0
34.8,46.649,52.003,24.691,1.5,1.5,14,2,0.002,0.0,0,0
35.0,46.642,51.992,24.635,1.5,1.5,14,2,-0.007,0.0,0,0
35.2,46.654,51.986,24.445,1.5,1.5,14,2,0.012,0.0,0,0
35.4,46.645,51.976,24.463,1.5,1.5,14,2,-0.008,0.0,0,0
35.6,46.646,51.953,24.49,1.5,1.5,14,2,0.0,0.0,0,0
35.8,46.651,51.943,24.476,1.5,1.5,14,2,0.005,0.0,0,0
36.0,46.652,51.928,24.478,1.5,1.5,14,2,0.001,0.0,0,0
36.2,46.653,51.912,24.246,1.5,1.5,14,2,0.001,0.0,0,0
36.4,46.653,51.904,24.16,1.5,1.5,14,2,0.0,0.0,0,0
36.6,46.669,51.885,23.983,1.5,1.5,14,2,0.016,0.0,0,0
36.8,46.679,51.883,23.863,1.5,1.5,14,2,0.01,0.0,0,0
37.0,46.667,51.867,23.817,1.5,1.5,14,2,-0.012,0.0,0,0
37.2,46.681,51.863,23.569,1.5,1.5,14,2,0.014,0.0,0,0
37.4,46.69,51.855,23.497,1.5,1.5,14,2,0.009,0.0,0,0
37.6,46.699,51.841,23.338,1.5,1.5,14,2,0.009,0.0,0,0
37.8,46.712,51.834,23.214,1.5,1.5,14,2,0.014,0.0,0,0
38.0,46.714,51.822,23.169,1.5,1.5,14,2,0.002,0.0,0,0
38.2,46.714,51.816,23.095,1.5,1.5,14,2,0.0,0.0,0,0
38.4,46.715,51.8,23.019,1.5,1.5,14,2,0.001,0.0,0,0
38.6,46.726,51.803,22.986,1.5,1.5,14,2,0.011,0.0,0,0
38.8,46.721,51.791,23.043,1.5,1.5,14,2,-0.005,0.0,0,0
39.0,46.717,51.789,23.025,1.5,1.5,14,2,-0.004,0.0,0,0
39.2,46.714,51.799,23.153,1.5,1.5,14,2,-0.003,0.0,0,0
39.4,46.719,51.805,23.195,1.5,1.5,14,2,0.005,0.0,0,0
39.6,46.721,51.802,23.22,1.5,1.5,14,2,0.002,0.0,0,0
39.8,46.718,51.807,23.281,1.5,1.5,14,2,-0.004,0.0,0,0
40.0,46.721,51.815,23.403,1.5,1.5,14,2,0.004,0.0,0,0
40.2,46.712,51.814,23.632,1.5,1.5,14,2,-0.009,0.0,0,0
40.4,46.697,51.808,23.866,1.5,1.5,14,2,-0.014,0.0,0,0
40.6,46.687,51.817,24.0,1.5,1.5,14,2,-0.011,0.0,0,0
40.8,46.678,51.84,24.151,1.5,1.5,14,2,-0.009,0.0,0,0
41.0,46.666,51.841,24.292,1.5,1.5,14,2,-0.012,0.0,0,0
41.2,46.659,51.854,24.564,1.5,1.5,14,2,-0.008,0.001,0,0
41.4,46.666,51.862,24.508,1.5,1.5,14,2,0.007,0.001,0,0
41.6,46.658,51.873,24.723,1.5,1.5,14,2,-0.008,0.001,0,0
41.8,46.66,51.879,24.643,1.5,1.5,14,2,0.002,0.0,0,0
42.0,46.643,51.891,24.8,1.5,1.5,14,2,-0.017,0.0,0,0
42.2,46.646,51.904,24.908,1.5,1.5,14,2,0.003,0.0,0,0
42.4,46.642,51.914,24.936,1.5,1.5,14,2,-0.004,0.0,0,0
42.6,46.639,51.92,24.984,1.5,1.5,14,2,-0.004,0.0,0,0
42.8,46.63,51.921,25.028,1.5,1.5,14,2,-0.009,0.0,0,0
43.0,46.622,51.923,25.165,1.5,1.5,14,2,-0.007,0.0,0,0
43.2,46.634,51.932,25.048,1.5,1.5,14,2,0.011,0.0,0,0
43.4,46.627,51.955,25.08,1.5,1.5,14,2,-0.007,0.0,0,0
43.6,46.632,51.955,25.117,1.5,1.5,14,2,0.005,0.0,0,0
43.8,46.633,51.946,25.159,1.5,1.5,14,2,0.001,0.0,0,0
44.0,46.626,51.93,25.103,1.5,1.5,14,2,-0.007,0.0,0,0
44.2,46.624,51.923,25.021,1.5,1.5,14,2,-0.001,0.0,0,0
44.4,46.618,51.915,24.993,1.5,1.5,14,2,-0.006,0.0,0,0
44.6,46.615,51.908,24.906,1.5,1.5,14,2,-0.004,0.0,0,0
44.8,46.606,51.909,24.897,1.5,1.5,14,2,-0.008,0.0,0,0
45.0,46.607,51.9,24.682,1.5,1.5,14,2,0.001,0.0,0,0
45.2,46.609,51.9,24.63,1.5,1.5,14,2,0.002,0.0,0,0
45.4,46.618,51.911,24.515,1.5,1.5,14,2,0.009,0.0,0,0
45.6,46.631,51.912,24.409,1.5,1.5,14,2,0.013,0.0,0,0
45.8,46.624,51.918,24.373,1.5,1.5,14,2,-0.006,0.0,0,0
46.0,46.627,51.916,24.174,1.5,1.5,14,2,0.003,0.0,0,0
46.2,46.629,51.922,23.997,1.5,1.5,14,2,0.002,0.0,0,0
46.4,46.622,51.915,24.006,1.5,1.5,14,2,-0.007,0.0,0,0
46.6,46.627,51.922,24.058,1.5,1.5,14,2,0.005,0.0,0,0
46.8,46.619,51.926,24.128,1.5,1.5,14,2,-0.008,0.0,0,0
47.0,46.626,51.936,23.929,1.5,1.5,14,2,0.007,0.0,0,0
47.2,46.628,51.938,23.871,1.5,1.5,14,2,0.003,0.0,0,0
47.4,46.617,51.942,23.899,1.5,1.5,14,2,-0.012,0.0,0,0
47.6,46.609,51.951,23.932,1.5,1.5,14,2,-0.008,0.0,0,0
47.8,46.607,51.959,23.864,1.5,1.5,14,2,-0.002,0.0,0,0
48.0,46.604,51.973,23.944,1.5,1.5,14,2,-0.003,0.0,0,0
48.2,46.612,51.982,23.851,1.5,1.5,14,2,0.008,0.0,0,0
48.4,46.623,51.99,23.727,1.5,1.5,14,2,0.011,0.0,0,0
48.6,46.619,52.005,23.828,1.5,1.5,14,2,-0.004,0.0,0,0
48.8,46.626,52.015,23.756,1.5,1.5,14,2,0.007,0.0,0,0
49.0,46.635,52.038,23.58,1.5,1.5,14,2,0.009,0.0,0,0
49.2,46.635,52.049,23.612,1.5,1.5,14,2,-0.001,0.0,0,0
49.4,46.635,52.065,23.527,1.5,1.5,14,2,0.001,0.0,0,0
49.6,46.642,52.083,23.441,1.5,1.5,14,2,0.006,0.0,0,0
49.8,46.634,52.087,23.43,1.5,1.5,14,2,-0.008,0.0,0,0
50.0,46.641,52.102,23.284,1.5,1.5,14,2,0.007,0.0,0,0
50.2,46.642,52.108,23.2,1.5,1.5,14,2,0.001,0.0,0,0
50.4,46.651,52.114,23.108,1.5,1.5,14,2,0.009,0.0,0,0
50.6,46.654,52.118,22.897,1.5,1.5,14,2,0.002,0.0,0,0
50.8,46.661,52.124,22.785,1.5,1.5,14,2,0.007,0.0,0,0
51.0,46.663,52.136,22.562,1.5,1.5,14,2,0.002,0.0,0,0
51.2,46.671,52.133,22.484,1.5,1.5,14,2,0.008,0.0,0,0
51.4,46.666,52.136,22.371,1.5,1.5,14,2,-0.005,0.0,0,0
51.6,46.674,52.144,22.303,1.5,1.5,14,2,0.008,0.0,0,0
51.8,46.67,52.13,22.147,1.5,1.5,14,2,-0.004,0.0,0,0
52.0,46.687,52.123,22.001,1.5,1.5,14,2,0.017,0.0,0,0
52.2,46.692,52.11,21.902,1.5,1.5,14,2,0.005,0.0,0,0
52.4,46.69,52.107,21.843,1.5,1.5,14,2,-0.002,0.0,0,0
52.6,46.694,52.1,21.775,1.5,1.5,14,2,0.004,0.0,0,0
52.8,46.71,52.104,21.47,1.5,1.5,14,2,0.017,0.0,0,0
53.0,46.72,52.098,21.373,1.5,1.5,14,2,0.01,0.0,0,0
53.2,46.714,52.096,21.283,1.5,1.5,14,2,-0.007,0.0,0,0
53.4,46.724,52.088,21.205,1.5,1.5,14,2,0.01,0.0,0,0
53.6,46.738,52.088,21.054,1.5,1.5,14,2,0.014,0.0,0,0
53.8,46.74,52.07,20.83,1.5,1.5,14,2,0.002,0.0,0,0
54.0,46.744,52.068,20.794,1.5,1.5,14,2,0.005,0.0,0,0
54.2,46.743,52.047,20.667,1.5,1.5,14,2,-0.001,0.0,0,0
54.4,46.753,52.037,20.519,1.5,1.5,14,2,0.009,0.0,0,0
54.6,46.751,52.023,20.495,1.5,1.5,14,2,-0.002,0.0,0,0
54.8,46.764,52.012,20.377,1.5,1.5,14,2,0.013,0.0,0,0
55.0,46.773,52.007,20.21,1.5,1.5,14,2,0.009,0.0,0,0
55.2,46.781,51.992,20.128,1.5,1.5,14,2,0.008,0.0,0,0
55.4,46.789,51.975,19.982,1.5,1.5,14,2,0.007,0.0,0,0
55.6,46.791,51.965,19.962,1.5,1.5,14,2,0.002,0.0,0,0
55.8,46.793,51.951,19.924,1.5,1.5,14,2,0.002,0.0,0,0
56.0,46.8,51.929,19.79,1.5,1.5,14,2,0.006,0.0,0,0
56.2,46.802,51.92,19.745,1.5,1.5,14,2,0.002,0.0,0,0
56.4,46.798,51.905,19.71,1.5,1.5,14,2,-0.004,0.0,0,0
56.6,46.791,51.909,19.74,1.5,1.5,14,2,-0.006,0.0,0,0
56.8,46.807,51.905,19.673,1.5,1.5,14,2,0.016,0.0,0,0
57.0,46.806,51.886,19.669,1.5,1.5,14,2,-0.001,0.0,0,0
57.2,46.811,51.892,19.639,1.5,1.5,14,2,0.005,0.0,0,0
57.4,46.806,51.88,19.606,1.5,1.5,14,2,-0.006,0.0,0,0
57.6,46.799,51.861,19.685,1.5,1.5,14,2,-0.006,0.0,0,0
57.8,46.803,51.873,19.627,1.5,1.5,14,2,0.004,0.0,0,0
58.0,46.811,51.869,19.555,1.5,1.5,14,2,0.008,0.0,0,0
58.2,46.815,51.861,19.417,1.5,1.5,14,2,0.004,0.0,0,0
58.4,46.825,51.858,19.273,1.5,1.5,14,2,0.01,0.0,0,0
58.6,46.826,51.853,19.28,1.5,1.5,14,2,0.001,0.0,0,0
58.8,46.82,51.851,19.188,1.5,1.5,14,2,-0.006,0.0,0,0
59.0,46.818,51.839,19.245,1.5,1.5,14,2,-0.002,0.0,0,0
59.2,46.824,51.821,19.129,1.5,1.5,14,2,0.006,0.0,0,0
59.4,46.834,51.816,19.041,1.5,1.5,14,2,0.01,0.0,0,0
59.6,46.843,51.817,18.937,1.5,1.5,14,2,0.008,0.0,0,0
59.8,46.843,51.833,18.906,1.5,1.5,14,2,0.0,0.0,0,0
60.0,46.854,51.826,18.847,1.5,1.5,14,2,0.011,0.0,0,0
60.2,46.842,51.816,18.84,1.5,1.5,14,2,-0.012,0.0,0,0
60.4,46.849,51.821,18.821,1.5,1.5,14,2,0.007,0.0,0,0
60.6,46.837,51.819,18.821,1.5,1.5,14,2,-0.012,0.0,0,0
60.8,46.846,51.833,18.707,1.5,1.5,14,2,0.009,0.0,0,0
61.0,46.857,51.848,18.734,1.5,1.5,14,2,0.011,0.0,0,0
61.2,46.865,51.859,18.656,1.5,1.5,14,2,0.008,0.0,0,0
61.4,46.869,51.859,18.579,1.5,1.5,14,2,0.003,0.0,0,0
61.6,46.864,51.853,18.555,1.5,1.5,14,2,-0.005,0.0,0,0
61.8,46.863,51.851,18.48,1.5,1.5,14,2,-0.001,0.0,0,0
62.0,46.877,51.852,18.451,1.5,1.5,14,2,0.014,0.0,0,0
62.2,46.882,51.854,18.334,1.5,1.5,14,2,0.005,0.0,0,0
62.4,46.885,51.863,18.263,1.5,1.5,14,2,0.003,0.0,0,0
62.6,46.885,51.875,18.213,1.5,1.5,14,2,0.001,0.0,0,0
62.8,46.886,51.875,18.089,1.5,1.5,14,2,0.001,0.0,0,0
63.0,46.891,51.874,18.07,1.5,1.5,14,2,0.005,0.0,0,0
63.2,46.896,51.879,18.016,1.5,1.5,14,2,0.005,0.0,0,0
63.4,46.9,51.87,18.017,1.5,1.5,14,2,0.004,0.0,0,0
63.6,46.905,51.875,17.973,1.5,1.5,14,2,0.005,0.0,0,0
63.8,46.902,51.88,17.946,1.5,1.5,14,2,-0.003,0.0,0,0
64.0,46.906,51.885,17.831,1.5,1.5,14,2,0.004,0.0,0,0
64.2,46.893,51.89,17.786,1.5,1.5,14,2,-0.013,0.0,0,0
64.4,46.882,51.889,17.816,1.5,1.5,14,2,-0.012,0.0,0,0
64.6,46.88,51.882,17.773,1.5,1.5,14,2,-0.002,0.0,0,0
64.8,46.865,51.887,17.843,1.5,1.5,14,2,-0.015,0.0,0,0
65.0,46.867,51.882,17.868,1.5,1.5,14,2,0.003,0.0,0,0
65.2,46.865,51.869,17.829,1.5,1.5,14,2,-0.003,0.0,0,0
65.4,46.868,51.876,17.708,1.5,1.5,14,2,0.004,0.0,0,0
65.6,46.867,51.875,17.636,1.5,1.5,14,2,-0.002,0.0,0,0
65.8,46.863,51.864,17.591,1.5,1.5,14,2,-0.004,0.0,0,0
66.0,46.843,51.859,17.679,1.5,1.5,14,2,-0.02,0.0,0,0
66.2,46.838,51.853,17.633,1.5,1.5,14,2,-0.005,0.0,0,0
66.4,46.833,51.844,17.703,1.5,1.5,14,2,-0.005,0.0,0,0
66.6,46.823,51.836,17.717,1.5,1.5,14,2,-0.01,0.0,0,0
66.8,46.808,51.823,17.795,1.5,1.5,14,2,-0.015,0.0,0,0
67.0,46.807,51.819,17.794,1.5,1.5,14,2,-0.001,0.001,0,0
67.2,46.813,51.82,17.836,1.5,1.5,14,2,0.006,0.001,0,0
67.4,46.807,51.813,17.963,1.5,1.5,14,2,-0.006,0.0,0,0
67.6,46.812,51.814,18.001,1.5,1.5,14,2,0.005,0.0,0,0
67.8,46.817,51.825,18.042,1.5,1.5,14,2,0.006,0.0,0,0
68.0,46.813,51.819,18.161,1.5,1.5,14,2,-0.005,0.0,0,0
68.2,46.809,51.821,18.24,1.5,1.5,14,2,-0.004,0.0,0,0
68.4,46.811,51.827,18.312,1.5,1.5,14,2,0.002,0.0,0,0
68.6,46.82,51.822,18.356,1.5,1.5,14,2,0.009,0.0,0,0
68.8,46.824,51.825,18.348,1.5,1.5,14,2,0.004,0.0,0,0
69.0,46.821,51.826,18.361,1.5,1.5,14,2,-0.004,0.0,0,0
69.2,46.808,51.817,18.386,1.5,1.5,14,2,-0.012,0.0,0,0
69.4,46.796,51.818,18.298,1.5,1.5,14,2,-0.012,0.0,0,0
69.6,46.785,51.821,18.375,1.5,1.5,14,2,-0.011,0.0,0,0
69.8,46.786,51.829,18.461,1.5,1.5,14,2,0.002,0.0,0,0
70.0,46.761,51.829,18.561,1.5,1.5,14,2,-0.025,0.0,0,0
70.2,46.757,51.83,18.707,1.5,1.5,14,2,-0.005,0.001,0,0
70.4,46.75,51.829,18.838,1.5,1.5,14,2,-0.007,0.001,0,0
70.6,46.737,51.825,18.858,1.5,1.5,14,2,-0.013,0.001,0,0
70.8,46.737,51.83,18.969,1.5,1.5,14,2,0.001,0.001,0,0
71.0,46.73,51.828,19.165,1.5,1.5,14,2,-0.007,0.001,0,0
71.2,46.706,51.827,19.327,1.5,1.5,14,2,-0.024,0.001,0,0
71.4,46.693,51.83,19.576,1.5,1.5,14,2,-0.014,0.001,0,0
71.6,46.682,51.825,19.819,1.5,1.5,14,2,-0.011,0.001,0,0
71.8,46.662,51.826,20.089,1.5,1.5,14,2,-0.02,0.001,0,0
72.0,46.653,51.832,20.418,1.5,1.5,14,2,-0.008,0.001,0,0
72.2,46.633,51.851,20.849,1.5,1.5,14,2,-0.02,0.001,0,0
72.4,46.619,51.862,21.267,1.5,1.5,14,2,-0.015,0.002,0,0
72.6,46.603,51.864,21.727,1.5,1.5,14,2,-0.015,0.002,0,0
72.8,46.589,51.876,22.37,1.5,1.5,14,2,-0.015,0.002,0,0
73.0,46.567,51.88,22.886,1.5,1.5,14,2,-0.021,0.002,0,0
73.2,46.552,51.892,23.445,1.5,1.5,14,2,-0.015,0.002,0,0
73.4,46.526,51.896,24.147,1.5,1.5,14,2,-0.026,0.002,0,0
73.6,46.5,51.917,24.737,1.5,1.5,14,2,-0.026,0.003,0,0
73.8,46.464,51.925,25.534,1.5,1.5,14,2,-0.036,0.003,0,0
74.0,46.437,51.935,26.195,1.5,1.5,14,2,-0.028,0.004,0,0
74.2,46.412,51.944,27.096,1.5,1.5,14,2,-0.025,0.005,0,0
74.4,46.372,51.946,28.01,1.5,1.5,14,2,-0.039,0.006,0,0
74.6,46.333,51.958,29.15,1.5,1.5,14,2,-0.04,0.007,0,0
74.8,46.306,51.974,30.268,1.5,1.5,14,2,-0.026,0.007,0,0
75.0,46.288,51.982,31.455,1.5,1.5,14,2,-0.019,0.008,0,0
75.2,46.262,51.997,32.689,1.5,1.5,14,2,-0.026,0.008,0,0
75.4,46.222,51.999,33.954,1.5,1.5,14,2,-0.04,0.008,0,0
75.6,46.195,52.018,35.052,1.5,1.5,14,2,-0.027,0.007,0,0
75.8,46.157,52.03,36.363,1.5,1.5,14,2,-0.039,0.008,0,0
76.0,46.126,52.043,37.487,1.5,1.5,14,2,-0.031,0.008,0,0
76.2,46.097,52.036,38.169,1.5,1.5,14,2,-0.029,0.008,0,0
76.4,46.066,52.04,39.1,1.5,1.5,14,2,-0.031,0.008,0,0
76.6,46.021,52.049,40.486,1.5,1.5,14,2,-0.045,0.008,0,0
76.8,45.996,52.049,41.54,1.5,1.5,14,2,-0.025,0.009,0,0
77.0,45.974,52.041,42.256,1.5,1.5,14,2,-0.022,0.009,0,0
77.2,45.954,52.042,42.891,1.5,1.5,14,2,-0.02,0.008,0,0
77.4,45.956,52.045,43.184,1.5,1.5,14,2,0.002,0.007,0,0
77.6,45.963,52.058,43.332,1.5,1.5,14,2,0.007,0.005,0,0
77.8,45.983,52.069,42.942,1.5,1.5,14,2,0.021,0.003,0,0
78.0,46.004,52.079,42.416,1.5,1.5,14,2,0.02,0.002,0,0
78.2,46.02,52.088,41.679,1.5,1.5,14,2,0.016,0.001,0,0
78.4,46.041,52.079,40.951,1.5,1.5,14,2,0.021,0.001,0,0
78.6,46.082,52.079,39.353,1.5,1.5,14,2,0.041,0.002,0,0
78.8,46.118,52.084,38.445,1.5,1.5,14,2,0.036,0.003,0,0
79.0,46.163,52.075,37.167,1.5,1.5,14,2,0.045,0.005,0,0
79.2,46.173,52.059,36.765,1.5,1.5,14,2,0.009,0.006,0,0
79.4,46.188,52.045,36.2,1.5,1.5,14,2,0.016,0.006,0,0
79.6,46.193,52.035,35.82,1.5,1.5,14,2,0.005,0.006,0,0
79.8,46.221,52.02,34.968,1.5,1.5,14,2,0.028,0.006,0,0
80.0,46.246,52.006,33.951,1.5,1.5,14,2,0.025,0.005,0,0
80.2,46.274,51.997,33.136,1.5,1.5,14,2,0.028,0.005,0,0
80.4,46.311,51.984,32.329,1.5,1.5,14,2,0.036,0.004,0,0
80.6,46.32,51.969,31.996,1.5,1.5,14,2,0.01,0.004,0,0
80.8,46.355,51.959,31.411,1.5,1.5,14,2,0.034,0.004,0,0
81.0,46.37,51.951,30.954,1.5,1.5,14,2,0.015,0.005,0,0
81.2,46.378,51.921,30.4,1.5,1.5,14,2,0.008,0.005,0,0
81.4,46.388,51.893,30.09,1.5,1.5,14,2,0.01,0.004,0,0
81.6,46.407,51.875,29.389,1.5,1.5,14,2,0.019,0.004,0,0
81.8,46.415,51.853,29.136,1.5,1.5,14,2,0.008,0.003,0,0
82.0,46.438,51.837,28.562,1.5,1.5,14,2,0.024,0.002,0,0
82.2,46.458,51.814,28.193,1.5,1.5,14,2,0.02,0.002,0,0
82.4,46.472,51.786,27.793,1.5,1.5,14,2,0.014,0.002,0,0
82.6,46.484,51.76,27.25,1.5,1.5,14,2,0.012,0.002,0,0
82.8,46.486,51.745,27.21,1.5,1.5,14,2,0.002,0.002,0,0
83.0,46.506,51.713,26.765,1.5,1.5,14,2,0.02,0.002,0,0
83.2,46.513,51.693,26.448,1.5,1.5,14,2,0.007,0.002,0,0
83.4,46.526,51.686,26.102,1.5,1.5,14,2,0.013,0.001,0,0
83.6,46.53,51.672,25.986,1.5,1.5,14,2,0.005,0.001,0,0
83.8,46.543,51.675,25.815,1.5,1.5,14,2,0.012,0.001,0,0
84.0,46.556,51.668,25.479,1.5,1.5,14,2,0.014,0.001,0,0
84.2,46.563,51.667,25.296,1.5,1.5,14,2,0.006,0.001,0,0
84.4,46.569,51.664,25.118,1.5,1.5,14,2,0.006,0.001,0,0
84.6,46.574,51.658,24.718,1.5,1.5,14,2,0.005,0.001,0,0
84.8,46.59,51.66,24.356,1.5,1.5,14,2,0.017,0.001,0,0
85.0,46.596,51.66,24.136,1.5,1.5,14,2,0.006,0.001,0,0
85.2,46.611,51.659,23.855,1.5,1.5,14,2,0.015,0.001,0,0
85.4,46.625,51.678,23.694,1.5,1.5,14,2,0.014,0.001,0,0
85.6,46.639,51.689,23.359,1.5,1.5,14,2,0.014,0.001,0,0
85.8,46.663,51.685,23.047,1.5,1.5,14,2,0.024,0.001,0,0
86.0,46.665,51.683,22.909,1.5,1.5,14,2,0.002,0.001,0,0
86.2,46.695,51.679,22.601,1.5,1.5,14,2,0.031,0.002,0,0
86.4,46.704,51.686,22.519,1.5,1.5,14,2,0.009,0.002,0,0
86.6,46.709,51.693,22.569,1.5,1.5,14,2,0.005,0.002,0,0
86.8,46.711,51.704,22.483,1.5,1.5,14,2,0.002,0.002,0,0
87.0,46.727,51.717,22.427,1.5,1.5,14,2,0.016,0.001,0,0
87.2,46.729,51.726,22.346,1.5,1.5,14,2,0.002,0.001,0,0
87.4,46.745,51.748,22.275,1.5,1.5,14,2,0.016,0.001,0,0
87.6,46.739,51.754,22.261,1.5,1.5,14,2,-0.006,0.001,0,0
87.8,46.756,51.765,22.032,1.5,1.5,14,2,0.016,0.001,0,0
88.0,46.753,51.765,22.006,1.5,1.5,14,2,-0.003,0.0,0,0
88.2,46.748,51.76,21.961,1.5,1.5,14,2,-0.005,0.0,0,0
88.4,46.749,51.783,21.856,1.5,1.5,14,2,0.002,0.0,0,0
88.6,46.748,51.781,21.82,1.5,1.5,14,2,-0.001,0.0,0,0
88.8,46.749,51.775,21.775,1.5,1.5,14,2,0.001,0.0,0,0
89.0,46.746,51.788,21.714,1.5,1.5,14,2,-0.002,0.0,0,0
89.2,46.75,51.787,21.567,1.5,1.5,14,2,0.003,0.0,0,0
89.4,46.765,51.794,21.38,1.5,1.5,14,2,0.015,0.0,0,0
89.6,46.768,51.808,21.212,1.5,1.5,14,2,0.004,0.0,0,0
89.8,46.762,51.812,21.117,1.5,1.5,14,2,-0.007,0.0,0,0
90.0,46.774,51.821,20.92,1.5,1.5,14,2,0.012,0.0,0,0
90.2,46.785,51.829,20.821,1.5,1.5,14,2,0.011,0.0,0,0
90.4,46.787,51.834,20.682,1.5,1.5,14,2,0.002,0.0,0,0
90.6,46.792,51.843,20.661,1.5,1.5,14,2,0.005,0.0,0,0
90.8,46.791,51.844,20.472,1.5,1.5,14,2,-0.001,0.0,0,0
91.0,46.789,51.847,20.351,1.5,1.5,14,2,-0.002,0.0,0,0
91.2,46.785,51.843,20.208,1.5,1.5,14,2,-0.004,0.0,0,0
91.4,46.788,51.839,20.001,1.5,1.5,14,2,0.002,0.0,0,0
91.6,46.798,51.847,19.895,1.5,1.5,14,2,0.011,0.0,0,0
91.8,46.804,51.848,19.784,1.5,1.5,14,2,0.005,0.0,0,0
92.0,46.802,51.846,19.737,1.5,1.5,14,2,-0.002,0.0,0,0
92.2,46.805,51.861,19.744,1.5,1.5,14,2,0.004,0.0,0,0
92.4,46.816,51.865,19.693,1.5,1.5,14,2,0.01,0.0,0,0
92.6,46.82,51.873,19.511,1.5,1.5,14,2,0.004,0.0,0,0
92.8,46.824,51.867,19.445,1.5,1.5,14,2,0.004,0.0,0,0
93.0,46.822,51.88,19.456,1.5,1.5,14,2,-0.002,0.0,0,0
93.2,46.827,51.889,19.45,1.5,1.5,14,2,0.006,0.0,0,0
93.4,46.828,51.881,19.519,1.5,1.5,14,2,0.001,0.0,0,0
93.6,46.815,51.879,19.428,1.5,1.5,14,2,-0.012,0.0,0,0
93.8,46.803,51.868,19.473,1.5,1.5,14,2,-0.012,0.0,0,0
94.0,46.806,51.862,19.342,1.5,1.5,14,2,0.003,0.0,0,0
94.2,46.803,51.857,19.223,1.5,1.5,14,2,-0.003,0.0,0,0
94.4,46.82,51.853,19.126,1.5,1.5,14,2,0.017,0.0,0,0
94.6,46.828,51.845,19.066,1.5,1.5,14,2,0.007,0.0,0,0
94.8,46.829,51.848,18.975,1.5,1.5,14,2,0.001,0.0,0,0
95.0,46.819,51.831,19.001,1.5,1.5,14,2,-0.01,0.0,0,0
95.2,46.828,51.825,18.785,1.5,1.5,14,2,0.009,0.0,0,0
95.4,46.832,51.816,18.686,1.5,1.5,14,2,0.004,0.0,0,0
95.6,46.824,51.821,18.733,1.5,1.5,14,2,-0.009,0.0,0,0
95.8,46.821,51.817,18.686,1.5,1.5,14,2,-0.002,0.0,0,0
96.0,46.824,51.82,18.673,1.5,1.5,14,2,0.003,0.0,0,0
96.2,46.82,51.825,18.792,1.5,1.5,14,2,-0.004,0.0,0,0
96.4,46.813,51.835,18.798,1.5,1.5,14,2,-0.008,0.0,0,0
96.6,46.815,51.839,18.776,1.5,1.5,14,2,0.002,0.0,0,0
96.8,46.822,51.836,18.687,1.5,1.5,14,2,0.007,0.0,0,0
97.0,46.822,51.842,18.609,1.5,1.5,14,2,-0.0,0.0,0,0
97.2,46.831,51.856,18.673,1.5,1.5,14,2,0.01,0.0,0,0
97.4,46.843,51.874,18.723,1.5,1.5,14,2,0.012,0.0,0,0
97.6,46.846,51.881,18.677,1.5,1.5,14,2,0.003,0.0,0,0
97.8,46.846,51.896,18.678,1.5,1.5,14,2,-0.0,0.0,0,0
98.0,46.854,51.908,18.761,1.5,1.5,14,2,0.008,0.0,0,0
98.2,46.854,51.909,18.756,1.5,1.5,14,2,0.0,0.0,0,0
98.4,46.86,51.918,18.731,1.5,1.5,14,2,0.006,0.0,0,0
98.6,46.861,51.922,18.812,1.5,1.5,14,2,0.0,0.0,0,0
98.8,46.869,51.935,18.812,1.5,1.5,14,2,0.009,0.0,0,0
99.0,46.854,51.943,18.889,1.5,1.5,14,2,-0.015,0.0,0,0
99.2,46.849,51.952,18.967,1.5,1.5,14,2,-0.006,0.0,0,0
99.4,46.841,51.955,19.079,1.5,1.5,14,2,-0.008,0.0,0,0
99.6,46.817,51.944,19.142,1.5,1.5,14,2,-0.024,0.0,0,0
99.8,46.81,51.948,19.28,1.5,1.5,14,2,-0.007,0.0,0,0
100.0,46.81,51.946,19.384,1.5,1.5,14,2,0.0,0.0,0,0
100.2,46.803,51.955,19.557,1.5,1.5,14,2,-0.007,0.001,0,0
100.4,46.79,51.947,19.692,1.5,1.5,14,2,-0.013,0.001,0,0
100.6,46.76,51.94,19.907,1.5,1.5,14,2,-0.03,0.001,0,0
100.8,46.754,51.928,20.023,1.5,1.5,14,2,-0.006,0.001,0,0
101.0,46.748,51.92,20.194,1.5,1.5,14,2,-0.006,0.001,0,0
101.2,46.733,51.91,20.369,1.5,1.5,14,2,-0.015,0.001,0,0
101.4,46.732,51.895,20.406,1.5,1.5,14,2,-0.001,0.001,0,0
101.6,46.721,51.886,20.524,1.5,1.5,14,2,-0.011,0.001,0,0
101.8,46.712,51.881,20.613,1.5,1.5,14,2,-0.009,0.001,0,0
102.0,46.704,51.875,20.82,1.5,1.5,14,2,-0.008,0.001,0,0
102.2,46.692,51.868,21.006,1.5,1.5,14,2,-0.011,0.001,0,0
102.4,46.681,51.869,21.102,1.5,1.5,14,2,-0.011,0.001,0,0
102.6,46.679,51.869,21.214,1.5,1.5,14,2,-0.002,0.001,0,0
102.8,46.672,51.86,21.329,1.5,1.5,14,2,-0.007,0.001,0,0
103.0,46.659,51.849,21.345,1.5,1.5,14,2,-0.013,0.001,0,0
103.2,46.649,51.846,21.547,1.5,1.5,14,2,-0.01,0.001,0,0
103.4,46.657,51.831,21.577,1.5,1.5,14,2,0.008,0.001,0,0
103.6,46.652,51.817,21.528,1.5,1.5,14,2,-0.004,0.0,0,0
103.8,46.657,51.806,21.454,1.5,1.5,14,2,0.005,0.0,0,0
104.0,46.654,51.804,21.515,1.5,1.5,14,2,-0.003,0.0,0,0
104.2,46.667,51.809,21.442,1.5,1.5,14,2,0.013,0.0,0,0
104.4,46.682,51.814,21.422,1.5,1.5,14,2,0.015,0.0,0,0
104.6,46.682,51.817,21.628,1.5,1.5,14,2,-0.0,0.0,0,0
104.8,46.682,51.82,21.631,1.5,1.5,14,2,-0.0,0.0,0,0
105.0,46.687,51.83,21.646,1.5,1.5,14,2,0.005,0.0,0,0
105.2,46.692,51.832,21.671,1.5,1.5,14,2,0.006,0.0,0,0
105.4,46.693,51.821,21.717,1.5,1.5,14,2,0.0,0.0,0,0
105.6,46.691,51.826,21.71,1.5,1.5,14,2,-0.002,0.0,0,0
105.8,46.685,51.83,21.76,1.5,1.5,14,2,-0.006,0.0,0,0
106.0,46.686,51.829,21.84,1.5,1.5,14,2,0.001,0.0,0,0
106.2,46.693,51.822,21.864,1.5,1.5,14,2,0.007,0.0,0,0
106.4,46.69,51.827,21.973,1.5,1.5,14,2,-0.003,0.0,0,0
106.6,46.677,51.825,22.086,1.5,1.5,14,2,-0.013,0.0,0,0
106.8,46.675,51.831,22.159,1.5,1.5,14,2,-0.002,0.0,0,0
107.0,46.669,51.827,22.254,1.5,1.5,14,2,-0.005,0.0,0,0
107.2,46.663,51.823,22.426,1.5,1.5,14,2,-0.007,0.0,0,0
107.4,46.66,51.821,22.423,1.5,1.5,14,2,-0.003,0.0,0,0
107.6,46.652,51.822,22.541,1.5,1.5,14,2,-0.007,0.0,0,0
107.8,46.638,51.832,22.669,1.5,1.5,14,2,-0.015,0.0,0,0
108.0,46.636,51.831,22.824,1.5,1.5,14,2,-0.002,0.0,0,0
108.2,46.624,51.823,22.84,1.5,1.5,14,2,-0.012,0.0,0,0
108.4,46.617,51.812,22.821,1.5,1.5,14,2,-0.007,0.0,0,0
108.6,46.6,51.805,23.005,1.5,1.5,14,2,-0.017,0.001,0,0
108.8,46.592,51.816,23.102,1.5,1.5,14,2,-0.008,0.001,0,0
109.0,46.612,51.83,23.116,1.5,1.5,14,2,0.02,0.001,0,0
109.2,46.601,51.83,23.135,1.5,1.5,14,2,-0.011,0.0,0,0
109.4,46.608,51.832,22.987,1.5,1.5,14,2,0.007,0.0,0,0
109.6,46.609,51.833,23.114,1.5,1.5,14,2,0.002,0.0,0,0
109.8,46.604,51.822,23.013,1.5,1.5,14,2,-0.005,0.0,0,0
110.0,46.609,51.82,22.882,1.5,1.5,14,2,0.005,0.0,0,1
110.2,46.646,51.845,22.573,1.5,1.5,14,2,0.037,0.0,0,1
110.4,46.645,51.834,22.458,1.5,1.5,14,2,-0.001,0.0,0,1
110.6,46.655,51.836,22.41,1.5,1.5,14,2,0.01,0.0,0,1
110.8,46.656,51.835,22.387,1.5,1.5,14,2,0.001,0.0,0,1
111.0,46.657,51.83,22.355,1.5,1.5,14,2,0.001,0.001,0,1
111.2,46.657,51.821,22.343,1.5,1.5,14,2,-0.0,0.001,0,1
111.4,46.659,51.816,22.22,1.5,1.5,14,2,0.002,0.0,0,1
111.6,46.659,51.804,22.278,1.5,1.5,14,2,0.0,0.0,0,1
111.8,46.654,51.796,22.263,1.5,1.5,14,2,-0.005,0.0,0,1
112.0,46.655,51.81,22.322,1.5,1.5,14,2,0.001,0.0,0,1
112.2,46.641,51.811,22.263,1.5,1.5,14,2,-0.014,0.0,0,1
112.4,46.651,51.804,22.259,1.5,1.5,14,2,0.01,0.0,0,1
112.6,46.632,51.807,22.357,1.5,1.5,14,2,-0.019,0.0,0,1
112.8,46.626,51.783,22.394,1.5,1.5,14,2,-0.006,0.0,0,1
113.0,46.616,51.797,22.567,1.5,1.5,14,2,-0.01,0.0,0,1
113.2,46.603,51.781,22.621,1.5,1.5,14,2,-0.013,0.0,0,1
113.4,46.593,51.768,22.76,1.5,1.5,14,2,-0.01,0.0,0,1
113.6,46.587,51.762,22.846,1.5,1.5,14,2,-0.006,0.001,0,1
113.8,46.576,51.753,23.058,1.5,1.5,14,2,-0.011,0.001,0,1
114.0,46.564,51.759,23.244,1.5,1.5,14,2,-0.012,0.001,0,1
114.2,46.566,51.742,23.38,1.5,1.5,14,2,0.002,0.001,0,1
114.4,46.562,51.74,23.328,1.5,1.5,14,2,-0.004,0.001,0,1
114.6,46.565,51.731,23.48,1.5,1.5,14,2,0.003,0.0,0,1
114.8,46.561,51.709,23.612,1.5,1.5,14,2,-0.004,0.0,0,1
115.0,46.56,51.699,23.506,1.5,1.5,14,2,-0.001,0.0,0,1
115.2,46.566,51.677,23.503,1.5,1.5,14,2,0.006,0.0,0,1
115.4,46.548,51.656,23.592,1.5,1.5,14,2,-0.018,0.0,0,1
115.6,46.533,51.622,23.639,1.5,1.5,14,2,-0.015,0.0,0,1
115.8,46.517,51.584,23.763,1.5,1.5,14,2,-0.015,0.0,0,1
116.0,46.512,51.55,23.672,1.5,1.5,14,2,-0.006,0.0,0,1
116.2,46.501,51.519,23.661,1.5,1.5,14,2,-0.011,0.001,0,1
116.4,46.494,51.482,23.587,1.5,1.5,14,2,-0.007,0.001,0,1
116.6,46.478,51.447,23.501,1.5,1.5,14,2,-0.016,0.001,0,1
116.8,46.47,51.425,23.525,1.5,1.5,14,2,-0.007,0.001,0,1
117.0,46.467,51.387,23.231,1.5,1.5,14,2,-0.003,0.001,0,1
117.2,46.453,51.347,23.099,1.5,1.5,14,2,-0.014,0.001,0,1
117.4,46.449,51.313,22.958,1.5,1.5,14,2,-0.004,0.001,0,1
117.6,46.432,51.275,22.956,1.5,1.5,14,2,-0.017,0.001,0,1
117.8,46.421,51.244,22.862,1.5,1.5,14,2,-0.011,0.001,0,1
118.0,46.405,51.213,22.868,1.5,1.5,14,2,-0.015,0.001,0,1
118.2,46.403,51.194,22.792,1.5,1.5,14,2,-0.002,0.001,0,1
118.4,46.404,51.166,22.621,1.5,1.5,14,2,0.0,0.001,0,1
118.6,46.4,51.178,22.607,1.5,1.5,14,2,-0.004,0.001,0,1
118.8,46.378,51.144,22.629,1.5,1.5,14,2,-0.022,0.001,0,1
119.0,46.38,51.187,22.773,1.5,1.5,14,2,0.002,0.001,0,1
119.2,46.374,51.185,22.647,1.5,1.5,14,2,-0.006,0.001,0,1
119.4,46.369,51.162,22.655,1.5,1.5,14,2,-0.005,0.0,0,1
119.6,46.372,51.134,22.474,1.5,1.5,14,2,0.003,0.0,0,1
119.8,46.374,51.165,22.479,1.5,1.5,14,2,0.001,0.0,0,1
120.0,46.376,51.182,22.382,1.5,1.5,14,2,0.003,0.0,0,1
120.2,46.373,51.152,22.406,1.5,1.5,14,2,-0.004,0.0,0,1
120.4,46.384,51.159,22.357,1.5,1.5,14,2,0.011,0.0,0,1
120.6,46.39,51.184,22.274,1.5,1.5,14,2,0.006,0.0,0,1
120.8,46.391,51.11,22.19,1.5,1.5,14,2,0.001,0.0,0,1
121.0,46.41,51.14,22.17,1.5,1.5,14,2,0.019,0.0,0,1
121.2,46.431,51.147,22.028,1.5,1.5,14,2,0.022,0.0,0,1
121.4,46.447,51.107,21.893,1.5,1.5,14,2,0.016,0.001,0,1
121.6,46.469,51.158,21.95,1.5,1.5,14,2,0.021,0.001,0,1
121.8,46.479,51.191,22.151,1.5,1.5,14,2,0.01,0.001,0,1
122.0,46.49,51.131,22.019,1.5,1.5,14,2,0.012,0.002,0,1
122.2,46.508,51.136,21.928,1.5,1.5,14,2,0.018,0.002,0,1
122.4,46.527,51.144,21.806,1.5,1.5,14,2,0.02,0.002,0,1
122.6,46.554,51.165,21.628,1.5,1.5,14,2,0.027,0.002,0,1
122.8,46.573,51.173,21.447,1.5,1.5,14,2,0.019,0.002,0,1
123.0,46.579,51.176,21.212,1.5,1.5,14,2,0.006,0.002,0,1
123.2,46.563,51.179,21.394,1.5,1.5,14,2,-0.016,0.002,0,1
123.4,46.558,51.162,21.332,1.5,1.5,14,2,-0.006,0.002,0,1
123.6,46.542,51.154,21.341,1.5,1.5,14,2,-0.016,0.001,0,1
123.8,46.507,51.149,21.265,1.5,1.5,14,2,-0.034,0.001,0,1
124.0,46.496,51.132,21.148,1.5,1.5,14,2,-0.011,0.001,0,1
124.2,46.464,51.124,21.401,1.5,1.5,14,2,-0.032,0.001,0,1
124.4,46.43,51.117,21.383,1.5,1.5,14,2,-0.034,0.002,0,1
124.6,46.4,51.094,21.618,1.5,1.5,14,2,-0.03,0.004,0,1
124.8,46.369,51.092,21.773,1.5,1.5,14,2,-0.031,0.005,0,1
125.0,46.342,51.096,21.803,1.5,1.5,14,2,-0.027,0.006,0,1
125.2,46.323,51.114,21.845,1.5,1.5,14,2,-0.019,0.006,0,1
125.4,46.287,51.059,22.06,1.5,1.5,14,2,-0.037,0.007,0,1
125.6,46.264,51.067,22.288,1.5,1.5,14,2,-0.023,0.007,0,1
125.8,46.254,51.051,22.395,1.5,1.5,14,2,-0.01,0.006,0,1
126.0,46.244,51.078,22.549,1.5,1.5,14,2,-0.01,0.005,0,1
126.2,46.241,51.046,22.585,1.5,1.5,14,2,-0.003,0.004,0,1
126.4,46.247,51.092,22.677,1.5,1.5,14,2,0.006,0.003,0,1
126.6,46.249,51.137,22.839,1.5,1.5,14,2,0.002,0.002,0,1
126.8,46.244,51.113,22.963,1.5,1.5,14,2,-0.005,0.001,0,1
127.0,46.244,51.134,23.133,1.5,1.5,14,2,0.0,0.001,0,1
127.2,46.24,51.144,23.09,1.5,1.5,14,2,-0.004,0.0,0,1
127.4,46.266,51.179,23.02,1.5,1.5,14,2,0.026,0.0,0,1
127.6,46.294,51.179,22.605,1.5,1.5,14,2,0.029,0.0,0,1
127.8,46.335,51.199,22.385,1.5,1.5,14,2,0.041,0.001,0,1
128.0,46.362,51.221,22.188,1.5,1.5,14,2,0.027,0.002,0,1
128.2,46.393,51.265,22.131,1.5,1.5,14,2,0.031,0.003,0,1
128.4,46.42,51.303,22.137,1.5,1.5,14,2,0.027,0.004,0,1
128.6,46.472,51.337,21.956,1.5,1.5,14,2,0.052,0.006,0,1
128.8,46.513,51.378,21.93,1.5,1.5,14,2,0.041,0.008,0,1
129.0,46.553,51.403,21.905,1.5,1.5,14,2,0.04,0.01,0,1
129.2,46.605,51.463,22.059,1.5,1.5,14,2,0.051,0.011,0,1
129.4,46.646,51.523,22.172,1.5,1.5,14,2,0.041,0.013,0,1
129.6,46.701,51.598,22.122,1.5,1.5,14,2,0.055,0.014,0,1
129.8,46.752,51.642,22.002,1.5,1.5,14,2,0.052,0.016,0,1
130.0,46.782,51.682,22.172,1.5,1.5,14,2,0.029,0.017,0,1
130.2,46.812,51.689,22.117,1.5,1.5,14,2,0.03,0.017,0,1
130.4,46.839,51.712,22.035,1.5,1.5,14,2,0.027,0.015,0,1
130.6,46.858,51.727,22.018,1.5,1.5,14,2,0.02,0.013,0,1
130.8,46.863,51.735,22.269,1.5,1.5,14,2,0.005,0.011,0,1
131.0,46.888,51.744,22.163,1.5,1.5,14,2,0.025,0.008,0,1
131.2,46.905,51.738,22.132,1.5,1.5,14,2,0.017,0.006,0,1
131.4,46.917,51.722,22.091,1.5,1.5,14,2,0.012,0.004,0,1
131.6,46.932,51.701,21.791,1.5,1.5,14,2,0.014,0.003,0,1
131.8,46.953,51.694,21.461,1.5,1.5,14,2,0.021,0.003,0,1
132.0,46.96,51.671,21.333,1.5,1.5,14,2,0.007,0.002,0,1
132.2,46.957,51.665,21.445,1.5,1.5,14,2,-0.003,0.002,0,1
132.4,46.953,51.65,21.389,1.5,1.5,14,2,-0.004,0.001,0,1
132.6,46.963,51.651,21.216,1.5,1.5,14,2,0.01,0.001,0,1
132.8,46.961,51.638,21.054,1.5,1.5,14,2,-0.002,0.001,0,1
133.0,46.95,51.63,21.272,1.5,1.5,14,2,-0.011,0.0,0,1
133.2,46.941,51.634,21.612,1.5,1.5,14,2,-0.009,0.0,0,1
133.4,46.927,51.638,21.825,1.5,1.5,14,2,-0.014,0.0,0,1
133.6,46.924,51.633,21.779,1.5,1.5,14,2,-0.003,0.0,0,1
133.8,46.919,51.628,21.912,1.5,1.5,14,2,-0.006,0.0,0,1
134.0,46.915,51.626,21.961,1.5,1.5,14,2,-0.003,0.0,0,1
134.2,46.905,51.608,21.852,1.5,1.5,14,2,-0.011,0.0,0,1
134.4,46.903,51.603,21.869,1.5,1.5,14,2,-0.002,0.0,0,1
134.6,46.888,51.622,22.063,1.5,1.5,14,2,-0.015,0.0,0,1
134.8,46.868,51.636,22.184,1.5,1.5,14,2,-0.019,0.001,0,1
135.0,46.856,51.635,22.258,1.5,1.5,14,2,-0.012,0.001,0,1
135.2,46.86,51.641,22.26,1.5,1.5,14,2,0.003,0.001,0,1
135.4,46.865,51.667,22.144,1.5,1.5,14,2,0.006,0.001,0,1
135.6,46.862,51.665,22.048,1.5,1.5,14,2,-0.003,0.001,0,1
135.8,46.851,51.648,22.06,1.5,1.5,14,2,-0.011,0.0,0,1
136.0,46.843,51.675,22.144,1.5,1.5,14,2,-0.008,0.0,0,1
136.2,46.84,51.685,22.137,1.5,1.5,14,2,-0.003,0.0,0,1
136.4,46.827,51.707,22.336,1.5,1.5,14,2,-0.013,0.0,0,1
136.6,46.821,51.725,22.467,1.5,1.5,14,2,-0.006,0.0,0,1
136.8,46.806,51.74,22.625,1.5,1.5,14,2,-0.015,0.0,0,1
137.0,46.798,51.743,22.519,1.5,1.5,14,2,-0.007,0.0,0,1
137.2,46.784,51.761,22.686,1.5,1.5,14,2,-0.015,0.001,0,1
137.4,46.798,51.777,22.718,1.5,1.5,14,2,0.015,0.001,0,1
137.6,46.803,51.78,22.706,1.5,1.5,14,2,0.005,0.0,0,1
137.8,46.822,51.782,22.529,1.5,1.5,14,2,0.019,0.0,0,1
138.0,46.835,51.772,22.412,1.5,1.5,14,2,0.013,0.0,0,1
138.2,46.86,51.788,22.229,1.5,1.5,14,2,0.025,0.0,0,1
138.4,46.857,51.791,22.161,1.5,1.5,14,2,-0.003,0.001,0,1
138.6,46.854,51.798,22.326,1.5,1.5,14,2,-0.003,0.001,0,1
138.8,46.835,51.808,22.531,1.5,1.5,14,2,-0.019,0.001,0,1
139.0,46.827,51.804,22.649,1.5,1.5,14,2,-0.007,0.001,0,1
139.2,46.839,51.784,22.539,1.5,1.5,14,2,0.011,0.0,0,1
139.4,46.837,51.768,22.665,1.5,1.5,14,2,-0.002,0.0,0,1
139.6,46.83,51.765,22.828,1.5,1.5,14,2,-0.007,0.0,0,1
139.8,46.818,51.744,22.846,1.5,1.5,14,2,-0.012,0.0,0,1
140.0,46.806,51.733,23.019,1.5,1.5,14,2,-0.013,0.0,0,1
140.2,46.795,51.742,23.271,1.5,1.5,14,2,-0.01,0.0,0,1
140.4,46.796,51.741,23.3,1.5,1.5,14,2,0.001,0.0,0,1
140.6,46.792,51.761,23.33,1.5,1.5,14,2,-0.005,0.0,0,1
140.8,46.783,51.745,23.535,1.5,1.5,14,2,-0.009,0.0,0,1
141.0,46.777,51.749,23.786,1.5,1.5,14,2,-0.006,0.0,0,1
141.2,46.749,51.725,24.092,1.5,1.5,14,2,-0.027,0.001,0,1
141.4,46.75,51.716,24.103,1.5,1.5,14,2,0.0,0.001,0,1
141.6,46.742,51.709,24.383,1.5,1.5,14,2,-0.007,0.001,0,1
141.8,46.724,51.686,24.458,1.5,1.5,14,2,-0.019,0.001,0,1
142.0,46.719,51.68,24.492,1.5,1.5,14,2,-0.005,0.001,0,1
142.2,46.736,51.667,24.22,1.5,1.5,14,2,0.017,0.001,0,1
142.4,46.757,51.667,23.83,1.5,1.5,14,2,0.021,0.001,0,1
142.6,46.78,51.652,23.251,1.5,1.5,14,2,0.023,0.0,0,1
142.8,46.774,51.654,23.411,1.5,1.5,14,2,-0.006,0.0,0,1
143.0,46.78,51.642,23.568,1.5,1.5,14,2,0.006,0.0,0,1
143.2,46.781,51.644,23.74,1.5,1.5,14,2,0.001,0.001,0,1
143.4,46.78,51.644,23.951,1.5,1.5,14,2,-0.002,0.001,0,1
143.6,46.784,51.635,23.998,1.5,1.5,14,2,0.004,0.001,0,1
143.8,46.762,51.639,24.105,1.5,1.5,14,2,-0.021,0.0,0,1
144.0,46.748,51.651,24.308,1.5,1.5,14,2,-0.014,0.0,0,1
144.2,46.738,51.665,24.621,1.5,1.5,14,2,-0.01,0.0,0,1
144.4,46.753,51.658,24.508,1.5,1.5,14,2,0.014,0.0,0,1
144.6,46.773,51.661,23.907,1.5,1.5,14,2,0.02,0.0,0,1
144.8,46.791,51.684,23.557,1.5,1.5,14,2,0.018,0.0,0,1
145.0,46.81,51.697,23.099,1.5,1.5,14,2,0.018,0.0,0,1
145.2,46.829,51.706,22.845,1.5,1.5,14,2,0.019,0.001,0,1
145.4,46.831,51.69,22.815,1.5,1.5,14,2,0.002,0.001,0,1
145.6,46.833,51.665,22.767,1.5,1.5,14,2,0.002,0.001,0,1
145.8,46.855,51.669,22.68,1.5,1.5,14,2,0.022,0.002,0,1
146.0,46.865,51.675,22.52,1.5,1.5,14,2,0.01,0.002,0,1
146.2,46.884,51.679,22.427,1.5,1.5,14,2,0.018,0.002,0,1
146.4,46.892,51.695,22.31,1.5,1.5,14,2,0.008,0.001,0,1
146.6,46.911,51.717,22.171,1.5,1.5,14,2,0.019,0.001,0,1
146.8,46.929,51.727,21.954,1.5,1.5,14,2,0.018,0.001,0,1
147.0,46.95,51.718,21.65,1.5,1.5,14,2,0.022,0.002,0,1
147.2,46.95,51.717,21.614,1.5,1.5,14,2,-0.001,0.002,0,1
147.4,46.966,51.738,21.532,1.5,1.5,14,2,0.017,0.002,0,1
147.6,46.972,51.755,21.495,1.5,1.5,14,2,0.005,0.002,0,1
147.8,46.959,51.767,21.689,1.5,1.5,14,2,-0.013,0.001,0,1
148.0,46.953,51.782,21.704,1.5,1.5,14,2,-0.006,0.001,0,1
148.2,46.949,51.786,21.74,1.5,1.5,14,2,-0.004,0.001,0,1
148.4,46.939,51.803,21.89,1.5,1.5,14,2,-0.009,0.0,0,1
148.6,46.926,51.836,22.009,1.5,1.5,14,2,-0.014,0.0,0,1
148.8,46.916,51.845,22.125,1.5,1.5,14,2,-0.01,0.0,0,1
149.0,46.921,51.851,22.111,1.5,1.5,14,2,0.005,0.0,0,1
149.2,46.924,51.847,22.094,1.5,1.5,14,2,0.003,0.0,0,1
149.4,46.918,51.852,22.127,1.5,1.5,14,2,-0.006,0.0,0,1
149.6,46.943,51.86,21.897,1.5,1.5,14,2,0.024,0.0,0,1
149.8,46.946,51.847,21.873,1.5,1.5,14,2,0.003,0.0,0,1
150.0,46.945,51.847,21.894,1.5,1.5,14,2,-0.001,0.0,0,1
150.2,46.937,51.858,21.903,1.5,1.5,14,2,-0.007,0.0,0,1
150.4,46.945,51.862,21.84,1.5,1.5,14,2,0.008,0.0,0,1
150.6,46.948,51.878,21.829,1.5,1.5,14,2,0.003,0.0,0,1
150.8,46.951,51.874,21.744,1.5,1.5,14,2,0.002,0.0,0,1
151.0,46.96,51.882,21.594,1.5,1.5,14,2,0.009,0.0,0,1
151.2,46.963,51.875,21.502,1.5,1.5,14,2,0.003,0.0,0,1
151.4,46.969,51.894,21.311,1.5,1.5,14,2,0.007,0.0,0,1
151.6,46.972,51.893,21.257,1.5,1.5,14,2,0.003,0.0,0,1
151.8,46.972,51.901,21.289,1.5,1.5,14,2,-0.0,0.0,0,1
152.0,46.972,51.92,21.362,1.5,1.5,14,2,-0.0,0.0,0,1
152.2,46.967,51.918,21.312,1.5,1.5,14,2,-0.005,0.0,0,1
152.4,46.968,51.917,21.233,1.5,1.5,14,2,0.001,0.0,0,1
152.6,46.962,51.914,21.249,1.5,1.5,14,2,-0.006,0.0,0,1
152.8,46.94,51.919,21.537,1.5,1.5,14,2,-0.022,0.0,0,1
153.0,46.935,51.911,21.554,1.5,1.5,14,2,-0.006,0.0,0,1
153.2,46.92,51.914,21.715,1.5,1.5,14,2,-0.015,0.0,0,1
153.4,46.914,51.913,21.711,1.5,1.5,14,2,-0.006,0.0,0,1
153.6,46.914,51.907,21.746,1.5,1.5,14,2,0.0,0.001,0,1
153.8,46.908,51.901,21.637,1.5,1.5,14,2,-0.006,0.001,0,1
154.0,46.903,51.91,21.66,1.5,1.5,14,2,-0.005,0.001,0,1
154.2,46.889,51.895,21.861,1.5,1.5,14,2,-0.014,0.001,0,1
154.4,46.873,51.894,21.881,1.5,1.5,14,2,-0.016,0.001,0,1
154.6,46.87,51.873,21.806,1.5,1.5,14,2,-0.003,0.0,0,1
154.8,46.855,51.845,21.933,1.5,1.5,14,2,-0.015,0.001,0,1
155.0,46.849,51.839,21.616,1.5,1.5,14,2,-0.006,0.001,0,1
155.2,46.828,51.817,21.784,1.5,1.5,14,2,-0.021,0.001,0,1
155.4,46.812,51.804,21.852,1.5,1.5,14,2,-0.015,0.001,0,1
155.6,46.8,51.798,21.949,1.5,1.5,14,2,-0.012,0.001,0,1
155.8,46.813,51.795,21.809,1.5,1.5,14,2,0.013,0.001,0,1
156.0,46.815,51.767,21.72,1.5,1.5,14,2,0.002,0.001,0,1
156.2,46.808,51.751,21.684,1.5,1.5,14,2,-0.007,0.001,0,1
156.4,46.785,51.717,21.626,1.5,1.5,14,2,-0.023,0.001,0,1
156.6,46.783,51.715,21.571,1.5,1.5,14,2,-0.003,0.001,0,1
156.8,46.779,51.717,21.531,1.5,1.5,14,2,-0.003,0.0,0,1
157.0,46.768,51.703,21.572,1.5,1.5,14,2,-0.012,0.0,0,1
157.2,46.76,51.671,21.6,1.5,1.5,14,2,-0.007,0.0,0,1
157.4,46.749,51.644,21.547,1.5,1.5,14,2,-0.011,0.0,0,1
157.6,46.738,51.631,21.607,1.5,1.5,14,2,-0.011,0.001,0,1
157.8,46.738,51.619,21.487,1.5,1.5,14,2,-0.0,0.001,0,1
158.0,46.726,51.611,21.559,1.5,1.5,14,2,-0.012,0.001,0,1
158.2,46.71,51.601,21.557,1.5,1.5,14,2,-0.016,0.001,0,1
158.4,46.69,51.594,21.581,1.5,1.5,14,2,-0.02,0.001,0,1
158.6,46.678,51.592,21.722,1.5,1.5,14,2,-0.012,0.001,0,1
158.8,46.674,51.572,21.604,1.5,1.5,14,2,-0.004,0.001,0,1
159.0,46.675,51.565,21.446,1.5,1.5,14,2,0.001,0.001,0,1
159.2,46.652,51.563,21.728,1.5,1.5,14,2,-0.023,0.001,0,1
159.4,46.616,51.55,22.118,1.5,1.5,14,2,-0.035,0.001,0,1
159.6,46.604,51.549,22.285,1.5,1.5,14,2,-0.013,0.002,0,1
159.8,46.591,51.539,22.204,1.5,1.5,14,2,-0.013,0.002,0,1
160.0,46.578,51.531,22.314,1.5,1.5,14,2,-0.012,0.002,0,1
160.2,46.56,51.513,22.432,1.5,1.5,14,2,-0.018,0.002,0,1
160.4,46.552,51.515,22.576,1.5,1.5,14,2,-0.009,0.002,0,1
160.6,46.536,51.487,22.64,1.5,1.5,14,2,-0.016,0.002,0,1
160.8,46.511,51.482,22.885,1.5,1.5,14,2,-0.025,0.002,0,1
161.0,46.518,51.476,22.868,1.5,1.5,14,2,0.007,0.002,0,1
161.2,46.507,51.496,22.899,1.5,1.5,14,2,-0.011,0.001,0,1
161.4,46.483,51.464,23.026,1.5,1.5,14,2,-0.024,0.001,0,1
161.6,46.48,51.442,23.064,1.5,1.5,14,2,-0.002,0.001,0,1
161.8,46.461,51.419,23.152,1.5,1.5,14,2,-0.02,0.001,0,1
162.0,46.439,51.408,23.387,1.5,1.5,14,2,-0.022,0.001,0,1
162.2,46.427,51.363,23.395,1.5,1.5,14,2,-0.012,0.002,0,1
162.4,46.412,51.327,23.505,1.5,1.5,14,2,-0.014,0.002,0,1
162.6,46.386,51.307,23.74,1.5,1.5,14,2,-0.027,0.002,0,1
162.8,46.37,51.268,23.695,1.5,1.5,14,2,-0.016,0.002,0,1
163.0,46.366,51.272,23.667,1.5,1.5,14,2,-0.004,0.002,0,1
163.2,46.341,51.262,23.822,1.5,1.5,14,2,-0.025,0.002,0,1
163.4,46.332,51.261,23.944,1.5,1.5,14,2,-0.01,0.002,0,1
163.6,46.335,51.263,23.83,1.5,1.5,14,2,0.004,0.002,0,1
163.8,46.357,51.256,23.413,1.5,1.5,14,2,0.021,0.001,0,1
164.0,46.35,51.268,23.248,1.5,1.5,14,2,-0.007,0.001,0,1
164.2,46.344,51.264,23.269,1.5,1.5,14,2,-0.006,0.001,0,1
164.4,46.324,51.275,23.278,1.5,1.5,14,2,-0.02,0.0,0,1
164.6,46.306,51.281,23.536,1.5,1.5,14,2,-0.019,0.0,0,1
164.8,46.304,51.273,23.261,1.5,1.5,14,2,-0.002,0.0,0,1
165.0,46.295,51.247,23.103,1.5,1.5,14,2,-0.009,0.0,0,1
165.2,46.287,51.225,22.981,1.5,1.5,14,2,-0.007,0.001,0,1
165.4,46.27,51.218,22.925,1.5,1.5,14,2,-0.017,0.001,0,1
165.6,46.259,51.21,22.937,1.5,1.5,14,2,-0.011,0.001,0,1
165.8,46.259,51.184,22.751,1.5,1.5,14,2,-0.0,0.001,0,1
166.0,46.245,51.177,22.795,1.5,1.5,14,2,-0.013,0.001,0,1
166.2,46.237,51.171,22.859,1.5,1.5,14,2,-0.008,0.001,0,1
166.4,46.224,51.156,22.956,1.5,1.5,14,2,-0.013,0.001,0,1
166.6,46.223,51.147,22.874,1.5,1.5,14,2,-0.001,0.001,0,1
166.8,46.221,51.152,22.738,1.5,1.5,14,2,-0.002,0.001,0,1
167.0,46.209,51.134,22.589,1.5,1.5,14,2,-0.012,0.001,0,1
167.2,46.212,51.118,22.349,1.5,1.5,14,2,0.003,0.0,0,1
167.4,46.206,51.126,22.285,1.5,1.5,14,2,-0.006,0.0,0,1
167.6,46.187,51.113,22.359,1.5,1.5,14,2,-0.019,0.0,0,1
167.8,46.176,51.135,22.442,1.5,1.5,14,2,-0.011,0.0,0,1
168.0,46.169,51.157,22.519,1.5,1.5,14,2,-0.006,0.0,0,1
168.2,46.156,51.117,22.451,1.5,1.5,14,2,-0.013,0.001,0,1
168.4,46.142,51.113,22.486,1.5,1.5,14,2,-0.014,0.001,0,1
168.6,46.132,51.127,22.596,1.5,1.5,14,2,-0.01,0.001,0,1
168.8,46.134,51.104,22.411,1.5,1.5,14,2,0.002,0.001,0,1
169.0,46.144,51.143,22.264,1.5,1.5,14,2,0.01,0.001,0,1
169.2,46.132,51.115,22.185,1.5,1.5,14,2,-0.012,0.001,0,1
169.4,46.125,51.104,22.128,1.5,1.5,14,2,-0.008,0.0,0,1
169.6,46.106,51.126,22.29,1.5,1.5,14,2,-0.018,0.0,0,1
169.8,46.098,51.116,22.154,1.5,1.5,14,2,-0.008,0.0,0,1
170.0,46.103,51.147,22.085,1.5,1.5,14,2,0.005,0.0,0,1
170.2,46.076,51.104,22.05,1.5,1.5,14,2,-0.027,0.0,0,1
170.4,46.063,51.137,22.176,1.5,1.5,14,2,-0.013,0.001,0,1
170.6,46.062,51.152,22.198,1.5,1.5,14,2,-0.001,0.001,0,1
170.8,46.045,51.137,22.329,1.5,1.5,14,2,-0.016,0.001,0,1
171.0,46.038,51.137,22.337,1.5,1.5,14,2,-0.007,0.001,0,1
171.2,46.024,51.173,22.332,1.5,1.5,14,2,-0.014,0.001,0,1
171.4,46.026,51.182,22.222,1.5,1.5,14,2,0.002,0.001,0,1
171.6,46.017,51.212,22.3,1.5,1.5,14,2,-0.009,0.001,0,1
171.8,46.005,51.165,22.229,1.5,1.5,14,2,-0.012,0.001,0,1
172.0,46.008,51.197,22.055,1.5,1.5,14,2,0.003,0.001,0,1
172.2,46.008,51.159,21.673,1.5,1.5,14,2,-0.0,0.0,0,1
172.4,46.006,51.187,21.647,1.5,1.5,14,2,-0.001,0.0,0,1
172.6,46.014,51.237,21.523,1.5,1.5,14,2,0.008,0.0,0,1
172.8,46.0,51.207,21.474,1.5,1.5,14,2,-0.014,0.0,0,1
173.0,45.994,51.18,21.392,1.5,1.5,14,2,-0.007,0.0,0,1
173.2,45.985,51.149,21.228,1.5,1.5,14,2,-0.008,0.0,0,1
173.4,45.97,51.108,21.224,1.5,1.5,14,2,-0.015,0.0,0,1
173.6,45.976,51.163,21.053,1.5,1.5,14,2,0.006,0.0,0,1
173.8,45.982,51.163,20.883,1.5,1.5,14,2,0.006,0.0,0,1
174.0,45.971,51.138,20.799,1.5,1.5,14,2,-0.011,0.0,0,1
174.2,45.977,51.175,20.759,1.5,1.5,14,2,0.006,0.0,0,1
174.4,45.961,51.209,20.894,1.5,1.5,14,2,-0.016,0.0,0,1
174.6,45.931,51.146,21.141,1.5,1.5,14,2,-0.029,0.0,0,1
174.8,45.899,51.158,21.461,1.5,1.5,14,2,-0.032,0.001,0,1
175.0,45.876,51.177,21.727,1.5,1.5,14,2,-0.023,0.001,0,1
175.2,45.859,51.171,21.835,1.5,1.5,14,2,-0.016,0.002,0,1
175.4,45.846,51.18,22.011,1.5,1.5,14,2,-0.013,0.003,0,1
175.6,45.83,51.172,22.093,1.5,1.5,14,2,-0.016,0.003,0,1
175.8,45.835,51.163,21.908,1.5,1.5,14,2,0.005,0.003,0,1
176.0,45.816,51.111,21.978,1.5,1.5,14,2,-0.019,0.003,0,1
176.2,45.817,51.104,21.949,1.5,1.5,14,2,0.001,0.002,0,1
176.4,45.808,51.133,22.12,1.5,1.5,14,2,-0.009,0.001,0,1
176.6,45.82,51.179,22.05,1.5,1.5,14,2,0.012,0.001,0,1
176.8,45.82,51.212,22.169,1.5,1.5,14,2,-0.0,0.0,0,1
177.0,45.806,51.144,22.213,1.5,1.5,14,2,-0.013,0.0,0,1
177.2,45.806,51.166,22.169,1.5,1.5,14,2,-0.001,0.0,0,1
177.4,45.8,51.144,22.185,1.5,1.5,14,2,-0.006,0.0,0,1
177.6,45.795,51.127,22.113,1.5,1.5,14,2,-0.005,0.0,0,1
177.8,45.769,51.131,22.261,1.5,1.5,14,2,-0.026,0.0,0,1
178.0,45.775,51.158,22.295,1.5,1.5,14,2,0.006,0.0,0,1
178.2,45.772,51.155,22.348,1.5,1.5,14,2,-0.003,0.0,0,1
178.4,45.789,51.171,22.173,1.5,1.5,14,2,0.017,0.0,0,1
178.6,45.803,51.203,22.136,1.5,1.5,14,2,0.015,0.0,0,1
178.8,45.8,51.219,22.127,1.5,1.5,14,2,-0.003,0.0,0,1
179.0,45.799,51.192,21.971,1.5,1.5,14,2,-0.002,0.0,0,1
179.2,45.79,51.167,21.866,1.5,1.5,14,2,-0.009,0.0,0,1
179.4,45.779,51.17,21.956,1.5,1.5,14,2,-0.011,0.0,0,1
179.6,45.778,51.2,21.934,1.5,1.5,14,2,-0.0,0.0,0,1
179.8,45.779,51.14,21.733,1.5,1.5,14,2,0.0,0.0,0,1
180.0,45.78,51.129,21.53,1.5,1.5,14,2,0.001,0.0,0,1
180.2,45.786,51.137,21.482,1.5,1.5,14,2,0.006,0.0,0,1
180.4,45.794,51.182,21.425,1.5,1.5,14,2,0.008,0.0,0,1
180.6,45.79,51.201,21.615,1.5,1.5,14,2,-0.004,0.0,0,1
180.8,45.785,51.187,21.622,1.5,1.5,14,2,-0.005,0.0,0,1
181.0,45.787,51.19,21.579,1.5,1.5,14,2,0.002,0.0,0,1
181.2,45.785,51.2,21.713,1.5,1.5,14,2,-0.002,0.0,0,1
181.4,45.764,51.151,21.773,1.5,1.5,14,2,-0.02,0.0,0,1
181.6,45.759,51.162,21.904,1.5,1.5,14,2,-0.005,0.0,0,1
181.8,45.755,51.199,21.907,1.5,1.5,14,2,-0.004,0.0,0,1
182.0,45.758,51.16,21.985,1.5,1.5,14,2,0.003,0.0,0,1
182.2,45.754,51.176,22.036,1.5,1.5,14,2,-0.005,0.0,0,1
182.4,45.753,51.181,22.205,1.5,1.5,14,2,-0.001,0.0,0,1
182.6,45.76,51.161,21.929,1.5,1.5,14,2,0.008,0.0,0,1
182.8,45.783,51.166,21.662,1.5,1.5,14,2,0.022,0.0,0,1
183.0,45.787,51.176,21.442,1.5,1.5,14,2,0.005,0.0,0,1
183.2,45.794,51.158,21.296,1.5,1.5,14,2,0.007,0.0,0,1
183.4,45.8,51.131,21.209,1.5,1.5,14,2,0.006,0.0,0,1
183.6,45.807,51.166,21.142,1.5,1.5,14,2,0.007,0.0,0,1
183.8,45.817,51.14,20.972,1.5,1.5,14,2,0.01,0.001,0,1
184.0,45.852,51.184,20.707,1.5,1.5,14,2,0.036,0.001,0,1
184.2,45.86,51.209,20.758,1.5,1.5,14,2,0.008,0.001,0,1
184.4,45.883,51.195,20.473,1.5,1.5,14,2,0.023,0.001,0,1
184.6,45.885,51.204,20.457,1.5,1.5,14,2,0.002,0.001,0,1
184.8,45.901,51.202,20.509,1.5,1.5,14,2,0.017,0.002,0,1
185.0,45.921,51.15,20.398,1.5,1.5,14,2,0.019,0.002,0,1
185.2,45.944,51.192,20.241,1.5,1.5,14,2,0.023,0.002,0,1
185.4,45.957,51.207,20.344,1.5,1.5,14,2,0.013,0.002,0,1
185.6,45.967,51.162,20.233,1.5,1.5,14,2,0.01,0.002,0,1
185.8,45.992,51.192,20.191,1.5,1.5,14,2,0.025,0.002,0,1
186.0,46.013,51.196,20.022,1.5,1.5,14,2,0.02,0.002,0,1
186.2,46.018,51.145,19.988,1.5,1.5,14,2,0.006,0.002,0,1
186.4,46.004,51.166,20.262,1.5,1.5,14,2,-0.014,0.002,0,1
186.6,46.026,51.179,20.167,1.5,1.5,14,2,0.022,0.002,0,1
186.8,46.049,51.141,20.029,1.5,1.5,14,2,0.023,0.001,0,1
187.0,46.068,51.171,19.957,1.5,1.5,14,2,0.019,0.001,0,1
187.2,46.082,51.149,19.881,1.5,1.5,14,2,0.014,0.001,0,1
187.4,46.097,51.214,19.814,1.5,1.5,14,2,0.015,0.002,0,1
187.6,46.099,51.168,19.748,1.5,1.5,14,2,0.002,0.001,0,1
187.8,46.114,51.196,19.681,1.5,1.5,14,2,0.015,0.001,0,1
188.0,46.113,51.168,19.646,1.5,1.5,14,2,-0.002,0.001,0,1
188.2,46.127,51.199,19.567,1.5,1.5,14,2,0.015,0.001,0,1
188.4,46.122,51.184,19.712,1.5,1.5,14,2,-0.005,0.001,0,1
188.6,46.115,51.181,19.939,1.5,1.5,14,2,-0.007,0.001,0,1
188.8,46.11,51.202,20.299,1.5,1.5,14,2,-0.005,0.0,0,1
189.0,46.128,51.214,20.249,1.5,1.5,14,2,0.018,0.0,0,1
189.2,46.108,51.23,20.663,1.5,1.5,14,2,-0.021,0.0,0,1
189.4,46.099,51.251,20.82,1.5,1.5,14,2,-0.009,0.0,0,1
189.6,46.112,51.285,20.887,1.5,1.5,14,2,0.013,0.0,0,1
189.8,46.112,51.314,20.994,1.5,1.5,14,2,-0.001,0.0,0,1
190.0,46.115,51.325,20.886,1.5,1.5,14,2,0.003,0.0,0,1
190.2,46.119,51.344,20.929,1.5,1.5,14,2,0.004,0.0,0,1
190.4,46.118,51.359,21.135,1.5,1.5,14,2,-0.001,0.0,0,1
190.6,46.109,51.35,21.055,1.5,1.5,14,2,-0.009,0.0,0,1
190.8,46.103,51.343,21.066,1.5,1.5,14,2,-0.006,0.0,0,1
191.0,46.1,51.344,21.111,1.5,1.5,14,2,-0.003,0.0,0,1
191.2,46.109,51.34,21.018,1.5,1.5,14,2,0.009,0.0,0,1
191.4,46.105,51.351,20.984,1.5,1.5,14,2,-0.004,0.0,0,1
191.6,46.108,51.335,21.119,1.5,1.5,14,2,0.003,0.0,0,1
191.8,46.099,51.33,21.25,1.5,1.5,14,2,-0.009,0.0,0,1
192.0,46.081,51.33,21.544,1.5,1.5,14,2,-0.018,0.0,0,1
192.2,46.087,51.34,21.546,1.5,1.5,14,2,0.007,0.0,0,1
192.4,46.098,51.347,21.255,1.5,1.5,14,2,0.011,0.0,0,1
192.6,46.1,51.348,21.324,1.5,1.5,14,2,0.002,0.0,0,1
192.8,46.087,51.338,21.457,1.5,1.5,14,2,-0.012,0.0,0,1
193.0,46.085,51.357,21.449,1.5,1.5,14,2,-0.003,0.0,0,1
193.2,46.076,51.363,21.497,1.5,1.5,14,2,-0.009,0.0,0,1
193.4,46.063,51.369,21.615,1.5,1.5,14,2,-0.013,0.0,0,1
193.6,46.053,51.358,21.724,1.5,1.5,14,2,-0.01,0.0,0,1
193.8,46.055,51.371,21.836,1.5,1.5,14,2,0.002,0.0,0,1
194.0,46.047,51.361,21.91,1.5,1.5,14,2,-0.008,0.0,0,1
194.2,46.048,51.356,21.882,1.5,1.5,14,2,0.0,0.0,0,1
194.4,46.049,51.375,21.839,1.5,1.5,14,2,0.001,0.0,0,1
194.6,46.044,51.381,21.782,1.5,1.5,14,2,-0.005,0.0,0,1
194.8,46.052,51.378,21.767,1.5,1.5,14,2,0.008,0.0,0,1
195.0,46.065,51.38,21.659,1.5,1.5,14,2,0.012,0.0,0,1
195.2,46.067,51.391,21.655,1.5,1.5,14,2,0.003,0.0,0,1
195.4,46.075,51.395,21.542,1.5,1.5,14,2,0.008,0.0,0,1
195.6,46.078,51.395,21.545,1.5,1.5,14,2,0.002,0.0,0,1
195.8,46.084,51.398,21.419,1.5,1.5,14,2,0.007,0.0,0,1
196.0,46.06,51.396,21.738,1.5,1.5,14,2,-0.024,0.0,0,1
196.2,46.073,51.386,21.716,1.5,1.5,14,2,0.013,0.0,0,1
196.4,46.074,51.383,21.668,1.5,1.5,14,2,0.001,0.0,0,1
196.6,46.069,51.375,21.736,1.5,1.5,14,2,-0.005,0.0,0,1
196.8,46.061,51.381,21.869,1.5,1.5,14,2,-0.008,0.0,0,1
197.0,46.064,51.394,22.03,1.5,1.5,14,2,0.003,0.0,0,1
197.2,46.063,51.399,22.303,1.5,1.5,14,2,-0.001,0.0,0,1
197.4,46.056,51.412,22.539,1.5,1.5,14,2,-0.007,0.0,0,1
197.6,46.042,51.407,22.865,1.5,1.5,14,2,-0.014,0.0,0,1
197.8,46.036,51.425,23.017,1.5,1.5,14,2,-0.006,0.0,0,1
198.0,46.046,51.444,23.079,1.5,1.5,14,2,0.01,0.0,0,1
198.2,46.062,51.461,22.906,1.5,1.5,14,2,0.017,0.0,0,1
198.4,46.072,51.447,22.803,1.5,1.5,14,2,0.01,0.0,0,1
198.6,46.095,51.463,22.693,1.5,1.5,14,2,0.023,0.0,0,1
198.8,46.115,51.479,22.492,1.5,1.5,14,2,0.02,0.001,0,1
199.0,46.13,51.479,22.484,1.5,1.5,14,2,0.015,0.001,0,1
199.2,46.148,51.478,22.488,1.5,1.5,14,2,0.018,0.001,0,1
199.4,46.161,51.481,22.453,1.5,1.5,14,2,0.013,0.002,0,1
199.6,46.17,51.473,22.359,1.5,1.5,14,2,0.01,0.002,0,1
199.8,46.178,51.498,22.386,1.5,1.5,14,2,0.008,0.002,0,1
200.0,46.186,51.503,22.327,1.5,1.5,14,2,0.007,0.002,0,1
200.2,46.189,51.515,22.243,1.5,1.5,14,2,0.004,0.001,0,1
200.4,46.194,51.54,22.076,1.5,1.5,14,2,0.005,0.001,0,1
200.6,46.198,51.548,22.063,1.5,1.5,14,2,0.004,0.001,0,1
200.8,46.199,51.547,22.141,1.5,1.5,14,2,0.001,0.0,0,1
201.0,46.202,51.557,22.08,1.5,1.5,14,2,0.003,0.0,0,1
201.2,46.217,51.572,22.051,1.5,1.5,14,2,0.014,0.0,0,1
201.4,46.215,51.568,22.098,1.5,1.5,14,2,-0.001,0.0,0,1
201.6,46.215,51.59,22.092,1.5,1.5,14,2,-0.0,0.0,0,1
201.8,46.223,51.613,22.187,1.5,1.5,14,2,0.008,0.0,0,1
202.0,46.217,51.618,22.084,1.5,1.5,14,2,-0.006,0.0,0,1
202.2,46.232,51.653,22.034,1.5,1.5,14,2,0.015,0.0,0,1
202.4,46.235,51.68,21.924,1.5,1.5,14,2,0.002,0.0,0,1
202.6,46.226,51.67,22.024,1.5,1.5,14,2,-0.009,0.0,0,1
202.8,46.236,51.686,21.868,1.5,1.5,14,2,0.01,0.0,0,1
203.0,46.241,51.703,21.73,1.5,1.5,14,2,0.005,0.0,0,1
203.2,46.238,51.722,21.892,1.5,1.5,14,2,-0.003,0.0,0,1
203.4,46.238,51.721,21.879,1.5,1.5,14,2,-0.0,0.0,0,1
203.6,46.239,51.725,21.953,1.5,1.5,14,2,0.001,0.0,0,1
203.8,46.242,51.723,21.95,1.5,1.5,14,2,0.003,0.0,0,1
204.0,46.237,51.735,21.968,1.5,1.5,14,2,-0.005,0.0,0,1
204.2,46.247,51.741,22.078,1.5,1.5,14,2,0.01,0.0,0,1
204.4,46.248,51.763,22.002,1.5,1.5,14,2,0.002,0.0,0,1
204.6,46.274,51.803,21.881,1.5,1.5,14,2,0.026,0.0,0,1
204.8,46.287,51.829,21.778,1.5,1.5,14,2,0.013,0.0,0,1
205.0,46.286,51.828,21.933,1.5,1.5,14,2,-0.001,0.0,0,1
205.2,46.285,51.84,22.134,1.5,1.5,14,2,-0.001,0.0,0,1
205.4,46.28,51.854,22.343,1.5,1.5,14,2,-0.005,0.0,0,1
205.6,46.269,51.85,22.535,1.5,1.5,14,2,-0.011,0.0,0,1
205.8,46.279,51.871,22.579,1.5,1.5,14,2,0.01,0.0,0,1
206.0,46.258,51.876,22.974,1.5,1.5,14,2,-0.021,0.0,0,1
206.2,46.243,51.877,23.266,1.5,1.5,14,2,-0.014,0.0,0,1
206.4,46.231,51.889,23.618,1.5,1.5,14,2,-0.012,0.0,0,1
206.6,46.214,51.881,23.881,1.5,1.5,14,2,-0.017,0.001,0,1
206.8,46.2,51.896,23.981,1.5,1.5,14,2,-0.014,0.001,0,1
207.0,46.19,51.911,24.173,1.5,1.5,14,2,-0.01,0.001,0,1
207.2,46.18,51.897,24.311,1.5,1.5,14,2,-0.01,0.001,0,1
207.4,46.158,51.879,24.655,1.5,1.5,14,2,-0.023,0.001,0,1
207.6,46.15,51.869,24.891,1.5,1.5,14,2,-0.008,0.002,0,1
207.8,46.149,51.869,25.023,1.5,1.5,14,2,-0.001,0.001,0,1
208.0,46.144,51.861,25.107,1.5,1.5,14,2,-0.005,0.001,0,1
208.2,46.14,51.863,25.159,1.5,1.5,14,2,-0.003,0.001,0,1
208.4,46.151,51.846,25.041,1.5,1.5,14,2,0.011,0.001,0,1
208.6,46.149,51.837,25.015,1.5,1.5,14,2,-0.002,0.0,0,1
208.8,46.146,51.838,25.101,1.5,1.5,14,2,-0.003,0.0,0,1
209.0,46.136,51.815,25.197,1.5,1.5,14,2,-0.01,0.0,0,1
209.2,46.118,51.801,25.173,1.5,1.5,14,2,-0.018,0.0,0,1
209.4,46.106,51.77,25.313,1.5,1.5,14,2,-0.012,0.0,0,1
209.6,46.077,51.767,25.557,1.5,1.5,14,2,-0.029,0.001,0,1
209.8,46.053,51.753,25.72,1.5,1.5,14,2,-0.024,0.001,0,1
210.0,46.054,51.735,25.561,1.5,1.5,14,2,0.001,0.001,0,1
210.2,46.056,51.721,25.604,1.5,1.5,14,2,0.002,0.002,0,1
210.4,46.039,51.725,25.866,1.5,1.5,14,2,-0.017,0.002,0,1
210.6,46.029,51.714,25.983,1.5,1.5,14,2,-0.01,0.002,0,1
210.8,46.019,51.713,25.928,1.5,1.5,14,2,-0.01,0.001,0,1
211.0,46.032,51.699,25.91,1.5,1.5,14,2,0.013,0.001,0,1
211.2,46.027,51.695,25.865,1.5,1.5,14,2,-0.005,0.001,0,1
211.4,46.029,51.695,25.718,1.5,1.5,14,2,0.002,0.0,0,1
211.6,46.039,51.697,25.476,1.5,1.5,14,2,0.01,0.0,0,1
211.8,46.033,51.704,25.779,1.5,1.5,14,2,-0.006,0.0,0,1
212.0,46.02,51.72,26.162,1.5,1.5,14,2,-0.013,0.0,0,1
212.2,46.004,51.71,26.281,1.5,1.5,14,2,-0.016,0.0,0,1
212.4,46.001,51.717,26.399,1.5,1.5,14,2,-0.003,0.0,0,1
212.6,46.005,51.724,26.224,1.5,1.5,14,2,0.004,0.0,0,1
212.8,46.002,51.721,26.089,1.5,1.5,14,2,-0.004,0.0,0,1
213.0,46.009,51.721,25.958,1.5,1.5,14,2,0.008,0.0,0,1
213.2,46.037,51.72,25.53,1.5,1.5,14,2,0.028,0.0,0,1
213.4,46.043,51.721,25.377,1.5,1.5,14,2,0.005,0.0,0,1
213.6,46.034,51.706,25.503,1.5,1.5,14,2,-0.009,0.0,0,1
213.8,46.022,51.699,25.839,1.5,1.5,14,2,-0.012,0.0,0,1
214.0,46.01,51.695,26.115,1.5,1.5,14,2,-0.011,0.0,0,1
214.2,46.005,51.694,26.22,1.5,1.5,14,2,-0.006,0.0,0,1
214.4,45.993,51.682,26.419,1.5,1.5,14,2,-0.012,0.0,0,1
214.6,45.988,51.679,26.253,1.5,1.5,14,2,-0.005,0.0,0,1
214.8,45.994,51.675,26.171,1.5,1.5,14,2,0.006,0.0,0,1
215.0,45.997,51.664,26.07,1.5,1.5,14,2,0.003,0.0,0,1
215.2,46.01,51.634,25.808,1.5,1.5,14,2,0.013,0.0,0,1
215.4,46.01,51.636,25.825,1.5,1.5,14,2,-0.0,0.0,0,1
215.6,46.016,51.632,25.857,1.5,1.5,14,2,0.006,0.0,0,1
215.8,46.026,51.618,25.686,1.5,1.5,14,2,0.011,0.0,0,1
216.0,46.043,51.63,25.577,1.5,1.5,14,2,0.016,0.0,0,1
216.2,46.041,51.623,25.499,1.5,1.5,14,2,-0.002,0.0,0,1
216.4,46.036,51.617,25.571,1.5,1.5,14,2,-0.005,0.0,0,1
216.6,46.038,51.609,25.548,1.5,1.5,14,2,0.002,0.0,0,1
216.8,46.031,51.584,25.662,1.5,1.5,14,2,-0.007,0.0,0,1
217.0,46.006,51.581,25.931,1.5,1.5,14,2,-0.024,0.0,0,1
217.2,46.006,51.576,26.04,1.5,1.5,14,2,-0.0,0.0,0,1
217.4,46.004,51.565,25.992,1.5,1.5,14,2,-0.002,0.0,0,1
217.6,45.993,51.559,26.163,1.5,1.5,14,2,-0.012,0.0,0,1
217.8,46.0,51.544,25.966,1.5,1.5,14,2,0.007,0.0,0,1
218.0,46.005,51.549,25.993,1.5,1.5,14,2,0.005,0.0,0,1
218.2,46.019,51.542,25.916,1.5,1.5,14,2,0.014,0.0,0,1
218.4,46.039,51.541,25.715,1.5,1.5,14,2,0.02,0.0,0,1
218.6,46.034,51.526,25.573,1.5,1.5,14,2,-0.005,0.0,0,1
218.8,46.029,51.527,25.634,1.5,1.5,14,2,-0.005,0.0,0,1
219.0,46.02,51.52,25.562,1.5,1.5,14,2,-0.009,0.0,0,1
219.2,46.04,51.508,25.372,1.5,1.5,14,2,0.02,0.0,0,1
219.4,46.025,51.499,25.64,1.5,1.5,14,2,-0.015,0.0,0,1
219.6,46.047,51.514,25.074,1.5,1.5,14,2,0.022,0.0,0,1
219.8,46.047,51.5,24.871,1.5,1.5,14,2,-0.0,0.0,0,1
220.0,46.062,51.499,24.549,1.5,1.5,14,2,0.015,0.0,0,1
220.2,46.073,51.484,24.557,1.5,1.5,14,2,0.011,0.0,0,1
220.4,46.071,51.473,24.396,1.5,1.5,14,2,-0.002,0.0,0,1
220.6,46.079,51.463,24.263,1.5,1.5,14,2,0.007,0.0,0,1
220.8,46.076,51.443,24.2,1.5,1.5,14,2,-0.002,0.0,0,1
221.0,46.081,51.44,24.265,1.5,1.5,14,2,0.005,0.0,0,1
221.2,46.088,51.439,23.947,1.5,1.5,14,2,0.006,0.0,0,1
221.4,46.091,51.447,23.681,1.5,1.5,14,2,0.003,0.0,0,1
221.6,46.096,51.441,23.424,1.5,1.5,14,2,0.005,0.0,0,1
221.8,46.117,51.429,22.991,1.5,1.5,14,2,0.021,0.0,0,1
222.0,46.111,51.438,22.931,1.5,1.5,14,2,-0.006,0.0,0,1
222.2,46.093,51.434,22.895,1.5,1.5,14,2,-0.018,0.0,0,1
222.4,46.092,51.424,22.862,1.5,1.5,14,2,-0.001,0.0,0,1
222.6,46.085,51.413,22.849,1.5,1.5,14,2,-0.007,0.0,0,1
222.8,46.1,51.414,22.589,1.5,1.5,14,2,0.015,0.0,0,1
223.0,46.089,51.421,22.717,1.5,1.5,14,2,-0.011,0.0,0,1
223.2,46.09,51.421,22.694,1.5,1.5,14,2,0.001,0.0,0,1
223.4,46.082,51.418,22.723,1.5,1.5,14,2,-0.008,0.0,0,1
223.6,46.083,51.405,22.581,1.5,1.5,14,2,0.001,0.0,0,1
223.8,46.062,51.406,22.909,1.5,1.5,14,2,-0.021,0.0,0,1
224.0,46.057,51.414,22.966,1.5,1.5,14,2,-0.005,0.0,0,1
224.2,46.052,51.398,22.936,1.5,1.5,14,2,-0.005,0.0,0,1
224.4,46.05,51.414,23.042,1.5,1.5,14,2,-0.001,0.0,0,1
224.6,46.046,51.416,23.128,1.5,1.5,14,2,-0.004,0.0,0,1
224.8,46.039,51.423,23.239,1.5,1.5,14,2,-0.007,0.0,0,1
225.0,46.045,51.428,23.224,1.5,1.5,14,2,0.005,0.0,0,1
225.2,46.039,51.429,23.271,1.5,1.5,14,2,-0.006,0.0,0,1
225.4,46.034,51.424,23.275,1.5,1.5,14,2,-0.005,0.0,0,1
225.6,46.039,51.423,23.35,1.5,1.5,14,2,0.005,0.0,0,1
225.8,46.041,51.435,23.365,1.5,1.5,14,2,0.002,0.0,0,1
226.0,46.041,51.41,23.23,1.5,1.5,14,2,-0.0,0.0,0,1
226.2,46.045,51.408,23.097,1.5,1.5,14,2,0.004,0.0,0,1
226.4,46.033,51.391,23.132,1.5,1.5,14,2,-0.012,0.0,0,1
226.6,46.023,51.383,23.193,1.5,1.5,14,2,-0.009,0.0,0,1
226.8,46.014,51.371,23.219,1.5,1.5,14,2,-0.009,0.0,0,1
227.0,46.008,51.362,23.367,1.5,1.5,14,2,-0.006,0.0,0,1
227.2,46.028,51.333,23.157,1.5,1.5,14,2,0.021,0.0,0,1
227.4,46.037,51.33,23.04,1.5,1.5,14,2,0.008,0.0,0,1
227.6,46.038,51.311,23.135,1.5,1.5,14,2,0.002,0.0,0,1
227.8,46.037,51.288,23.236,1.5,1.5,14,2,-0.001,0.0,0,1
228.0,46.039,51.275,23.266,1.5,1.5,14,2,0.002,0.0,0,1
228.2,46.01,51.256,23.535,1.5,1.5,14,2,-0.029,0.0,0,1
228.4,46.008,51.28,23.749,1.5,1.5,14,2,-0.002,0.0,0,1
228.6,46.02,51.286,23.664,1.5,1.5,14,2,0.012,0.0,0,1
228.8,46.028,51.288,23.555,1.5,1.5,14,2,0.008,0.0,0,1
229.0,46.034,51.274,23.397,1.5,1.5,14,2,0.005,0.0,0,1
229.2,46.052,51.254,23.201,1.5,1.5,14,2,0.018,0.0,0,1
229.4,46.071,51.262,22.897,1.5,1.5,14,2,0.019,0.0,0,1
229.6,46.089,51.289,22.812,1.5,1.5,14,2,0.018,0.001,0,1
229.8,46.089,51.305,22.926,1.5,1.5,14,2,-0.001,0.001,0,1
230.0,46.097,51.309,22.909,1.5,1.5,14,2,0.009,0.001,0,1
230.2,46.109,51.327,22.885,1.5,1.5,14,2,0.012,0.001,0,1
230.4,46.114,51.339,22.798,1.5,1.5,14,2,0.005,0.001,0,1
230.6,46.126,51.365,22.843,1.5,1.5,14,2,0.012,0.001,0,1
230.8,46.125,51.384,22.827,1.5,1.5,14,2,-0.001,0.001,0,1
231.0,46.115,51.395,23.041,1.5,1.5,14,2,-0.01,0.001,0,1
231.2,46.127,51.41,22.812,1.5,1.5,14,2,0.012,0.0,0,1
231.4,46.126,51.416,22.572,1.5,1.5,14,2,-0.001,0.0,0,1
231.6,46.139,51.432,22.495,1.5,1.5,14,2,0.012,0.0,0,1
231.8,46.145,51.46,22.567,1.5,1.5,14,2,0.006,0.0,0,1
232.0,46.148,51.471,22.45,1.5,1.5,14,2,0.003,0.0,0,1
232.2,46.142,51.464,22.296,1.5,1.5,14,2,-0.006,0.0,0,1
232.4,46.157,51.479,22.137,1.5,1.5,14,2,0.015,0.0,0,1
232.6,46.164,51.503,22.214,1.5,1.5,14,2,0.008,0.0,0,1
232.8,46.16,51.505,22.301,1.5,1.5,14,2,-0.004,0.0,0,1
233.0,46.146,51.506,22.314,1.5,1.5,14,2,-0.014,0.0,0,1
233.2,46.14,51.516,22.486,1.5,1.5,14,2,-0.006,0.0,0,1
233.4,46.149,51.497,22.423,1.5,1.5,14,2,0.009,0.0,0,1
233.6,46.142,51.482,22.391,1.5,1.5,14,2,-0.007,0.0,0,1
233.8,46.146,51.482,22.466,1.5,1.5,14,2,0.003,0.0,0,1
234.0,46.15,51.49,22.487,1.5,1.5,14,2,0.004,0.0,0,1
234.2,46.154,51.485,22.313,1.5,1.5,14,2,0.005,0.0,0,1
234.4,46.161,51.479,22.315,1.5,1.5,14,2,0.007,0.0,0,1
234.6,46.156,51.487,22.438,1.5,1.5,14,2,-0.005,0.0,0,1
234.8,46.141,51.477,22.599,1.5,1.5,14,2,-0.016,0.0,0,1
235.0,46.137,51.491,22.611,1.5,1.5,14,2,-0.003,0.0,0,1
235.2,46.119,51.501,22.905,1.5,1.5,14,2,-0.019,0.0,0,1
235.4,46.105,51.499,23.084,1.5,1.5,14,2,-0.013,0.0,0,1
235.6,46.105,51.466,22.948,1.5,1.5,14,2,-0.001,0.0,0,1
235.8,46.087,51.441,23.034,1.5,1.5,14,2,-0.017,0.001,0,1
236.0,46.079,51.431,23.14,1.5,1.5,14,2,-0.009,0.001,0,1
236.2,46.069,51.422,23.252,1.5,1.5,14,2,-0.01,0.001,0,1
236.4,46.058,51.416,23.434,1.5,1.5,14,2,-0.011,0.001,0,1
236.6,46.054,51.392,23.474,1.5,1.5,14,2,-0.004,0.001,0,1
236.8,46.06,51.389,23.473,1.5,1.5,14,2,0.007,0.001,0,1
237.0,46.054,51.382,23.437,1.5,1.5,14,2,-0.007,0.001,0,1
237.2,46.057,51.372,23.348,1.5,1.5,14,2,0.003,0.0,0,1
237.4,46.068,51.385,23.324,1.5,1.5,14,2,0.011,0.0,0,1
237.6,46.08,51.389,23.122,1.5,1.5,14,2,0.012,0.0,0,1
237.8,46.078,51.392,23.158,1.5,1.5,14,2,-0.002,0.0,0,1
238.0,46.075,51.395,23.329,1.5,1.5,14,2,-0.003,0.0,0,1
238.2,46.064,51.382,23.436,1.5,1.5,14,2,-0.011,0.0,0,1
238.4,46.062,51.392,23.492,1.5,1.5,14,2,-0.002,0.0,0,1
238.6,46.062,51.386,23.531,1.5,1.5,14,2,0.001,0.0,0,1
238.8,46.056,51.405,23.652,1.5,1.5,14,2,-0.006,0.0,0,1
239.0,46.065,51.419,23.609,1.5,1.5,14,2,0.009,0.0,0,1
239.2,46.039,51.419,23.946,1.5,1.5,14,2,-0.026,0.0,0,1
239.4,46.037,51.402,24.304,1.5,1.5,14,2,-0.001,0.0,0,1
239.6,46.04,51.39,24.44,1.5,1.5,14,2,0.003,0.0,0,1
239.8,46.041,51.385,24.518,1.5,1.5,14,2,0.001,0.0,0,1
240.0,46.03,51.387,24.558,1.5,1.5,14,2,-0.011,0.0,0,1
240.2,46.021,51.395,24.872,1.5,1.5,14,2,-0.008,0.0,0,1
240.4,46.025,51.401,25.027,1.5,1.5,14,2,0.004,0.0,0,1
240.6,46.014,51.41,25.199,1.5,1.5,14,2,-0.011,0.0,0,1
240.8,46.024,51.417,25.147,1.5,1.5,14,2,0.009,0.0,0,1
241.0,46.036,51.433,25.138,1.5,1.5,14,2,0.012,0.0,0,1
241.2,46.029,51.429,25.173,1.5,1.5,14,2,-0.006,0.0,0,1
241.4,46.059,51.416,24.972,1.5,1.5,14,2,0.03,0.0,0,1
241.6,46.068,51.425,24.967,1.5,1.5,14,2,0.009,0.0,0,1
241.8,46.059,51.423,25.131,1.5,1.5,14,2,-0.009,0.0,0,1
242.0,46.065,51.445,25.241,1.5,1.5,14,2,0.006,0.0,0,1
242.2,46.051,51.456,25.535,1.5,1.5,14,2,-0.015,0.0,0,1
242.4,46.043,51.455,25.649,1.5,1.5,14,2,-0.008,0.0,0,1
242.6,46.054,51.454,25.831,1.5,1.5,14,2,0.011,0.0,0,1
242.8,46.045,51.456,25.8,1.5,1.5,14,2,-0.009,0.0,0,1
243.0,46.039,51.441,25.751,1.5,1.5,14,2,-0.006,0.0,0,1
243.2,46.047,51.441,25.559,1.5,1.5,14,2,0.008,0.0,0,1
243.4,46.04,51.443,25.51,1.5,1.5,14,2,-0.007,0.0,0,1
243.6,46.039,51.457,25.521,1.5,1.5,14,2,-0.002,0.0,0,1
243.8,46.037,51.442,25.544,1.5,1.5,14,2,-0.002,0.0,0,1
244.0,46.034,51.435,25.495,1.5,1.5,14,2,-0.002,0.0,0,1
244.2,46.035,51.427,25.561,1.5,1.5,14,2,0.001,0.0,0,1
244.4,46.021,51.427,25.74,1.5,1.5,14,2,-0.014,0.0,0,1
244.6,46.031,51.408,25.854,1.5,1.5,14,2,0.01,0.0,0,1
244.8,46.027,51.38,25.883,1.5,1.5,14,2,-0.005,0.0,0,1
245.0,46.028,51.364,25.749,1.5,1.5,14,2,0.001,0.0,0,1
245.2,46.055,51.355,25.297,1.5,1.5,14,2,0.027,0.0,0,1
245.4,46.058,51.349,25.115,1.5,1.5,14,2,0.003,0.0,0,1
245.6,46.045,51.331,25.177,1.5,1.5,14,2,-0.013,0.0,0,1
245.8,46.046,51.319,24.998,1.5,1.5,14,2,0.001,0.0,0,1
246.0,46.045,51.309,24.749,1.5,1.5,14,2,-0.0,0.0,0,1
246.2,46.059,51.302,24.532,1.5,1.5,14,2,0.014,0.0,0,1
246.4,46.058,51.306,24.452,1.5,1.5,14,2,-0.001,0.0,0,1
246.6,46.048,51.299,24.51,1.5,1.5,14,2,-0.01,0.0,0,1
246.8,46.045,51.305,24.824,1.5,1.5,14,2,-0.003,0.0,0,1
247.0,46.047,51.296,24.902,1.5,1.5,14,2,0.003,0.0,0,1
247.2,46.043,51.311,25.028,1.5,1.5,14,2,-0.004,0.0,0,1
247.4,46.065,51.325,24.773,1.5,1.5,14,2,0.022,0.0,0,1
247.6,46.072,51.318,24.934,1.5,1.5,14,2,0.006,0.0,0,1
247.8,46.064,51.314,25.104,1.5,1.5,14,2,-0.008,0.0,0,1
248.0,46.065,51.318,25.052,1.5,1.5,14,2,0.002,0.0,0,1
248.2,46.07,51.313,25.087,1.5,1.5,14,2,0.005,0.0,0,1
248.4,46.074,51.314,25.109,1.5,1.5,14,2,0.004,0.0,0,1
248.6,46.076,51.336,25.155,1.5,1.5,14,2,0.001,0.0,0,1
248.8,46.094,51.342,24.718,1.5,1.5,14,2,0.018,0.0,0,1
249.0,46.129,51.358,24.274,1.5,1.5,14,2,0.035,0.0,0,1
249.2,46.122,51.387,24.331,1.5,1.5,14,2,-0.007,0.001,0,1
249.4,46.134,51.404,24.207,1.5,1.5,14,2,0.012,0.001,0,1
249.6,46.155,51.432,23.963,1.5,1.5,14,2,0.021,0.001,0,1
249.8,46.16,51.452,23.816,1.5,1.5,14,2,0.006,0.001,0,1
250.0,46.171,51.48,23.841,1.5,1.5,14,2,0.01,0.001,0,1
250.2,46.177,51.488,23.811,1.5,1.5,14,2,0.006,0.001,0,1
250.4,46.183,51.488,23.789,1.5,1.5,14,2,0.006,0.001,0,1
250.6,46.194,51.504,23.585,1.5,1.5,14,2,0.012,0.001,0,1
250.8,46.186,51.522,23.759,1.5,1.5,14,2,-0.008,0.001,0,1
251.0,46.198,51.54,23.608,1.5,1.5,14,2,0.012,0.001,0,1
251.2,46.206,51.554,23.728,1.5,1.5,14,2,0.007,0.0,0,1
251.4,46.204,51.56,23.835,1.5,1.5,14,2,-0.001,0.0,0,1
251.6,46.203,51.541,23.828,1.5,1.5,14,2,-0.002,0.0,0,1
251.8,46.202,51.542,23.844,1.5,1.5,14,2,-0.001,0.0,0,1
252.0,46.192,51.524,23.742,1.5,1.5,14,2,-0.01,0.0,0,1
252.2,46.211,51.51,23.466,1.5,1.5,14,2,0.019,0.0,0,1
252.4,46.222,51.496,23.376,1.5,1.5,14,2,0.011,0.0,0,1
252.6,46.219,51.478,23.087,1.5,1.5,14,2,-0.003,0.0,0,1
252.8,46.24,51.46,22.784,1.5,1.5,14,2,0.022,0.0,0,1
253.0,46.245,51.439,22.575,1.5,1.5,14,2,0.005,0.0,0,1
253.2,46.257,51.431,22.418,1.5,1.5,14,2,0.012,0.0,0,1
253.4,46.267,51.399,22.098,1.5,1.5,14,2,0.01,0.001,0,1
253.6,46.266,51.38,22.151,1.5,1.5,14,2,-0.001,0.001,0,1
253.8,46.269,51.381,22.115,1.5,1.5,14,2,0.003,0.001,0,1
254.0,46.261,51.374,22.098,1.5,1.5,14,2,-0.008,0.0,0,1
254.2,46.26,51.368,21.935,1.5,1.5,14,2,-0.001,0.0,0,1
254.4,46.256,51.349,21.927,1.5,1.5,14,2,-0.004,0.0,0,1
254.6,46.241,51.345,21.984,1.5,1.5,14,2,-0.014,0.0,0,1
254.8,46.221,51.319,22.007,1.5,1.5,14,2,-0.021,0.0,0,1
255.0,46.212,51.29,22.027,1.5,1.5,14,2,-0.009,0.0,0,1
255.2,46.207,51.266,21.937,1.5,1.5,14,2,-0.005,0.001,0,1
255.4,46.2,51.24,21.798,1.5,1.5,14,2,-0.007,0.001,0,1
255.6,46.193,51.228,21.665,1.5,1.5,14,2,-0.007,0.001,0,1
255.8,46.202,51.187,21.523,1.5,1.5,14,2,0.009,0.001,0,1
256.0,46.199,51.166,21.333,1.5,1.5,14,2,-0.003,0.001,0,1
256.2,46.192,51.167,21.308,1.5,1.5,14,2,-0.007,0.0,0,1
256.4,46.19,51.163,21.358,1.5,1.5,14,2,-0.002,0.0,0,1
256.6,46.194,51.151,21.28,1.5,1.5,14,2,0.004,0.0,0,1
256.8,46.191,51.134,21.192,1.5,1.5,14,2,-0.004,0.0,0,1
257.0,46.181,51.14,21.266,1.5,1.5,14,2,-0.01,0.0,0,1
257.2,46.172,51.126,21.237,1.5,1.5,14,2,-0.009,0.0,0,1
257.4,46.163,51.115,21.283,1.5,1.5,14,2,-0.009,0.0,0,1
257.6,46.16,51.103,21.305,1.5,1.5,14,2,-0.003,0.0,0,1
257.8,46.161,51.1,21.145,1.5,1.5,14,2,0.001,0.0,0,1
258.0,46.166,51.092,21.04,1.5,1.5,14,2,0.005,0.0,0,1
258.2,46.175,51.104,20.834,1.5,1.5,14,2,0.009,0.0,0,1
258.4,46.177,51.098,20.656,1.5,1.5,14,2,0.002,0.0,0,1
258.6,46.18,51.098,20.729,1.5,1.5,14,2,0.003,0.0,0,1
258.8,46.185,51.095,20.587,1.5,1.5,14,2,0.005,0.0,0,1
259.0,46.187,51.085,20.62,1.5,1.5,14,2,0.002,0.0,0,1
259.2,46.179,51.084,20.811,1.5,1.5,14,2,-0.008,0.0,0,1
259.4,46.178,51.09,20.8,1.5,1.5,14,2,-0.001,0.0,0,1
259.6,46.176,51.084,20.854,1.5,1.5,14,2,-0.002,0.0,0,1
259.8,46.184,51.095,21.024,1.5,1.5,14,2,0.008,0.0,0,1
260.0,46.196,51.103,20.868,1.5,1.5,14,2,0.012,0.0,0,1
260.2,46.213,51.117,20.775,1.5,1.5,14,2,0.017,0.0,0,1
260.4,46.233,51.123,20.579,1.5,1.5,14,2,0.02,0.0,0,1
260.6,46.248,51.136,20.491,1.5,1.5,14,2,0.015,0.001,0,1
260.8,46.265,51.147,20.503,1.5,1.5,14,2,0.017,0.001,0,1
261.0,46.269,51.156,20.527,1.5,1.5,14,2,0.005,0.001,0,1
261.2,46.264,51.171,20.645,1.5,1.5,14,2,-0.006,0.001,0,1
261.4,46.255,51.185,20.795,1.5,1.5,14,2,-0.008,0.001,0,1
261.6,46.233,51.195,20.998,1.5,1.5,14,2,-0.022,0.001,0,1
261.8,46.227,51.208,21.345,1.5,1.5,14,2,-0.006,0.001,0,1
262.0,46.222,51.221,21.378,1.5,1.5,14,2,-0.005,0.0,0,1
262.2,46.223,51.234,21.517,1.5,1.5,14,2,0.001,0.0,0,1
262.4,46.213,51.253,21.721,1.5,1.5,14,2,-0.01,0.0,0,1
262.6,46.212,51.279,21.839,1.5,1.5,14,2,-0.001,0.0,0,1
262.8,46.212,51.3,21.898,1.5,1.5,14,2,-0.0,0.0,0,1
263.0,46.211,51.323,22.04,1.5,1.5,14,2,-0.0,0.0,0,1
263.2,46.218,51.344,22.161,1.5,1.5,14,2,0.006,0.0,0,1
263.4,46.214,51.368,22.325,1.5,1.5,14,2,-0.004,0.0,0,1
263.6,46.223,51.382,22.437,1.5,1.5,14,2,0.009,0.0,0,1
263.8,46.222,51.393,22.564,1.5,1.5,14,2,-0.0,0.0,0,1
264.0,46.226,51.411,22.594,1.5,1.5,14,2,0.003,0.0,0,1
264.2,46.227,51.413,22.438,1.5,1.5,14,2,0.002,0.0,0,1
264.4,46.227,51.42,22.43,1.5,1.5,14,2,-0.0,0.0,0,1
264.6,46.24,51.417,22.322,1.5,1.5,14,2,0.013,0.0,0,1
264.8,46.245,51.418,22.274,1.5,1.5,14,2,0.004,0.0,0,1
265.0,46.242,51.401,22.301,1.5,1.5,14,2,-0.003,0.0,0,1
265.2,46.228,51.402,22.346,1.5,1.5,14,2,-0.013,0.0,0,1
265.4,46.23,51.399,22.301,1.5,1.5,14,2,0.001,0.0,0,1
265.6,46.242,51.371,22.066,1.5,1.5,14,2,0.012,0.0,0,1
265.8,46.248,51.372,21.972,1.5,1.5,14,2,0.006,0.0,0,1
266.0,46.251,51.354,21.76,1.5,1.5,14,2,0.003,0.0,0,1
266.2,46.248,51.34,21.818,1.5,1.5,14,2,-0.002,0.0,0,1
266.4,46.255,51.331,21.798,1.5,1.5,14,2,0.006,0.0,0,1
266.6,46.26,51.317,21.732,1.5,1.5,14,2,0.005,0.0,0,1
266.8,46.254,51.29,21.721,1.5,1.5,14,2,-0.006,0.0,0,1
267.0,46.257,51.294,21.618,1.5,1.5,14,2,0.003,0.0,0,1
267.2,46.257,51.275,21.517,1.5,1.5,14,2,-0.0,0.0,0,1
267.4,46.268,51.261,21.307,1.5,1.5,14,2,0.011,0.0,0,1
267.6,46.268,51.254,21.324,1.5,1.5,14,2,-0.001,0.0,0,1
267.8,46.273,51.254,21.203,1.5,1.5,14,2,0.006,0.0,0,1
268.0,46.281,51.242,21.001,1.5,1.5,14,2,0.007,0.0,0,1
268.2,46.306,51.216,20.543,1.5,1.5,14,2,0.026,0.0,0,1
268.4,46.328,51.205,20.199,1.5,1.5,14,2,0.022,0.001,0,1
268.6,46.329,51.192,20.088,1.5,1.5,14,2,0.001,0.001,0,1
268.8,46.329,51.179,20.008,1.5,1.5,14,2,0.0,0.001,0,1
269.0,46.32,51.146,20.073,1.5,1.5,14,2,-0.01,0.001,0,1
269.2,46.313,51.125,19.995,1.5,1.5,14,2,-0.006,0.001,0,1
269.4,46.312,51.107,19.944,1.5,1.5,14,2,-0.002,0.001,0,1
269.6,46.31,51.096,19.989,1.5,1.5,14,2,-0.002,0.0,0,1
269.8,46.301,51.099,19.998,1.5,1.5,14,2,-0.009,0.0,0,1
270.0,46.307,51.077,19.818,1.5,1.5,14,2,0.006,0.0,0,1
270.2,46.304,51.076,19.819,1.5,1.5,14,2,-0.003,0.0,0,1
270.4,46.301,51.094,19.699,1.5,1.5,14,2,-0.003,0.0,0,1
270.6,46.3,51.097,19.658,1.5,1.5,14,2,-0.002,0.0,0,1
270.8,46.305,51.096,19.558,1.5,1.5,14,2,0.005,0.0,0,1
271.0,46.309,51.121,19.583,1.5,1.5,14,2,0.004,0.0,0,1
271.2,46.302,51.113,19.556,1.5,1.5,14,2,-0.007,0.0,0,1
271.4,46.294,51.135,19.486,1.5,1.5,14,2,-0.007,0.0,0,1
271.6,46.281,51.143,19.648,1.5,1.5,14,2,-0.014,0.0,0,1
271.8,46.278,51.148,19.532,1.5,1.5,14,2,-0.003,0.0,0,1
272.0,46.27,51.129,19.461,1.5,1.5,14,2,-0.008,0.0,0,1
272.2,46.272,51.109,19.288,1.5,1.5,14,2,0.002,0.0,0,1
272.4,46.284,51.094,19.284,1.5,1.5,14,2,0.012,0.0,0,1
272.6,46.287,51.076,19.483,1.5,1.5,14,2,0.003,0.0,0,1
272.8,46.294,51.078,19.476,1.5,1.5,14,2,0.007,0.0,0,1
273.0,46.285,51.06,19.576,1.5,1.5,14,2,-0.008,0.0,0,1
273.2,46.289,51.066,19.648,1.5,1.5,14,2,0.003,0.0,0,1
273.4,46.277,51.071,19.787,1.5,1.5,14,2,-0.012,0.0,0,1
273.6,46.277,51.067,19.708,1.5,1.5,14,2,-0.0,0.0,0,1
273.8,46.277,51.071,19.8,1.5,1.5,14,2,-0.0,0.0,0,1
274.0,46.265,51.061,20.084,1.5,1.5,14,2,-0.011,0.0,0,1
274.2,46.28,51.044,19.944,1.5,1.5,14,2,0.015,0.0,0,1
274.4,46.266,51.012,20.104,1.5,1.5,14,2,-0.015,0.0,0,1
274.6,46.25,51.006,20.443,1.5,1.5,14,2,-0.016,0.0,0,1
274.8,46.243,51.021,20.586,1.5,1.5,14,2,-0.007,0.0,0,1
275.0,46.231,51.056,20.871,1.5,1.5,14,2,-0.012,0.0,0,1
275.2,46.222,51.001,21.053,1.5,1.5,14,2,-0.009,0.0,0,1
275.4,46.224,51.022,21.104,1.5,1.5,14,2,0.002,0.0,0,1
275.6,46.212,51.011,21.264,1.5,1.5,14,2,-0.012,0.001,0,1
275.8,46.204,51.017,21.343,1.5,1.5,14,2,-0.008,0.001,0,1
276.0,46.21,51.075,21.314,1.5,1.5,14,2,0.006,0.001,0,1
276.2,46.215,51.057,21.11,1.5,1.5,14,2,0.006,0.0,0,1
276.4,46.212,51.083,21.294,1.5,1.5,14,2,-0.003,0.0,0,1
276.6,46.191,51.058,21.604,1.5,1.5,14,2,-0.021,0.0,0,1
276.8,46.176,51.047,22.03,1.5,1.5,14,2,-0.016,0.0,0,1
277.0,46.149,51.101,22.625,1.5,1.5,14,2,-0.027,0.0,0,1
277.2,46.128,51.06,23.001,1.5,1.5,14,2,-0.021,0.001,0,1
277.4,46.112,51.087,23.356,1.5,1.5,14,2,-0.016,0.001,0,1
277.6,46.113,51.123,23.534,1.5,1.5,14,2,0.001,0.002,0,1
277.8,46.118,51.067,23.4,1.5,1.5,14,2,0.006,0.002,0,1
278.0,46.126,51.099,23.381,1.5,1.5,14,2,0.008,0.002,0,1
278.2,46.127,51.049,23.097,1.5,1.5,14,2,0.001,0.001,0,1
278.4,46.114,51.022,23.304,1.5,1.5,14,2,-0.013,0.001,0,1
278.6,46.11,51.065,23.262,1.5,1.5,14,2,-0.004,0.0,0,1
278.8,46.097,51.029,23.456,1.5,1.5,14,2,-0.012,0.0,0,1
279.0,46.111,51.079,23.285,1.5,1.5,14,2,0.013,0.0,0,1
279.2,46.124,51.013,22.936,1.5,1.5,14,2,0.014,0.0,0,1
279.4,46.145,51.078,22.786,1.5,1.5,14,2,0.02,0.0,0,1
279.6,46.148,51.054,22.605,1.5,1.5,14,2,0.003,0.0,0,1
279.8,46.151,51.044,22.517,1.5,1.5,14,2,0.003,0.0,0,1
280.0,46.147,51.019,22.478,1.5,1.5,14,2,-0.004,0.0,0,1
280.2,46.155,51.004,22.354,1.5,1.5,14,2,0.008,0.0,0,1
280.4,46.164,51.052,22.277,1.5,1.5,14,2,0.009,0.0,0,1
280.6,46.175,51.03,22.168,1.5,1.5,14,2,0.011,0.001,0,1
280.8,46.181,51.052,22.055,1.5,1.5,14,2,0.006,0.0,0,1
281.0,46.177,51.02,21.933,1.5,1.5,14,2,-0.004,0.0,0,1
281.2,46.183,51.067,21.933,1.5,1.5,14,2,0.005,0.0,0,1
281.4,46.191,51.049,21.653,1.5,1.5,14,2,0.008,0.0,0,1
281.6,46.205,51.094,21.535,1.5,1.5,14,2,0.014,0.0,0,1
281.8,46.212,51.047,21.386,1.5,1.5,14,2,0.008,0.0,0,1
282.0,46.237,51.101,21.187,1.5,1.5,14,2,0.024,0.001,0,1
282.2,46.238,51.108,21.105,1.5,1.5,14,2,0.001,0.001,0,1
282.4,46.243,51.063,20.836,1.5,1.5,14,2,0.005,0.001,0,1
282.6,46.257,51.059,20.705,1.5,1.5,14,2,0.014,0.001,0,1
282.8,46.26,51.074,20.575,1.5,1.5,14,2,0.003,0.001,0,1
283.0,46.27,51.081,20.458,1.5,1.5,14,2,0.011,0.001,0,1
283.2,46.274,51.09,20.406,1.5,1.5,14,2,0.003,0.001,0,1
283.4,46.279,51.096,20.327,1.5,1.5,14,2,0.005,0.001,0,1
283.6,46.289,51.127,20.319,1.5,1.5,14,2,0.01,0.0,0,1
283.8,46.301,51.141,20.239,1.5,1.5,14,2,0.012,0.0,0,1
284.0,46.32,51.141,20.014,1.5,1.5,14,2,0.02,0.001,0,1
284.2,46.333,51.158,20.057,1.5,1.5,14,2,0.013,0.001,0,1
284.4,46.337,51.157,20.07,1.5,1.5,14,2,0.004,0.001,0,1
284.6,46.351,51.171,19.949,1.5,1.5,14,2,0.014,0.001,0,1
284.8,46.359,51.176,19.778,1.5,1.5,14,2,0.008,0.001,0,1
285.0,46.374,51.153,19.656,1.5,1.5,14,2,0.015,0.001,0,1
285.2,46.381,51.153,19.583,1.5,1.5,14,2,0.006,0.001,0,1
285.4,46.394,51.144,19.388,1.5,1.5,14,2,0.013,0.001,0,1
285.6,46.408,51.139,19.169,1.5,1.5,14,2,0.014,0.001,0,1
285.8,46.409,51.13,19.303,1.5,1.5,14,2,0.001,0.001,0,1
286.0,46.41,51.127,19.324,1.5,1.5,14,2,0.002,0.001,0,1
286.2,46.423,51.131,19.046,1.5,1.5,14,2,0.013,0.001,0,1
286.4,46.424,51.123,19.095,1.5,1.5,14,2,0.001,0.001,0,1
286.6,46.404,51.109,19.333,1.5,1.5,14,2,-0.02,0.0,0,1
286.8,46.38,51.11,19.61,1.5,1.5,14,2,-0.024,0.0,0,1
287.0,46.378,51.102,19.642,1.5,1.5,14,2,-0.002,0.0,0,1
287.2,46.378,51.096,19.774,1.5,1.5,14,2,-0.001,0.0,0,1
287.4,46.37,51.095,19.816,1.5,1.5,14,2,-0.007,0.0,0,1
287.6,46.37,51.103,19.795,1.5,1.5,14,2,-0.0,0.0,0,1
287.8,46.373,51.112,19.747,1.5,1.5,14,2,0.003,0.0,0,1
288.0,46.369,51.102,19.795,1.5,1.5,14,2,-0.004,0.0,0,1
288.2,46.372,51.099,19.636,1.5,1.5,14,2,0.002,0.0,0,1
288.4,46.359,51.13,19.911,1.5,1.5,14,2,-0.013,0.0,0,1
288.6,46.352,51.151,20.111,1.5,1.5,14,2,-0.006,0.0,0,1
288.8,46.342,51.163,20.256,1.5,1.5,14,2,-0.01,0.0,0,1
289.0,46.326,51.163,20.495,1.5,1.5,14,2,-0.017,0.0,0,1
289.2,46.32,51.168,20.566,1.5,1.5,14,2,-0.006,0.0,0,1
289.4,46.331,51.163,20.346,1.5,1.5,14,2,0.011,0.0,0,1
289.6,46.329,51.174,20.258,1.5,1.5,14,2,-0.002,0.0,0,1
289.8,46.315,51.186,20.46,1.5,1.5,14,2,-0.013,0.0,0,1
290.0,46.322,51.189,20.392,1.5,1.5,14,2,0.007,0.0,0,1
290.2,46.321,51.203,20.419,1.5,1.5,14,2,-0.001,0.0,0,1
290.4,46.321,51.183,20.42,1.5,1.5,14,2,-0.0,0.0,0,1
290.6,46.32,51.186,20.484,1.5,1.5,14,2,-0.002,0.0,0,1
290.8,46.309,51.18,20.469,1.5,1.5,14,2,-0.01,0.0,0,1
291.0,46.303,51.171,20.521,1.5,1.5,14,2,-0.006,0.0,0,1
291.2,46.288,51.165,20.552,1.5,1.5,14,2,-0.016,0.0,0,1
291.4,46.286,51.152,20.571,1.5,1.5,14,2,-0.002,0.0,0,1
291.6,46.278,51.151,20.651,1.5,1.5,14,2,-0.008,0.0,0,1
291.8,46.278,51.144,20.489,1.5,1.5,14,2,0.0,0.0,0,1
292.0,46.274,51.131,20.502,1.5,1.5,14,2,-0.004,0.0,0,1
292.2,46.27,51.125,20.569,1.5,1.5,14,2,-0.004,0.0,0,1
292.4,46.259,51.115,20.639,1.5,1.5,14,2,-0.011,0.0,0,1
292.6,46.245,51.113,20.79,1.5,1.5,14,2,-0.014,0.0,0,1
292.8,46.241,51.107,20.951,1.5,1.5,14,2,-0.004,0.0,0,1
293.0,46.23,51.107,21.149,1.5,1.5,14,2,-0.011,0.0,0,1
293.2,46.215,51.099,21.355,1.5,1.5,14,2,-0.014,0.001,0,1
293.4,46.183,51.081,21.818,1.5,1.5,14,2,-0.032,0.001,0,1
293.6,46.165,51.071,22.116,1.5,1.5,14,2,-0.018,0.001,0,1
293.8,46.171,51.068,22.073,1.5,1.5,14,2,0.006,0.001,0,1
294.0,46.179,51.061,21.89,1.5,1.5,14,2,0.008,0.001,0,1
294.2,46.19,51.06,21.571,1.5,1.5,14,2,0.011,0.001,0,1
294.4,46.197,51.046,21.443,1.5,1.5,14,2,0.007,0.001,0,1
294.6,46.19,51.038,21.57,1.5,1.5,14,2,-0.007,0.001,0,1
294.8,46.18,51.049,21.71,1.5,1.5,14,2,-0.01,0.0,0,1
295.0,46.192,51.054,21.612,1.5,1.5,14,2,0.013,0.0,0,1
295.2,46.202,51.056,21.436,1.5,1.5,14,2,0.01,0.0,0,1
295.4,46.215,51.051,21.239,1.5,1.5,14,2,0.013,0.0,0,1
295.6,46.21,51.044,21.451,1.5,1.5,14,2,-0.005,0.0,0,1
295.8,46.206,51.046,21.767,1.5,1.5,14,2,-0.004,0.0,0,1
296.0,46.228,51.048,21.611,1.5,1.5,14,2,0.022,0.0,0,1
296.2,46.266,51.063,21.277,1.5,1.5,14,2,0.038,0.001,0,1
296.4,46.275,51.07,21.336,1.5,1.5,14,2,0.009,0.001,0,1
296.6,46.278,51.07,21.319,1.5,1.5,14,2,0.004,0.001,0,1
296.8,46.281,51.088,21.369,1.5,1.5,14,2,0.003,0.001,0,1
297.0,46.273,51.092,21.736,1.5,1.5,14,2,-0.009,0.001,0,1
297.2,46.259,51.08,21.863,1.5,1.5,14,2,-0.014,0.001,0,1
297.4,46.255,51.08,22.071,1.5,1.5,14,2,-0.004,0.001,0,1
297.6,46.255,51.072,22.106,1.5,1.5,14,2,0.001,0.001,0,1
297.8,46.245,51.098,22.306,1.5,1.5,14,2,-0.011,0.0,0,1
298.0,46.241,51.102,22.463,1.5,1.5,14,2,-0.004,0.0,0,1
298.2,46.244,51.108,22.615,1.5,1.5,14,2,0.003,0.0,0,1
298.4,46.244,51.11,22.455,1.5,1.5,14,2,0.0,0.0,0,1
298.6,46.235,51.107,22.549,1.5,1.5,14,2,-0.009,0.0,0,1
298.8,46.246,51.121,22.523,1.5,1.5,14,2,0.012,0.0,0,1
299.0,46.236,51.132,22.712,1.5,1.5,14,2,-0.011,0.0,0,1
299.2,46.221,51.12,22.826,1.5,1.5,14,2,-0.015,0.0,0,1
299.4,46.226,51.102,22.646,1.5,1.5,14,2,0.005,0.0,0,1
299.6,46.216,51.082,22.478,1.5,1.5,14,2,-0.01,0.0,0,1
299.8,46.213,51.064,22.383,1.5,1.5,14,2,-0.003,0.0,0,1
300.0,46.208,51.033,22.252,1.5,1.5,14,2,-0.005,0.0,0,1
300.2,46.211,51.027,22.231,1.5,1.5,14,2,0.003,0.0,0,1
300.4,46.207,51.015,22.355,1.5,1.5,14,2,-0.004,0.0,0,1
300.6,46.198,50.989,22.303,1.5,1.5,14,2,-0.009,0.0,0,1
300.8,46.195,50.977,22.281,1.5,1.5,14,2,-0.003,0.0,0,1
301.0,46.199,50.992,22.134,1.5,1.5,14,2,0.004,0.0,0,1
301.2,46.199,51.005,22.103,1.5,1.5,14,2,0.001,0.0,0,1
301.4,46.185,50.95,22.188,1.5,1.5,14,2,-0.014,0.0,0,1
301.6,46.169,50.966,22.432,1.5,1.5,14,2,-0.017,0.0,0,1
301.8,46.144,50.984,22.727,1.5,1.5,14,2,-0.025,0.0,0,1
302.0,46.129,51.013,22.894,1.5,1.5,14,2,-0.015,0.001,0,1
302.2,46.136,50.958,22.673,1.5,1.5,14,2,0.007,0.001,0,1
302.4,46.144,50.948,22.446,1.5,1.5,14,2,0.008,0.001,0,1
302.6,46.133,50.951,22.493,1.5,1.5,14,2,-0.011,0.001,0,1
302.8,46.128,50.961,22.399,1.5,1.5,14,2,-0.005,0.001,0,1
303.0,46.127,50.989,22.356,1.5,1.5,14,2,-0.001,0.001,0,1
303.2,46.109,50.923,22.362,1.5,1.5,14,2,-0.018,0.0,0,1
303.4,46.106,50.955,22.204,1.5,1.5,14,2,-0.004,0.0,0,1
303.6,46.113,50.992,22.099,1.5,1.5,14,2,0.008,0.0,0,1
303.8,46.114,50.969,21.882,1.5,1.5,14,2,0.0,0.0,0,1
304.0,46.108,50.989,22.038,1.5,1.5,14,2,-0.005,0.0,0,1
304.2,46.115,50.997,22.104,1.5,1.5,14,2,0.007,0.0,0,1
304.4,46.095,50.966,22.313,1.5,1.5,14,2,-0.02,0.0,0,1
304.6,46.087,50.986,22.337,1.5,1.5,14,2,-0.008,0.0,0,1
304.8,46.081,50.973,22.362,1.5,1.5,14,2,-0.006,0.0,0,1
305.0,46.083,50.979,22.358,1.5,1.5,14,2,0.002,0.0,0,1
305.2,46.075,51.005,22.579,1.5,1.5,14,2,-0.008,0.0,0,1
305.4,46.078,50.986,22.468,1.5,1.5,14,2,0.003,0.0,0,1
305.6,46.06,50.993,22.805,1.5,1.5,14,2,-0.018,0.0,0,1
305.8,46.058,51.038,22.869,1.5,1.5,14,2,-0.002,0.0,0,1
306.0,46.031,50.993,23.211,1.5,1.5,14,2,-0.027,0.0,0,1
306.2,46.017,50.994,23.389,1.5,1.5,14,2,-0.014,0.001,0,1
306.4,46.037,50.996,23.162,1.5,1.5,14,2,0.02,0.001,0,1
306.6,46.027,50.957,23.274,1.5,1.5,14,2,-0.01,0.001,0,1
306.8,46.009,50.981,23.501,1.5,1.5,14,2,-0.018,0.001,0,1
307.0,45.991,50.953,23.804,1.5,1.5,14,2,-0.018,0.001,0,1
307.2,45.977,50.981,24.214,1.5,1.5,14,2,-0.014,0.001,0,1
307.4,45.964,50.961,24.349,1.5,1.5,14,2,-0.014,0.001,0,1
307.6,45.971,51.005,24.467,1.5,1.5,14,2,0.008,0.001,0,1
307.8,45.972,50.993,24.534,1.5,1.5,14,2,0.001,0.001,0,1
308.0,45.966,50.989,24.716,1.5,1.5,14,2,-0.006,0.001,0,1
308.2,45.952,51.026,25.014,1.5,1.5,14,2,-0.014,0.001,0,1
308.4,45.942,50.971,24.936,1.5,1.5,14,2,-0.01,0.001,0,1
308.6,45.953,50.99,24.878,1.5,1.5,14,2,0.011,0.0,0,1
308.8,45.958,51.036,24.863,1.5,1.5,14,2,0.005,0.0,0,1
309.0,45.953,51.035,24.879,1.5,1.5,14,2,-0.005,0.0,0,1
309.2,45.949,50.996,24.773,1.5,1.5,14,2,-0.005,0.0,0,1
309.4,45.944,50.991,24.676,1.5,1.5,14,2,-0.004,0.0,0,1
309.6,45.946,50.992,24.649,1.5,1.5,14,2,0.002,0.0,0,1
309.8,45.948,51.018,24.538,1.5,1.5,14,2,0.002,0.0,0,1
310.0,45.946,50.981,24.425,1.5,1.5,14,2,-0.002,0.0,0,1
310.2,45.979,50.983,23.76,1.5,1.5,14,2,0.033,0.0,0,1
310.4,46.025,51.025,22.886,1.5,1.5,14,2,0.046,0.001,0,1
310.6,46.06,51.022,22.109,1.5,1.5,14,2,0.035,0.001,0,1
310.8,46.068,51.0,21.83,1.5,1.5,14,2,0.007,0.002,0,1
311.0,46.075,50.987,21.54,1.5,1.5,14,2,0.007,0.003,0,1
311.2,46.089,51.027,21.48,1.5,1.5,14,2,0.014,0.003,0,1
311.4,46.083,51.012,21.507,1.5,1.5,14,2,-0.006,0.003,0,1
311.6,46.07,51.0,21.547,1.5,1.5,14,2,-0.013,0.003,0,1
311.8,46.079,50.941,21.324,1.5,1.5,14,2,0.009,0.002,0,1
312.0,46.091,50.978,21.248,1.5,1.5,14,2,0.012,0.001,0,1
312.2,46.095,51.004,21.424,1.5,1.5,14,2,0.004,0.0,0,1
312.4,46.115,50.959,20.963,1.5,1.5,14,2,0.019,0.0,0,1
312.6,46.132,50.967,20.697,1.5,1.5,14,2,0.017,0.0,0,1
312.8,46.154,50.963,20.414,1.5,1.5,14,2,0.022,0.001,0,1
313.0,46.14,50.915,20.44,1.5,1.5,14,2,-0.014,0.001,0,1
313.2,46.148,50.968,20.456,1.5,1.5,14,2,0.008,0.001,0,1
313.4,46.154,50.935,20.357,1.5,1.5,14,2,0.006,0.001,0,1
313.6,46.173,50.949,20.159,1.5,1.5,14,2,0.019,0.001,0,1
313.8,46.18,50.969,20.094,1.5,1.5,14,2,0.007,0.001,0,1
314.0,46.173,50.921,20.154,1.5,1.5,14,2,-0.007,0.001,0,1
314.2,46.174,50.967,20.152,1.5,1.5,14,2,0.001,0.0,0,1
314.4,46.158,50.95,20.318,1.5,1.5,14,2,-0.016,0.0,0,1
314.6,46.14,50.931,20.437,1.5,1.5,14,2,-0.018,0.0,0,1
314.8,46.119,50.935,20.77,1.5,1.5,14,2,-0.021,0.0,0,1
315.0,46.079,50.899,21.311,1.5,1.5,14,2,-0.039,0.001,0,1
315.2,46.058,50.935,21.91,1.5,1.5,14,2,-0.022,0.002,0,1
315.4,46.03,50.966,22.532,1.5,1.5,14,2,-0.028,0.003,0,1
315.6,46.012,50.916,22.859,1.5,1.5,14,2,-0.018,0.004,0,1
315.8,45.993,50.96,23.362,1.5,1.5,14,2,-0.019,0.004,0,1
316.0,45.981,50.976,23.778,1.5,1.5,14,2,-0.012,0.004,0,1
316.2,45.99,50.947,23.669,1.5,1.5,14,2,0.009,0.004,0,1
316.4,46.033,50.981,23.023,1.5,1.5,14,2,0.043,0.003,0,1
316.6,46.042,51.009,23.03,1.5,1.5,14,2,0.009,0.002,0,1
316.8,46.065,50.972,22.511,1.5,1.5,14,2,0.024,0.001,0,1
317.0,46.065,50.973,22.501,1.5,1.5,14,2,-0.0,0.001,0,1
317.2,46.069,51.001,22.508,1.5,1.5,14,2,0.004,0.001,0,1
317.4,46.058,50.952,22.603,1.5,1.5,14,2,-0.012,0.001,0,1
317.6,46.023,50.983,23.171,1.5,1.5,14,2,-0.034,0.001,0,1
317.8,46.016,51.006,23.245,1.5,1.5,14,2,-0.007,0.001,0,1
318.0,46.014,50.967,23.071,1.5,1.5,14,2,-0.002,0.001,0,1
318.2,46.021,50.986,22.893,1.5,1.5,14,2,0.007,0.0,0,1
318.4,46.009,50.989,22.945,1.5,1.5,14,2,-0.012,0.001,0,1
318.6,45.975,50.946,23.281,1.5,1.5,14,2,-0.034,0.001,0,1
318.8,45.975,50.947,23.299,1.5,1.5,14,2,0.0,0.001,0,1
319.0,45.951,50.967,23.702,1.5,1.5,14,2,-0.025,0.001,0,1
319.2,45.943,50.932,23.586,1.5,1.5,14,2,-0.008,0.001,0,1
319.4,45.928,50.93,23.643,1.5,1.5,14,2,-0.015,0.001,0,1
319.6,45.928,50.957,23.5,1.5,1.5,14,2,0.0,0.001,0,1
319.8,45.936,50.962,23.257,1.5,1.5,14,2,0.008,0.001,0,1
320.0,45.921,50.945,23.381,1.5,1.5,14,2,-0.015,0.001,0,1
320.2,45.916,51.007,23.527,1.5,1.5,14,2,-0.005,0.001,0,1
320.4,45.937,51.004,22.97,1.5,1.5,14,2,0.021,0.0,0,1
320.6,45.959,50.998,22.474,1.5,1.5,14,2,0.022,0.0,0,1
320.8,45.93,50.977,22.608,1.5,1.5,14,2,-0.029,0.0,0,1
321.0,45.903,50.993,23.008,1.5,1.5,14,2,-0.028,0.0,0,1
321.2,45.879,51.003,23.318,1.5,1.5,14,2,-0.024,0.0,0,1
321.4,45.843,51.006,23.749,1.5,1.5,14,2,-0.037,0.001,0,1
321.6,45.8,50.959,24.285,1.5,1.5,14,2,-0.042,0.002,0,1
321.8,45.773,50.998,24.642,1.5,1.5,14,2,-0.028,0.003,0,1
322.0,45.744,50.994,25.073,1.5,1.5,14,2,-0.029,0.005,0,1
322.2,45.726,51.029,25.384,1.5,1.5,14,2,-0.018,0.006,0,1
322.4,45.695,50.965,25.737,1.5,1.5,14,2,-0.031,0.007,0,1
322.6,45.693,50.965,25.853,1.5,1.5,14,2,-0.002,0.007,0,1
322.8,45.69,50.974,25.77,1.5,1.5,14,2,-0.003,0.006,0,1
323.0,45.693,50.996,25.82,1.5,1.5,14,2,0.003,0.004,0,1
323.2,45.702,50.997,25.788,1.5,1.5,14,2,0.009,0.003,0,1
323.4,45.701,50.976,26.021,1.5,1.5,14,2,-0.002,0.001,0,1
323.6,45.736,50.967,25.458,1.5,1.5,14,2,0.035,0.001,0,1
323.8,45.758,50.969,25.037,1.5,1.5,14,2,0.022,0.001,0,1
324.0,45.773,51.004,24.758,1.5,1.5,14,2,0.015,0.001,0,1
324.2,45.77,50.941,24.654,1.5,1.5,14,2,-0.003,0.001,0,1
324.4,45.778,50.955,24.547,1.5,1.5,14,2,0.008,0.001,0,1
324.6,45.775,50.978,24.643,1.5,1.5,14,2,-0.003,0.001,0,1
324.8,45.78,50.931,24.557,1.5,1.5,14,2,0.005,0.001,0,1
325.0,45.787,50.968,24.584,1.5,1.5,14,2,0.006,0.001,0,1
325.2,45.8,50.982,24.618,1.5,1.5,14,2,0.013,0.001,0,1
325.4,45.813,50.958,24.549,1.5,1.5,14,2,0.013,0.0,0,1
325.6,45.817,50.95,24.646,1.5,1.5,14,2,0.004,0.0,0,1
325.8,45.819,50.98,24.839,1.5,1.5,14,2,0.002,0.0,0,1
326.0,45.836,50.996,24.548,1.5,1.5,14,2,0.017,0.0,0,1
326.2,45.858,51.0,24.245,1.5,1.5,14,2,0.022,0.001,0,1
326.4,45.854,50.988,24.202,1.5,1.5,14,2,-0.004,0.001,0,1
326.6,45.849,50.998,24.317,1.5,1.5,14,2,-0.005,0.001,0,1
326.8,45.861,51.012,24.112,1.5,1.5,14,2,0.012,0.001,0,1
327.0,45.849,50.984,24.118,1.5,1.5,14,2,-0.011,0.0,0,1
327.2,45.844,50.966,24.127,1.5,1.5,14,2,-0.006,0.0,0,1
327.4,45.825,50.955,24.229,1.5,1.5,14,2,-0.019,0.0,0,1
327.6,45.826,50.933,24.09,1.5,1.5,14,2,0.001,0.0,0,1
327.8,45.829,50.932,24.066,1.5,1.5,14,2,0.004,0.0,0,1
328.0,45.841,51.001,24.036,1.5,1.5,14,2,0.011,0.0,0,1
328.2,45.834,50.992,23.967,1.5,1.5,14,2,-0.007,0.0,0,1
328.4,45.823,50.98,23.951,1.5,1.5,14,2,-0.011,0.0,0,1
328.6,45.833,51.016,23.858,1.5,1.5,14,2,0.01,0.0,0,1
328.8,45.842,51.023,23.749,1.5,1.5,14,2,0.009,0.0,0,1
329.0,45.835,50.984,23.68,1.5,1.5,14,2,-0.007,0.0,0,1
329.2,45.832,50.976,23.676,1.5,1.5,14,2,-0.003,0.0,0,1
329.4,45.845,51.01,23.589,1.5,1.5,14,2,0.013,0.0,0,1
329.6,45.845,51.003,23.524,1.5,1.5,14,2,0.0,0.0,0,1
329.8,45.852,50.949,23.332,1.5,1.5,14,2,0.007,0.0,0,1
330.0,45.852,50.926,23.141,1.5,1.5,14,2,-0.0,0.0,0,1
330.2,45.855,50.947,22.896,1.5,1.5,14,2,0.003,0.0,0,1
330.4,45.868,50.954,22.683,1.5,1.5,14,2,0.013,0.0,0,1
330.6,45.872,50.987,22.63,1.5,1.5,14,2,0.004,0.0,0,1
330.8,45.871,51.018,22.68,1.5,1.5,14,2,-0.001,0.0,0,1
331.0,45.876,51.0,22.527,1.5,1.5,14,2,0.005,0.0,0,1
331.2,45.88,50.99,22.356,1.5,1.5,14,2,0.004,0.0,0,1
331.4,45.879,51.002,22.349,1.5,1.5,14,2,-0.001,0.0,0,1
331.6,45.882,51.023,22.299,1.5,1.5,14,2,0.003,0.0,0,1
331.8,45.894,51.046,22.297,1.5,1.5,14,2,0.012,0.0,0,1
332.0,45.892,50.998,22.177,1.5,1.5,14,2,-0.002,0.0,0,1
332.2,45.9,51.011,22.135,1.5,1.5,14,2,0.008,0.0,0,1
332.4,45.894,51.012,22.183,1.5,1.5,14,2,-0.006,0.0,0,1
332.6,45.895,50.97,22.117,1.5,1.5,14,2,0.001,0.0,0,1
332.8,45.907,51.008,22.183,1.5,1.5,14,2,0.011,0.0,0,1
333.0,45.899,50.987,22.151,1.5,1.5,14,2,-0.008,0.0,0,1
333.2,45.899,51.003,22.287,1.5,1.5,14,2,0.001,0.0,0,1
333.4,45.905,51.033,22.316,1.5,1.5,14,2,0.006,0.0,0,1
333.6,45.901,50.988,22.267,1.5,1.5,14,2,-0.004,0.0,0,1
333.8,45.907,51.008,22.335,1.5,1.5,14,2,0.006,0.0,0,1
334.0,45.911,50.99,22.208,1.5,1.5,14,2,0.004,0.0,0,1
334.2,45.914,50.975,22.194,1.5,1.5,14,2,0.003,0.0,0,1
334.4,45.925,51.016,22.081,1.5,1.5,14,2,0.011,0.0,0,1
334.6,45.947,50.963,21.862,1.5,1.5,14,2,0.022,0.0,0,1
334.8,45.972,50.999,21.552,1.5,1.5,14,2,0.026,0.001,0,1
335.0,45.991,51.016,21.333,1.5,1.5,14,2,0.019,0.001,0,1
335.2,46.01,51.013,21.116,1.5,1.5,14,2,0.019,0.001,0,1
335.4,46.018,50.991,20.956,1.5,1.5,14,2,0.008,0.002,0,1
335.6,46.028,51.002,20.786,1.5,1.5,14,2,0.01,0.002,0,1
335.8,46.041,51.027,20.775,1.5,1.5,14,2,0.012,0.002,0,1
336.0,46.035,51.017,20.774,1.5,1.5,14,2,-0.005,0.002,0,1
336.2,46.025,50.994,20.721,1.5,1.5,14,2,-0.01,0.001,0,1
336.4,46.036,50.997,20.593,1.5,1.5,14,2,0.011,0.001,0,1
336.6,46.039,51.058,20.559,1.5,1.5,14,2,0.003,0.0,0,1
336.8,46.045,51.046,20.446,1.5,1.5,14,2,0.006,0.0,0,1
337.0,46.055,51.056,20.353,1.5,1.5,14,2,0.011,0.0,0,1
337.2,46.079,51.024,20.126,1.5,1.5,14,2,0.023,0.0,0,1
337.4,46.085,51.023,20.039,1.5,1.5,14,2,0.006,0.0,0,1
337.6,46.1,51.06,20.034,1.5,1.5,14,2,0.015,0.001,0,1
337.8,46.114,51.069,19.92,1.5,1.5,14,2,0.014,0.001,0,1
338.0,46.111,51.041,19.898,1.5,1.5,14,2,-0.003,0.001,0,1
338.2,46.1,51.055,19.965,1.5,1.5,14,2,-0.011,0.001,0,1
338.4,46.079,51.048,20.24,1.5,1.5,14,2,-0.02,0.001,0,1
338.6,46.07,51.014,20.215,1.5,1.5,14,2,-0.009,0.0,0,1
338.8,46.082,51.01,19.98,1.5,1.5,14,2,0.012,0.0,0,1
339.0,46.079,50.998,20.044,1.5,1.5,14,2,-0.003,0.0,0,1
339.2,46.074,50.965,20.024,1.5,1.5,14,2,-0.005,0.0,0,1
339.4,46.106,51.043,19.795,1.5,1.5,14,2,0.032,0.0,0,1
339.6,46.12,51.034,19.644,1.5,1.5,14,2,0.014,0.0,0,1
339.8,46.124,51.048,19.638,1.5,1.5,14,2,0.004,0.0,0,1
340.0,46.117,51.071,19.682,1.5,1.5,14,2,-0.007,0.0,0,1
340.2,46.114,50.999,19.659,1.5,1.5,14,2,-0.003,0.0,0,1
340.4,46.112,51.028,19.783,1.5,1.5,14,2,-0.001,0.0,0,1
340.6,46.116,51.028,19.755,1.5,1.5,14,2,0.004,0.0,0,1
340.8,46.127,51.045,19.714,1.5,1.5,14,2,0.011,0.0,0,1
341.0,46.13,51.056,19.681,1.5,1.5,14,2,0.003,0.0,0,1
341.2,46.113,50.979,19.738,1.5,1.5,14,2,-0.017,0.0,0,1
341.4,46.116,51.006,19.572,1.5,1.5,14,2,0.004,0.0,0,1
341.6,46.118,51.016,19.483,1.5,1.5,14,2,0.001,0.0,0,1
341.8,46.118,50.991,19.386,1.5,1.5,14,2,0.001,0.0,0,1
342.0,46.113,50.985,19.327,1.5,1.5,14,2,-0.006,0.0,0,1
342.2,46.121,50.992,19.224,1.5,1.5,14,2,0.008,0.0,0,1
342.4,46.128,50.97,19.113,1.5,1.5,14,2,0.007,0.0,0,1
342.6,46.143,51.011,18.959,1.5,1.5,14,2,0.015,0.0,0,1
342.8,46.125,51.004,19.022,1.5,1.5,14,2,-0.018,0.0,0,1
343.0,46.127,51.008,18.833,1.5,1.5,14,2,0.002,0.0,0,1
343.2,46.134,51.044,18.721,1.5,1.5,14,2,0.007,0.0,0,1
343.4,46.135,51.068,18.694,1.5,1.5,14,2,0.001,0.0,0,1
343.6,46.115,51.015,18.623,1.5,1.5,14,2,-0.02,0.0,0,1
343.8,46.112,51.05,18.561,1.5,1.5,14,2,-0.003,0.0,0,1
344.0,46.11,51.086,18.542,1.5,1.5,14,2,-0.002,0.0,0,1
344.2,46.108,51.047,18.414,1.5,1.5,14,2,-0.003,0.0,0,1
344.4,46.099,51.015,18.413,1.5,1.5,14,2,-0.008,0.0,0,1
344.6,46.091,50.998,18.485,1.5,1.5,14,2,-0.008,0.0,0,1
344.8,46.076,51.002,18.654,1.5,1.5,14,2,-0.015,0.0,0,1
345.0,46.078,51.005,18.79,1.5,1.5,14,2,0.002,0.0,0,1
345.2,46.068,50.994,18.915,1.5,1.5,14,2,-0.01,0.0,0,1
345.4,46.065,50.957,18.854,1.5,1.5,14,2,-0.003,0.0,0,1
345.6,46.07,50.964,18.852,1.5,1.5,14,2,0.005,0.0,0,1
345.8,46.076,50.985,18.859,1.5,1.5,14,2,0.006,0.0,0,1
346.0,46.072,51.005,18.938,1.5,1.5,14,2,-0.004,0.0,0,1
346.2,46.088,50.977,18.782,1.5,1.5,14,2,0.016,0.0,0,1
346.4,46.095,51.009,18.771,1.5,1.5,14,2,0.006,0.0,0,1
346.6,46.095,51.028,18.744,1.5,1.5,14,2,0.001,0.0,0,1
346.8,46.094,50.953,18.71,1.5,1.5,14,2,-0.001,0.0,0,1
347.0,46.112,50.996,18.575,1.5,1.5,14,2,0.018,0.0,0,1
347.2,46.123,51.028,18.621,1.5,1.5,14,2,0.011,0.0,0,1
347.4,46.107,50.973,18.71,1.5,1.5,14,2,-0.017,0.0,0,1
347.6,46.104,50.967,18.703,1.5,1.5,14,2,-0.003,0.0,0,1
347.8,46.099,50.98,18.768,1.5,1.5,14,2,-0.004,0.0,0,1
348.0,46.093,50.967,18.858,1.5,1.5,14,2,-0.006,0.0,0,1
348.2,46.084,50.904,18.96,1.5,1.5,14,2,-0.009,0.0,0,1
348.4,46.09,50.935,18.959,1.5,1.5,14,2,0.006,0.0,0,1
348.6,46.088,50.962,19.006,1.5,1.5,14,2,-0.002,0.0,0,1
348.8,46.087,50.97,19.12,1.5,1.5,14,2,-0.001,0.0,0,1
349.0,46.092,50.973,19.047,1.5,1.5,14,2,0.004,0.0,0,1
349.2,46.105,51.001,19.077,1.5,1.5,14,2,0.014,0.0,0,1
349.4,46.104,51.007,19.192,1.5,1.5,14,2,-0.001,0.0,0,1
349.6,46.092,51.027,19.375,1.5,1.5,14,2,-0.013,0.0,0,1
349.8,46.093,51.042,19.428,1.5,1.5,14,2,0.001,0.0,0,1
350.0,46.09,51.049,19.52,1.5,1.5,14,2,-0.003,0.0,0,1
350.2,46.082,51.055,19.604,1.5,1.5,14,2,-0.007,0.0,0,1
350.4,46.069,51.058,19.736,1.5,1.5,14,2,-0.013,0.0,0,1
350.6,46.049,51.067,19.938,1.5,1.5,14,2,-0.02,0.0,0,1
350.8,46.054,51.066,19.859,1.5,1.5,14,2,0.004,0.0,0,1
351.0,46.052,51.057,19.799,1.5,1.5,14,2,-0.002,0.0,0,1
351.2,46.049,51.044,19.783,1.5,1.5,14,2,-0.003,0.0,0,1
351.4,46.04,51.024,19.747,1.5,1.5,14,2,-0.009,0.0,0,1
351.6,46.029,51.029,19.903,1.5,1.5,14,2,-0.011,0.0,0,1
351.8,46.008,51.004,19.974,1.5,1.5,14,2,-0.02,0.001,0,1
352.0,46.007,51.009,19.891,1.5,1.5,14,2,-0.002,0.001,0,1
352.2,45.997,50.985,19.939,1.5,1.5,14,2,-0.01,0.001,0,1
352.4,45.981,51.003,20.059,1.5,1.5,14,2,-0.016,0.001,0,1
352.6,45.963,50.939,20.102,1.5,1.5,14,2,-0.017,0.001,0,1
352.8,45.955,50.968,20.113,1.5,1.5,14,2,-0.009,0.001,0,1
353.0,45.938,50.971,20.15,1.5,1.5,14,2,-0.016,0.001,0,1
353.2,45.925,50.929,20.211,1.5,1.5,14,2,-0.013,0.001,0,1
353.4,45.925,50.971,20.249,1.5,1.5,14,2,-0.0,0.001,0,1
353.6,45.915,50.945,20.237,1.5,1.5,14,2,-0.01,0.001,0,1
353.8,45.91,50.973,20.348,1.5,1.5,14,2,-0.004,0.001,0,1
354.0,45.919,50.987,20.214,1.5,1.5,14,2,0.009,0.001,0,1
354.2,45.908,50.947,20.252,1.5,1.5,14,2,-0.011,0.001,0,1
354.4,45.909,50.948,20.227,1.5,1.5,14,2,0.001,0.0,0,1
354.6,45.898,50.933,20.294,1.5,1.5,14,2,-0.011,0.0,0,1
354.8,45.887,50.928,20.384,1.5,1.5,14,2,-0.011,0.0,0,1
355.0,45.881,50.953,20.51,1.5,1.5,14,2,-0.006,0.0,0,1
355.2,45.879,50.94,20.491,1.5,1.5,14,2,-0.002,0.0,0,1
355.4,45.901,50.935,20.349,1.5,1.5,14,2,0.022,0.0,0,1
355.6,45.903,50.935,20.425,1.5,1.5,14,2,0.003,0.0,0,1
355.8,45.904,50.942,20.468,1.5,1.5,14,2,0.0,0.0,0,1
356.0,45.901,50.975,20.698,1.5,1.5,14,2,-0.003,0.0,0,1
356.2,45.902,50.982,20.75,1.5,1.5,14,2,0.001,0.0,0,1
356.4,45.909,50.987,20.779,1.5,1.5,14,2,0.007,0.0,0,1
356.6,45.944,50.992,20.549,1.5,1.5,14,2,0.035,0.0,0,1
356.8,45.955,50.971,20.51,1.5,1.5,14,2,0.011,0.001,0,1
357.0,45.972,50.958,20.498,1.5,1.5,14,2,0.017,0.001,0,1
357.2,45.985,50.94,20.466,1.5,1.5,14,2,0.013,0.001,0,1
357.4,45.993,50.95,20.473,1.5,1.5,14,2,0.008,0.001,0,1
357.6,46.011,50.956,20.37,1.5,1.5,14,2,0.018,0.002,0,1
357.8,46.015,50.964,20.371,1.5,1.5,14,2,0.004,0.002,0,1
358.0,46.006,50.898,20.393,1.5,1.5,14,2,-0.009,0.002,0,1
358.2,46.016,50.948,20.462,1.5,1.5,14,2,0.01,0.001,0,1
358.4,46.017,50.958,20.645,1.5,1.5,14,2,0.001,0.001,0,1
358.6,46.019,50.953,20.765,1.5,1.5,14,2,0.003,0.0,0,1
358.8,46.019,50.981,20.913,1.5,1.5,14,2,0.0,0.0,0,1
359.0,46.018,50.982,21.05,1.5,1.5,14,2,-0.001,0.0,0,1
359.2,46.017,50.997,20.975,1.5,1.5,14,2,-0.001,0.0,0,1
359.4,46.018,50.984,20.918,1.5,1.5,14,2,0.001,0.0,0,1
359.6,46.019,50.973,20.909,1.5,1.5,14,2,0.001,0.0,0,1
359.8,46.029,50.962,20.743,1.5,1.5,14,2,0.01,0.0,0,1
360.0,46.027,50.941,20.773,1.5,1.5,14,2,-0.002,0.0,0,1
360.2,46.028,50.957,20.784,1.5,1.5,14,2,0.001,0.0,0,1
360.4,46.019,50.933,20.899,1.5,1.5,14,2,-0.009,0.0,0,1
360.6,46.019,50.966,20.933,1.5,1.5,14,2,-0.0,0.0,0,1
360.8,46.017,50.999,21.06,1.5,1.5,14,2,-0.002,0.0,0,1
361.0,46.007,50.952,21.155,1.5,1.5,14,2,-0.009,0.0,0,1
361.2,46.014,50.961,21.167,1.5,1.5,14,2,0.007,0.0,0,1
361.4,46.02,50.948,21.119,1.5,1.5,14,2,0.005,0.0,0,1
361.6,46.034,50.986,21.009,1.5,1.5,14,2,0.014,0.0,0,1
361.8,46.041,50.974,20.954,1.5,1.5,14,2,0.007,0.0,0,1
362.0,46.033,50.958,21.108,1.5,1.5,14,2,-0.008,0.0,0,1
362.2,46.04,50.986,21.082,1.5,1.5,14,2,0.007,0.0,0,1
362.4,46.034,50.941,21.102,1.5,1.5,14,2,-0.006,0.0,0,1
362.6,46.032,50.98,21.135,1.5,1.5,14,2,-0.002,0.0,0,1
362.8,46.032,50.944,21.26,1.5,1.5,14,2,-0.0,0.0,0,1
363.0,46.037,50.973,21.163,1.5,1.5,14,2,0.005,0.0,0,1
363.2,46.043,50.994,21.119,1.5,1.5,14,2,0.006,0.0,0,1
363.4,46.042,50.945,21.083,1.5,1.5,14,2,-0.001,0.0,0,1
363.6,46.05,50.975,21.037,1.5,1.5,14,2,0.009,0.0,0,1
363.8,46.045,50.941,21.057,1.5,1.5,14,2,-0.006,0.0,0,1
364.0,46.037,50.932,21.118,1.5,1.5,14,2,-0.007,0.0,0,1
364.2,46.043,50.914,20.962,1.5,1.5,14,2,0.006,0.0,0,1
364.4,46.048,50.943,20.805,1.5,1.5,14,2,0.004,0.0,0,1
364.6,46.04,50.927,20.813,1.5,1.5,14,2,-0.007,0.0,0,1
364.8,46.045,50.923,20.755,1.5,1.5,14,2,0.004,0.0,0,1
365.0,46.051,50.989,20.777,1.5,1.5,14,2,0.006,0.0,0,1
365.2,46.053,50.994,20.742,1.5,1.5,14,2,0.003,0.0,0,1
365.4,46.055,50.964,20.603,1.5,1.5,14,2,0.001,0.0,0,1
365.6,46.054,50.973,20.686,1.5,1.5,14,2,-0.001,0.0,0,1
365.8,46.054,50.939,20.554,1.5,1.5,14,2,-0.0,0.0,0,1
366.0,46.063,50.972,20.407,1.5,1.5,14,2,0.009,0.0,0,1
366.2,46.053,50.929,20.411,1.5,1.5,14,2,-0.01,0.0,0,1
366.4,46.055,50.957,20.426,1.5,1.5,14,2,0.002,0.0,0,1
366.6,46.053,50.998,20.487,1.5,1.5,14,2,-0.001,0.0,0,1
366.8,46.06,50.947,20.358,1.5,1.5,14,2,0.007,0.0,0,1
367.0,46.061,50.954,20.321,1.5,1.5,14,2,0.001,0.0,0,1
367.2,46.064,50.95,20.283,1.5,1.5,14,2,0.003,0.0,0,1
367.4,46.074,50.978,20.194,1.5,1.5,14,2,0.01,0.0,0,1
367.6,46.079,50.977,20.064,1.5,1.5,14,2,0.005,0.0,0,1
367.8,46.085,50.931,19.889,1.5,1.5,14,2,0.006,0.0,0,1
368.0,46.1,50.949,19.631,1.5,1.5,14,2,0.015,0.0,0,1
368.2,46.108,50.969,19.668,1.5,1.5,14,2,0.008,0.0,0,1
368.4,46.125,50.956,19.474,1.5,1.5,14,2,0.017,0.001,0,1
368.6,46.135,50.991,19.374,1.5,1.5,14,2,0.009,0.001,0,1
368.8,46.144,50.963,19.225,1.5,1.5,14,2,0.009,0.001,0,1
369.0,46.141,50.926,19.246,1.5,1.5,14,2,-0.003,0.001,0,1
369.2,46.157,50.962,19.241,1.5,1.5,14,2,0.016,0.001,0,1
369.4,46.169,50.976,19.209,1.5,1.5,14,2,0.012,0.001,0,1
369.6,46.171,50.951,19.339,1.5,1.5,14,2,0.002,0.001,0,1
369.8,46.177,50.921,19.311,1.5,1.5,14,2,0.006,0.001,0,1
370.0,46.175,50.894,19.311,1.5,1.5,14,2,-0.002,0.0,0,1
370.2,46.186,50.912,19.212,1.5,1.5,14,2,0.011,0.0,0,1
370.4,46.179,50.914,19.301,1.5,1.5,14,2,-0.007,0.0,0,1
370.6,46.174,50.918,19.349,1.5,1.5,14,2,-0.005,0.0,0,1
370.8,46.176,50.93,19.458,1.5,1.5,14,2,0.002,0.0,0,1
371.0,46.172,50.932,19.581,1.5,1.5,14,2,-0.004,0.0,0,1
371.2,46.166,50.959,19.739,1.5,1.5,14,2,-0.006,0.0,0,1
371.4,46.173,50.938,19.694,1.5,1.5,14,2,0.007,0.0,0,1
371.6,46.17,50.955,19.835,1.5,1.5,14,2,-0.003,0.0,0,1
371.8,46.159,50.961,20.06,1.5,1.5,14,2,-0.01,0.0,0,1
372.0,46.16,50.991,20.153,1.5,1.5,14,2,0.001,0.0,0,1
372.2,46.135,50.965,20.448,1.5,1.5,14,2,-0.025,0.0,0,1
372.4,46.134,50.961,20.593,1.5,1.5,14,2,-0.002,0.0,0,1
372.6,46.114,50.963,20.91,1.5,1.5,14,2,-0.02,0.0,0,1
372.8,46.118,50.987,21.025,1.5,1.5,14,2,0.004,0.0,0,1
373.0,46.104,50.962,21.167,1.5,1.5,14,2,-0.014,0.001,0,1
373.2,46.109,50.964,21.067,1.5,1.5,14,2,0.006,0.001,0,1
373.4,46.108,50.949,20.971,1.5,1.5,14,2,-0.002,0.001,0,1
373.6,46.091,50.943,21.04,1.5,1.5,14,2,-0.017,0.0,0,1
373.8,46.067,50.896,21.247,1.5,1.5,14,2,-0.023,0.001,0,1
374.0,46.059,50.916,21.355,1.5,1.5,14,2,-0.008,0.001,0,1
374.2,46.052,50.96,21.521,1.5,1.5,14,2,-0.007,0.001,0,1
374.4,46.046,50.996,21.719,1.5,1.5,14,2,-0.006,0.001,0,1
374.6,46.037,50.981,21.733,1.5,1.5,14,2,-0.009,0.001,0,1
374.8,46.04,51.009,21.746,1.5,1.5,14,2,0.003,0.001,0,1
375.0,46.034,51.009,21.694,1.5,1.5,14,2,-0.006,0.001,0,1
375.2,46.027,50.994,21.695,1.5,1.5,14,2,-0.007,0.001,0,1
375.4,46.016,50.999,21.884,1.5,1.5,14,2,-0.011,0.0,0,1
375.6,46.013,50.943,22.005,1.5,1.5,14,2,-0.003,0.0,0,1
375.8,46.006,50.944,22.087,1.5,1.5,14,2,-0.007,0.0,0,1
376.0,46.004,50.979,22.079,1.5,1.5,14,2,-0.003,0.0,0,1
376.2,45.986,51.003,22.337,1.5,1.5,14,2,-0.018,0.0,0,1
376.4,45.98,51.007,22.318,1.5,1.5,14,2,-0.006,0.0,0,1
376.6,45.973,50.985,22.324,1.5,1.5,14,2,-0.007,0.0,0,1
376.8,45.975,50.981,22.302,1.5,1.5,14,2,0.002,0.0,0,1
377.0,45.961,50.969,22.583,1.5,1.5,14,2,-0.014,0.0,0,1
377.2,45.954,50.95,22.646,1.5,1.5,14,2,-0.007,0.0,0,1
377.4,45.951,50.968,22.746,1.5,1.5,14,2,-0.003,0.0,0,1
377.6,45.957,50.929,22.577,1.5,1.5,14,2,0.006,0.0,0,1
377.8,45.942,50.952,22.689,1.5,1.5,14,2,-0.015,0.0,0,1
378.0,45.929,50.972,22.83,1.5,1.5,14,2,-0.013,0.0,0,1
378.2,45.936,50.932,22.605,1.5,1.5,14,2,0.007,0.0,0,1
378.4,45.934,50.956,22.707,1.5,1.5,14,2,-0.002,0.0,0,1
378.6,45.93,50.912,22.635,1.5,1.5,14,2,-0.003,0.0,0,1
378.8,45.93,50.973,22.72,1.5,1.5,14,2,-0.001,0.0,0,1
379.0,45.926,50.931,22.629,1.5,1.5,14,2,-0.004,0.0,0,1
379.2,45.932,50.941,22.622,1.5,1.5,14,2,0.006,0.0,0,1
379.4,45.933,50.936,22.554,1.5,1.5,14,2,0.001,0.0,0,1
379.6,45.961,50.945,22.14,1.5,1.5,14,2,0.028,0.0,0,1
379.8,45.969,50.96,22.058,1.5,1.5,14,2,0.008,0.0,0,1
380.0,45.981,50.926,21.895,1.5,1.5,14,2,0.011,0.0,0,1
380.2,45.99,50.991,21.77,1.5,1.5,14,2,0.01,0.001,0,1
380.4,45.994,51.021,21.778,1.5,1.5,14,2,0.004,0.001,0,1
380.6,45.998,50.954,21.638,1.5,1.5,14,2,0.004,0.001,0,1
380.8,46.02,50.959,21.453,1.5,1.5,14,2,0.022,0.001,0,1
381.0,46.029,50.96,21.298,1.5,1.5,14,2,0.01,0.001,0,1
381.2,46.028,50.945,21.228,1.5,1.5,14,2,-0.001,0.001,0,1
381.4,46.04,50.97,21.131,1.5,1.5,14,2,0.011,0.001,0,1
381.6,46.06,51.004,20.956,1.5,1.5,14,2,0.02,0.001,0,1
381.8,46.062,50.994,20.975,1.5,1.5,14,2,0.002,0.001,0,1
382.0,46.074,51.053,21.012,1.5,1.5,14,2,0.012,0.001,0,1
382.2,46.082,51.039,20.872,1.5,1.5,14,2,0.008,0.001,0,1
382.4,46.088,51.012,20.751,1.5,1.5,14,2,0.006,0.001,0,1
382.6,46.081,51.027,20.823,1.5,1.5,14,2,-0.007,0.001,0,1
382.8,46.09,51.023,20.636,1.5,1.5,14,2,0.009,0.001,0,1
383.0,46.084,50.97,20.558,1.5,1.5,14,2,-0.006,0.0,0,1
383.2,46.085,50.984,20.454,1.5,1.5,14,2,0.002,0.0,0,1
383.4,46.078,50.974,20.481,1.5,1.5,14,2,-0.007,0.0,0,1
383.6,46.068,50.947,20.56,1.5,1.5,14,2,-0.011,0.0,0,1
383.8,46.064,50.957,20.621,1.5,1.5,14,2,-0.004,0.0,0,1
384.0,46.062,50.994,20.766,1.5,1.5,14,2,-0.002,0.0,0,1
384.2,46.055,50.98,20.826,1.5,1.5,14,2,-0.007,0.0,0,1
384.4,46.062,50.988,20.919,1.5,1.5,14,2,0.007,0.0,0,1
384.6,46.061,50.992,20.979,1.5,1.5,14,2,-0.001,0.0,0,1
384.8,46.061,51.015,21.208,1.5,1.5,14,2,-0.0,0.0,0,1
385.0,46.072,51.029,21.363,1.5,1.5,14,2,0.011,0.0,0,1
385.2,46.054,51.03,21.638,1.5,1.5,14,2,-0.017,0.0,0,1
385.4,46.055,51.033,21.732,1.5,1.5,14,2,0.0,0.0,0,1
385.6,46.055,51.044,21.942,1.5,1.5,14,2,0.0,0.0,0,1
385.8,46.057,51.057,22.091,1.5,1.5,14,2,0.002,0.0,0,1
386.0,46.064,51.07,22.152,1.5,1.5,14,2,0.007,0.0,0,1
386.2,46.048,51.079,22.412,1.5,1.5,14,2,-0.015,0.0,0,1
386.4,46.042,51.066,22.525,1.5,1.5,14,2,-0.007,0.0,0,1
386.6,46.045,51.061,22.507,1.5,1.5,14,2,0.003,0.0,0,1
386.8,46.051,51.045,22.644,1.5,1.5,14,2,0.006,0.0,0,1
387.0,46.052,51.046,22.722,1.5,1.5,14,2,0.0,0.0,0,1
387.2,46.065,51.049,22.538,1.5,1.5,14,2,0.013,0.0,0,1
387.4,46.074,51.051,22.465,1.5,1.5,14,2,0.009,0.0,0,1
387.6,46.068,51.028,22.509,1.5,1.5,14,2,-0.007,0.0,0,1
387.8,46.077,51.085,22.478,1.5,1.5,14,2,0.01,0.0,0,1
388.0,46.075,51.055,22.452,1.5,1.5,14,2,-0.002,0.0,0,1
388.2,46.079,51.052,22.299,1.5,1.5,14,2,0.004,0.0,0,1
388.4,46.078,51.037,22.146,1.5,1.5,14,2,-0.0,0.0,0,1
388.6,46.085,51.043,21.948,1.5,1.5,14,2,0.006,0.0,0,1
388.8,46.092,50.992,21.784,1.5,1.5,14,2,0.008,0.0,0,1
389.0,46.101,51.01,21.694,1.5,1.5,14,2,0.009,0.0,0,1
389.2,46.1,51.002,21.664,1.5,1.5,14,2,-0.001,0.0,0,1
389.4,46.097,51.007,21.642,1.5,1.5,14,2,-0.004,0.0,0,1
389.6,46.104,51.024,21.579,1.5,1.5,14,2,0.008,0.0,0,1
389.8,46.096,50.981,21.53,1.5,1.5,14,2,-0.008,0.0,0,1
390.0,46.102,50.975,21.516,1.5,1.5,14,2,0.005,0.0,0,1
390.2,46.112,51.028,21.413,1.5,1.5,14,2,0.01,0.0,0,1
390.4,46.115,50.979,21.245,1.5,1.5,14,2,0.003,0.0,0,1
390.6,46.117,50.994,21.173,1.5,1.5,14,2,0.002,0.0,0,1
390.8,46.116,51.026,21.23,1.5,1.5,14,2,-0.001,0.0,0,1
391.0,46.127,51.006,21.117,1.5,1.5,14,2,0.012,0.0,0,1
391.2,46.133,51.009,21.052,1.5,1.5,14,2,0.006,0.0,0,1
391.4,46.121,50.978,21.112,1.5,1.5,14,2,-0.012,0.0,0,1
391.6,46.125,50.99,21.093,1.5,1.5,14,2,0.004,0.0,0,1
391.8,46.14,51.003,20.861,1.5,1.5,14,2,0.016,0.0,0,1
392.0,46.145,51.009,20.913,1.5,1.5,14,2,0.005,0.0,0,1
392.2,46.158,51.021,20.718,1.5,1.5,14,2,0.013,0.0,0,1
392.4,46.162,51.035,20.718,1.5,1.5,14,2,0.003,0.0,0,1
392.6,46.17,51.044,20.696,1.5,1.5,14,2,0.008,0.0,0,1
392.8,46.161,51.051,20.745,1.5,1.5,14,2,-0.008,0.0,0,1
393.0,46.167,51.052,20.708,1.5,1.5,14,2,0.005,0.0,0,1
393.2,46.16,51.043,20.73,1.5,1.5,14,2,-0.007,0.0,0,1
393.4,46.166,51.041,20.711,1.5,1.5,14,2,0.006,0.0,0,1
393.6,46.172,51.025,20.586,1.5,1.5,14,2,0.006,0.0,0,1
393.8,46.164,51.017,20.602,1.5,1.5,14,2,-0.008,0.0,0,1
394.0,46.155,51.019,20.807,1.5,1.5,14,2,-0.009,0.0,0,1
394.2,46.149,51.02,20.931,1.5,1.5,14,2,-0.006,0.0,0,1
394.4,46.154,51.043,20.93,1.5,1.5,14,2,0.005,0.0,0,1
394.6,46.16,51.045,20.764,1.5,1.5,14,2,0.006,0.0,0,1
394.8,46.154,51.051,20.786,1.5,1.5,14,2,-0.006,0.0,0,1
395.0,46.152,51.044,20.709,1.5,1.5,14,2,-0.002,0.0,0,1
395.2,46.142,51.049,20.708,1.5,1.5,14,2,-0.01,0.0,0,1
395.4,46.153,51.065,20.535,1.5,1.5,14,2,0.011,0.0,0,1
395.6,46.136,51.078,20.712,1.5,1.5,14,2,-0.017,0.0,0,1
395.8,46.13,51.079,20.73,1.5,1.5,14,2,-0.006,0.0,0,1
396.0,46.124,51.089,20.879,1.5,1.5,14,2,-0.006,0.0,0,1
396.2,46.133,51.1,20.829,1.5,1.5,14,2,0.009,0.0,0,1
396.4,46.132,51.116,20.93,1.5,1.5,14,2,-0.001,0.0,0,1
396.6,46.143,51.131,20.857,1.5,1.5,14,2,0.011,0.0,0,1
396.8,46.155,51.146,20.832,1.5,1.5,14,2,0.013,0.0,0,1
397.0,46.173,51.172,20.828,1.5,1.5,14,2,0.017,0.0,0,1
397.2,46.197,51.192,20.719,1.5,1.5,14,2,0.024,0.0,0,1
397.4,46.212,51.219,20.666,1.5,1.5,14,2,0.015,0.001,0,1
397.6,46.22,51.244,20.573,1.5,1.5,14,2,0.008,0.001,0,1
397.8,46.211,51.257,20.665,1.5,1.5,14,2,-0.009,0.001,0,1
398.0,46.208,51.267,20.581,1.5,1.5,14,2,-0.003,0.001,0,1
398.2,46.2,51.281,20.599,1.5,1.5,14,2,-0.008,0.001,0,1
398.4,46.195,51.293,20.599,1.5,1.5,14,2,-0.005,0.001,0,1
398.6,46.21,51.323,20.53,1.5,1.5,14,2,0.014,0.0,0,1
398.8,46.21,51.36,20.565,1.5,1.5,14,2,0.001,0.0,0,1
399.0,46.212,51.384,20.662,1.5,1.5,14,2,0.002,0.0,0,1
399.2,46.206,51.405,20.722,1.5,1.5,14,2,-0.006,0.0,0,1
399.4,46.216,51.432,20.672,1.5,1.5,14,2,0.01,0.0,0,1
399.6,46.215,51.444,20.647,1.5,1.5,14,2,-0.001,0.0,0,1
399.8,46.229,51.475,20.541,1.5,1.5,14,2,0.014,0.0,0,1
400.0,46.226,51.476,20.455,1.5,1.5,14,2,-0.003,0.0,0,1
400.2,46.229,51.496,20.44,1.5,1.5,14,2,0.003,0.0,0,1
400.4,46.229,51.499,20.541,1.5,1.5,14,2,-0.0,0.0,0,1
400.6,46.23,51.508,20.615,1.5,1.5,14,2,0.001,0.0,0,1
400.8,46.243,51.51,20.529,1.5,1.5,14,2,0.013,0.0,0,1
401.0,46.248,51.536,20.555,1.5,1.5,14,2,0.004,0.0,0,1
401.2,46.263,51.538,20.396,1.5,1.5,14,2,0.015,0.0,0,1
401.4,46.285,51.549,20.229,1.5,1.5,14,2,0.023,0.0,0,1
401.6,46.291,51.545,20.233,1.5,1.5,14,2,0.005,0.001,0,1
401.8,46.295,51.535,20.107,1.5,1.5,14,2,0.005,0.001,0,1
402.0,46.3,51.531,20.042,1.5,1.5,14,2,0.005,0.001,0,1
402.2,46.307,51.525,20.068,1.5,1.5,14,2,0.008,0.001,0,1
402.4,46.315,51.511,19.979,1.5,1.5,14,2,0.008,0.001,0,1
402.6,46.327,51.524,19.94,1.5,1.5,14,2,0.011,0.001,0,1
402.8,46.337,51.527,19.923,1.5,1.5,14,2,0.011,0.001,0,1
403.0,46.36,51.527,19.934,1.5,1.5,14,2,0.023,0.001,0,1
403.2,46.368,51.542,19.797,1.5,1.5,14,2,0.008,0.001,0,1
403.4,46.374,51.543,19.85,1.5,1.5,14,2,0.006,0.001,0,1
403.6,46.383,51.548,19.91,1.5,1.5,14,2,0.009,0.001,0,1
403.8,46.404,51.572,19.732,1.5,1.5,14,2,0.021,0.001,0,1
404.0,46.422,51.585,19.613,1.5,1.5,14,2,0.017,0.001,0,1
404.2,46.434,51.607,19.517,1.5,1.5,14,2,0.013,0.001,0,1
404.4,46.45,51.631,19.344,1.5,1.5,14,2,0.016,0.002,0,1
404.6,46.459,51.639,19.281,1.5,1.5,14,2,0.008,0.002,0,1
404.8,46.468,51.643,19.187,1.5,1.5,14,2,0.009,0.001,0,1
405.0,46.486,51.647,18.992,1.5,1.5,14,2,0.018,0.002,0,1
405.2,46.489,51.659,18.934,1.5,1.5,14,2,0.003,0.001,0,1
405.4,46.503,51.66,18.88,1.5,1.5,14,2,0.013,0.001,0,1
405.6,46.508,51.655,18.79,1.5,1.5,14,2,0.006,0.001,0,1
405.8,46.526,51.672,18.733,1.5,1.5,14,2,0.017,0.001,0,1
406.0,46.563,51.676,18.478,1.5,1.5,14,2,0.037,0.001,0,1
406.2,46.571,51.68,18.343,1.5,1.5,14,2,0.008,0.002,0,1
406.4,46.587,51.688,18.262,1.5,1.5,14,2,0.016,0.002,0,1
406.6,46.593,51.687,18.199,1.5,1.5,14,2,0.006,0.002,0,1
406.8,46.6,51.672,18.119,1.5,1.5,14,2,0.007,0.002,0,1
407.0,46.595,51.663,18.173,1.5,1.5,14,2,-0.005,0.002,0,1
407.2,46.591,51.65,18.225,1.5,1.5,14,2,-0.003,0.001,0,1
407.4,46.587,51.641,18.195,1.5,1.5,14,2,-0.004,0.001,0,1
407.6,46.595,51.633,18.027,1.5,1.5,14,2,0.008,0.0,0,1
407.8,46.606,51.625,17.92,1.5,1.5,14,2,0.011,0.0,0,1
408.0,46.608,51.607,17.994,1.5,1.5,14,2,0.002,0.0,0,1
408.2,46.632,51.603,17.768,1.5,1.5,14,2,0.024,0.0,0,1
408.4,46.634,51.598,17.741,1.5,1.5,14,2,0.003,0.0,0,1
408.6,46.637,51.583,17.683,1.5,1.5,14,2,0.003,0.0,0,1
408.8,46.648,51.578,17.618,1.5,1.5,14,2,0.011,0.0,0,1
409.0,46.663,51.572,17.527,1.5,1.5,14,2,0.015,0.001,0,1
409.2,46.675,51.563,17.466,1.5,1.5,14,2,0.012,0.001,0,1
409.4,46.685,51.556,17.476,1.5,1.5,14,2,0.01,0.001,0,1
409.6,46.687,51.551,17.402,1.5,1.5,14,2,0.002,0.001,0,1
409.8,46.684,51.541,17.341,1.5,1.5,14,2,-0.003,0.001,0,1
410.0,46.679,51.525,17.378,1.5,1.5,14,2,-0.005,0.0,0,1
410.2,46.673,51.522,17.424,1.5,1.5,14,2,-0.005,0.0,0,1
410.4,46.669,51.523,17.442,1.5,1.5,14,2,-0.004,0.0,0,1
410.6,46.669,51.512,17.479,1.5,1.5,14,2,-0.0,0.0,0,1
410.8,46.666,51.506,17.564,1.5,1.5,14,2,-0.002,0.0,0,1
411.0,46.676,51.51,17.428,1.5,1.5,14,2,0.009,0.0,0,1
411.2,46.661,51.497,17.448,1.5,1.5,14,2,-0.014,0.0,0,1
411.4,46.667,51.489,17.489,1.5,1.5,14,2,0.006,0.0,0,1
411.6,46.664,51.496,17.608,1.5,1.5,14,2,-0.003,0.0,0,1
411.8,46.671,51.492,17.626,1.5,1.5,14,2,0.007,0.0,0,1
412.0,46.677,51.491,17.64,1.5,1.5,14,2,0.006,0.0,0,1
412.2,46.679,51.479,17.677,1.5,1.5,14,2,0.002,0.0,0,1
412.4,46.678,51.469,17.682,1.5,1.5,14,2,-0.001,0.0,0,1
412.6,46.672,51.464,17.74,1.5,1.5,14,2,-0.005,0.0,0,1
412.8,46.676,51.464,17.718,1.5,1.5,14,2,0.003,0.0,0,1
413.0,46.683,51.462,17.736,1.5,1.5,14,2,0.007,0.0,0,1
413.2,46.675,51.458,17.747,1.5,1.5,14,2,-0.007,0.0,0,1
413.4,46.678,51.443,17.617,1.5,1.5,14,2,0.003,0.0,0,1
413.6,46.679,51.428,17.622,1.5,1.5,14,2,0.001,0.0,0,1
413.8,46.679,51.437,17.616,1.5,1.5,14,2,0.0,0.0,0,1
414.0,46.691,51.444,17.57,1.5,1.5,14,2,0.011,0.0,0,1
414.2,46.684,51.432,17.688,1.5,1.5,14,2,-0.006,0.0,0,1
414.4,46.693,51.439,17.574,1.5,1.5,14,2,0.009,0.0,0,1
414.6,46.69,51.45,17.618,1.5,1.5,14,2,-0.004,0.0,0,1
414.8,46.687,51.469,17.693,1.5,1.5,14,2,-0.003,0.0,0,1
415.0,46.684,51.471,17.737,1.5,1.5,14,2,-0.003,0.0,0,1
415.2,46.701,51.485,17.699,1.5,1.5,14,2,0.017,0.0,0,1
415.4,46.706,51.497,17.743,1.5,1.5,14,2,0.005,0.0,0,1
415.6,46.709,51.517,17.715,1.5,1.5,14,2,0.004,0.0,0,1
415.8,46.725,51.533,17.638,1.5,1.5,14,2,0.015,0.0,0,1
416.0,46.721,51.549,17.695,1.5,1.5,14,2,-0.003,0.0,0,1
416.2,46.717,51.557,17.944,1.5,1.5,14,2,-0.005,0.0,0,1
416.4,46.72,51.564,17.991,1.5,1.5,14,2,0.003,0.0,0,1
416.6,46.719,51.577,18.042,1.5,1.5,14,2,-0.001,0.0,0,1
416.8,46.709,51.578,18.099,1.5,1.5,14,2,-0.01,0.0,0,1
417.0,46.707,51.572,18.195,1.5,1.5,14,2,-0.002,0.0,0,1
417.2,46.7,51.571,18.218,1.5,1.5,14,2,-0.007,0.0,0,1
417.4,46.701,51.567,18.282,1.5,1.5,14,2,0.001,0.0,0,1
417.6,46.696,51.562,18.528,1.5,1.5,14,2,-0.005,0.0,0,1
417.8,46.688,51.562,18.614,1.5,1.5,14,2,-0.009,0.0,0,1
418.0,46.697,51.565,18.582,1.5,1.5,14,2,0.009,0.0,0,1
418.2,46.7,51.582,18.644,1.5,1.5,14,2,0.003,0.0,0,1
418.4,46.685,51.587,18.839,1.5,1.5,14,2,-0.015,0.0,0,1
418.6,46.678,51.585,19.034,1.5,1.5,14,2,-0.007,0.0,0,1
418.8,46.678,51.596,19.221,1.5,1.5,14,2,-0.0,0.0,0,1
419.0,46.674,51.613,19.37,1.5,1.5,14,2,-0.003,0.0,0,1
419.2,46.669,51.62,19.537,1.5,1.5,14,2,-0.005,0.0,0,1
419.4,46.673,51.611,19.625,1.5,1.5,14,2,0.005,0.0,0,1
419.6,46.672,51.619,19.758,1.5,1.5,14,2,-0.001,0.0,0,1
419.8,46.671,51.598,19.775,1.5,1.5,14,2,-0.001,0.0,0,1
420.0,46.673,51.585,19.841,1.5,1.5,14,2,0.001,0.0,0,1
420.2,46.684,51.576,19.725,1.5,1.5,14,2,0.011,0.0,0,1
420.4,46.68,51.57,19.951,1.5,1.5,14,2,-0.004,0.0,0,1
420.6,46.684,51.566,19.985,1.5,1.5,14,2,0.004,0.0,0,1
420.8,46.686,51.557,20.0,1.5,1.5,14,2,0.002,0.0,0,1
421.0,46.676,51.555,20.08,1.5,1.5,14,2,-0.01,0.0,0,1
421.2,46.68,51.568,20.051,1.5,1.5,14,2,0.004,0.0,0,1
421.4,46.687,51.577,19.993,1.5,1.5,14,2,0.007,0.0,0,1
421.6,46.69,51.586,19.901,1.5,1.5,14,2,0.003,0.0,0,1
421.8,46.691,51.596,19.78,1.5,1.5,14,2,0.002,0.0,0,1
422.0,46.696,51.608,19.717,1.5,1.5,14,2,0.005,0.0,0,1
422.2,46.708,51.62,19.609,1.5,1.5,14,2,0.012,0.0,0,1
422.4,46.721,51.636,19.47,1.5,1.5,14,2,0.012,0.0,0,1
422.6,46.709,51.63,19.44,1.5,1.5,14,2,-0.012,0.0,0,1
422.8,46.717,51.642,19.298,1.5,1.5,14,2,0.009,0.0,0,1
423.0,46.738,51.655,18.885,1.5,1.5,14,2,0.021,0.0,0,1
423.2,46.748,51.667,18.631,1.5,1.5,14,2,0.01,0.0,0,1
423.4,46.764,51.689,18.433,1.5,1.5,14,2,0.016,0.001,0,1
423.6,46.76,51.699,18.314,1.5,1.5,14,2,-0.005,0.001,0,1
423.8,46.757,51.705,18.205,1.5,1.5,14,2,-0.003,0.001,0,1
424.0,46.754,51.711,18.132,1.5,1.5,14,2,-0.003,0.0,0,1
424.2,46.752,51.725,18.14,1.5,1.5,14,2,-0.002,0.0,0,1
424.4,46.743,51.731,18.171,1.5,1.5,14,2,-0.009,0.0,0,1
424.6,46.728,51.726,18.239,1.5,1.5,14,2,-0.015,0.0,0,1
424.8,46.729,51.727,18.234,1.5,1.5,14,2,0.001,0.0,0,1
425.0,46.729,51.728,18.231,1.5,1.5,14,2,-0.0,0.0,0,1
425.2,46.724,51.738,18.345,1.5,1.5,14,2,-0.005,0.0,0,1
425.4,46.719,51.748,18.453,1.5,1.5,14,2,-0.006,0.0,0,1
425.6,46.714,51.764,18.334,1.5,1.5,14,2,-0.005,0.0,0,1
425.8,46.704,51.768,18.439,1.5,1.5,14,2,-0.01,0.0,0,1
426.0,46.709,51.767,18.319,1.5,1.5,14,2,0.005,0.0,0,1
426.2,46.717,51.789,18.353,1.5,1.5,14,2,0.008,0.0,0,1
426.4,46.714,51.806,18.382,1.5,1.5,14,2,-0.002,0.0,0,1
426.6,46.703,51.816,18.489,1.5,1.5,14,2,-0.012,0.0,0,1
426.8,46.678,51.82,18.652,1.5,1.5,14,2,-0.024,0.0,0,1
427.0,46.671,51.83,18.823,1.5,1.5,14,2,-0.007,0.0,0,1
427.2,46.664,51.816,18.917,1.5,1.5,14,2,-0.007,0.0,0,1
427.4,46.668,51.812,18.874,1.5,1.5,14,2,0.003,0.0,0,1
427.6,46.676,51.813,18.9,1.5,1.5,14,2,0.008,0.0,0,1
427.8,46.688,51.804,18.855,1.5,1.5,14,2,0.012,0.0,0,1
428.0,46.702,51.793,18.844,1.5,1.5,14,2,0.014,0.0,0,1
428.2,46.702,51.786,18.862,1.5,1.5,14,2,0.0,0.0,0,1
428.4,46.704,51.781,18.942,1.5,1.5,14,2,0.002,0.0,0,1
428.6,46.704,51.783,18.981,1.5,1.5,14,2,-0.0,0.0,0,1
428.8,46.706,51.787,19.014,1.5,1.5,14,2,0.002,0.0,0,1
429.0,46.709,51.803,19.007,1.5,1.5,14,2,0.004,0.0,0,1
429.2,46.711,51.806,18.995,1.5,1.5,14,2,0.002,0.0,0,1
429.4,46.705,51.796,18.946,1.5,1.5,14,2,-0.006,0.0,0,1
429.6,46.691,51.798,19.043,1.5,1.5,14,2,-0.013,0.0,0,1
429.8,46.687,51.805,19.018,1.5,1.5,14,2,-0.005,0.0,0,1
430.0,46.677,51.825,19.163,1.5,1.5,14,2,-0.01,0.0,0,1
430.2,46.676,51.834,19.163,1.5,1.5,14,2,-0.001,0.0,0,1
430.4,46.668,51.851,19.248,1.5,1.5,14,2,-0.008,0.0,0,1
430.6,46.654,51.863,19.383,1.5,1.5,14,2,-0.014,0.0,0,1
430.8,46.661,51.868,19.438,1.5,1.5,14,2,0.007,0.0,0,1
431.0,46.654,51.876,19.541,1.5,1.5,14,2,-0.007,0.0,0,1
431.2,46.649,51.878,19.561,1.5,1.5,14,2,-0.005,0.0,0,1
431.4,46.646,51.889,19.585,1.5,1.5,14,2,-0.002,0.0,0,1
431.6,46.649,51.907,19.608,1.5,1.5,14,2,0.003,0.0,0,1
431.8,46.658,51.93,19.505,1.5,1.5,14,2,0.009,0.0,0,1
432.0,46.656,51.949,19.482,1.5,1.5,14,2,-0.002,0.0,0,1
432.2,46.671,51.962,19.55,1.5,1.5,14,2,0.015,0.0,0,1
432.4,46.674,51.989,19.598,1.5,1.5,14,2,0.003,0.0,0,1
432.6,46.687,52.019,19.565,1.5,1.5,14,2,0.013,0.0,0,1
432.8,46.701,52.044,19.544,1.5,1.5,14,2,0.014,0.0,0,1
433.0,46.714,52.068,19.497,1.5,1.5,14,2,0.013,0.001,0,1
433.2,46.719,52.085,19.522,1.5,1.5,14,2,0.005,0.001,0,1
433.4,46.711,52.09,19.539,1.5,1.5,14,2,-0.007,0.001,0,1
433.6,46.707,52.092,19.549,1.5,1.5,14,2,-0.005,0.001,0,1
433.8,46.703,52.097,19.549,1.5,1.5,14,2,-0.003,0.0,0,1
434.0,46.719,52.099,19.43,1.5,1.5,14,2,0.015,0.0,0,1
434.2,46.72,52.091,19.483,1.5,1.5,14,2,0.001,0.0,0,1
434.4,46.704,52.076,19.512,1.5,1.5,14,2,-0.016,0.0,0,1
434.6,46.716,52.071,19.388,1.5,1.5,14,2,0.013,0.0,0,1
434.8,46.729,52.077,19.281,1.5,1.5,14,2,0.013,0.0,0,1
435.0,46.731,52.08,19.227,1.5,1.5,14,2,0.002,0.0,0,1
435.2,46.73,52.08,19.233,1.5,1.5,14,2,-0.0,0.0,0,1
435.4,46.735,52.079,19.177,1.5,1.5,14,2,0.005,0.0,0,1
435.6,46.739,52.075,19.183,1.5,1.5,14,2,0.004,0.0,0,1
435.8,46.746,52.076,19.168,1.5,1.5,14,2,0.007,0.0,0,1
436.0,46.756,52.078,19.102,1.5,1.5,14,2,0.01,0.0,0,1
436.2,46.761,52.081,19.03,1.5,1.5,14,2,0.005,0.0,0,1
436.4,46.766,52.07,18.993,1.5,1.5,14,2,0.005,0.0,0,1
436.6,46.754,52.062,19.054,1.5,1.5,14,2,-0.012,0.0,0,1
436.8,46.773,52.063,18.962,1.5,1.5,14,2,0.019,0.0,0,1
437.0,46.78,52.051,18.939,1.5,1.5,14,2,0.007,0.0,0,1
437.2,46.773,52.052,18.961,1.5,1.5,14,2,-0.007,0.0,0,1
437.4,46.763,52.05,18.955,1.5,1.5,14,2,-0.01,0.0,0,1
437.6,46.762,52.056,18.937,1.5,1.5,14,2,-0.0,0.0,0,1
437.8,46.756,52.055,19.04,1.5,1.5,14,2,-0.006,0.0,0,1
438.0,46.76,52.043,18.93,1.5,1.5,14,2,0.004,0.0,0,1
438.2,46.768,52.024,18.884,1.5,1.5,14,2,0.008,0.0,0,1
438.4,46.783,52.001,18.716,1.5,1.5,14,2,0.015,0.0,0,1
438.6,46.791,51.978,18.62,1.5,1.5,14,2,0.008,0.0,0,1
438.8,46.8,51.974,18.562,1.5,1.5,14,2,0.01,0.0,0,1
439.0,46.794,51.957,18.521,1.5,1.5,14,2,-0.006,0.0,0,1
439.2,46.793,51.923,18.552,1.5,1.5,14,2,-0.001,0.0,0,1
439.4,46.795,51.919,18.565,1.5,1.5,14,2,0.002,0.0,0,1
439.6,46.799,51.91,18.619,1.5,1.5,14,2,0.005,0.0,0,1
439.8,46.794,51.903,18.726,1.5,1.5,14,2,-0.005,0.0,0,1
440.0,46.784,51.903,18.766,1.5,1.5,14,2,-0.01,0.0,0,1
440.2,46.78,51.904,18.902,1.5,1.5,14,2,-0.004,0.0,0,1
440.4,46.779,51.897,18.862,1.5,1.5,14,2,-0.001,0.0,0,1
440.6,46.777,51.887,18.751,1.5,1.5,14,2,-0.002,0.0,0,1
440.8,46.782,51.893,18.801,1.5,1.5,14,2,0.005,0.0,0,1
441.0,46.784,51.9,18.87,1.5,1.5,14,2,0.002,0.0,0,1
441.2,46.784,51.904,18.859,1.5,1.5,14,2,-0.0,0.0,0,1
441.4,46.785,51.906,18.864,1.5,1.5,14,2,0.001,0.0,0,1
441.6,46.779,51.914,18.904,1.5,1.5,14,2,-0.006,0.0,0,1
441.8,46.781,51.931,18.92,1.5,1.5,14,2,0.001,0.0,0,1
442.0,46.77,51.939,18.964,1.5,1.5,14,2,-0.011,0.0,0,1
442.2,46.765,51.951,19.033,1.5,1.5,14,2,-0.005,0.0,0,1
442.4,46.768,51.959,19.02,1.5,1.5,14,2,0.003,0.0,0,1
442.6,46.766,51.964,19.202,1.5,1.5,14,2,-0.002,0.0,0,1
442.8,46.754,51.954,19.177,1.5,1.5,14,2,-0.013,0.0,0,1
443.0,46.75,51.969,19.312,1.5,1.5,14,2,-0.004,0.0,0,1
443.2,46.729,51.981,19.464,1.5,1.5,14,2,-0.021,0.0,0,1
443.4,46.701,51.989,19.579,1.5,1.5,14,2,-0.028,0.001,0,1
443.6,46.696,51.993,19.588,1.5,1.5,14,2,-0.005,0.001,0,1
443.8,46.696,51.991,19.584,1.5,1.5,14,2,0.0,0.001,0,1
444.0,46.683,52.008,19.598,1.5,1.5,14,2,-0.013,0.001,0,1
444.2,46.685,52.004,19.561,1.5,1.5,14,2,0.002,0.001,0,1
444.4,46.673,52.001,19.593,1.5,1.5,14,2,-0.012,0.001,0,1
444.6,46.674,52.005,19.457,1.5,1.5,14,2,0.001,0.001,0,1
444.8,46.677,52.006,19.43,1.5,1.5,14,2,0.002,0.001,0,1
445.0,46.671,52.012,19.498,1.5,1.5,14,2,-0.006,0.0,0,1
445.2,46.683,52.014,19.375,1.5,1.5,14,2,0.012,0.0,0,1
445.4,46.676,52.018,19.428,1.5,1.5,14,2,-0.007,0.0,0,1
445.6,46.677,52.029,19.494,1.5,1.5,14,2,0.001,0.0,0,1
445.8,46.683,52.035,19.419,1.5,1.5,14,2,0.007,0.0,0,1
446.0,46.681,52.039,19.492,1.5,1.5,14,2,-0.002,0.0,0,1
446.2,46.673,52.047,19.506,1.5,1.5,14,2,-0.008,0.0,0,1
446.4,46.672,52.051,19.5,1.5,1.5,14,2,-0.002,0.0,0,1
446.6,46.678,52.037,19.396,1.5,1.5,14,2,0.007,0.0,0,1
446.8,46.667,52.036,19.525,1.5,1.5,14,2,-0.011,0.0,0,1
447.0,46.668,52.03,19.498,1.5,1.5,14,2,0.001,0.0,0,1
447.2,46.678,52.033,19.464,1.5,1.5,14,2,0.009,0.0,0,1
447.4,46.681,52.039,19.491,1.5,1.5,14,2,0.004,0.0,0,1
447.6,46.692,52.038,19.568,1.5,1.5,14,2,0.011,0.0,0,1
447.8,46.688,52.027,19.615,1.5,1.5,14,2,-0.004,0.0,0,1
448.0,46.69,52.021,19.659,1.5,1.5,14,2,0.002,0.0,0,1
448.2,46.703,52.042,19.615,1.5,1.5,14,2,0.014,0.0,0,1
448.4,46.707,52.049,19.622,1.5,1.5,14,2,0.004,0.0,0,1
448.6,46.716,52.066,19.544,1.5,1.5,14,2,0.009,0.0,0,1
448.8,46.712,52.055,19.572,1.5,1.5,14,2,-0.004,0.0,0,1
449.0,46.704,52.046,19.607,1.5,1.5,14,2,-0.008,0.0,0,1
449.2,46.694,52.025,19.429,1.5,1.5,14,2,-0.011,0.0,0,1
449.4,46.698,52.005,19.247,1.5,1.5,14,2,0.004,0.0,0,1
449.6,46.71,51.995,19.159,1.5,1.5,14,2,0.013,0.0,0,1
449.8,46.706,51.984,19.096,1.5,1.5,14,2,-0.005,0.0,0,1
450.0,46.703,51.974,19.077,1.5,1.5,14,2,-0.003,0.0,0,1
450.2,46.687,51.977,19.204,1.5,1.5,14,2,-0.016,0.0,0,1
450.4,46.689,51.964,19.08,1.5,1.5,14,2,0.002,0.0,0,1
450.6,46.703,51.955,18.788,1.5,1.5,14,2,0.014,0.0,0,1
450.8,46.714,51.943,18.695,1.5,1.5,14,2,0.011,0.0,0,1
451.0,46.713,51.932,18.604,1.5,1.5,14,2,-0.001,0.0,0,1
451.2,46.715,51.922,18.473,1.5,1.5,14,2,0.002,0.0,0,1
451.4,46.719,51.914,18.415,1.5,1.5,14,2,0.003,0.0,0,1
451.6,46.727,51.899,18.408,1.5,1.5,14,2,0.008,0.0,0,1
451.8,46.715,51.9,18.457,1.5,1.5,14,2,-0.012,0.0,0,1
452.0,46.707,51.891,18.474,1.5,1.5,14,2,-0.008,0.0,0,1
452.2,46.701,51.876,18.607,1.5,1.5,14,2,-0.006,0.0,0,1
452.4,46.679,51.867,18.715,1.5,1.5,14,2,-0.022,0.0,0,1
452.6,46.668,51.851,18.84,1.5,1.5,14,2,-0.012,0.0,0,1
452.8,46.656,51.84,18.866,1.5,1.5,14,2,-0.011,0.001,0,1
453.0,46.638,51.826,18.955,1.5,1.5,14,2,-0.018,0.001,0,1
453.2,46.635,51.8,18.977,1.5,1.5,14,2,-0.003,0.001,0,1
453.4,46.621,51.789,19.016,1.5,1.5,14,2,-0.015,0.001,0,1
453.6,46.623,51.787,19.044,1.5,1.5,14,2,0.003,0.001,0,1
453.8,46.609,51.77,19.083,1.5,1.5,14,2,-0.014,0.001,0,1
454.0,46.604,51.758,19.12,1.5,1.5,14,2,-0.005,0.001,0,1
454.2,46.603,51.765,19.183,1.5,1.5,14,2,-0.001,0.001,0,1
454.4,46.6,51.768,19.028,1.5,1.5,14,2,-0.003,0.0,0,1
454.6,46.601,51.776,19.04,1.5,1.5,14,2,0.001,0.0,0,1
454.8,46.594,51.779,19.187,1.5,1.5,14,2,-0.007,0.0,0,1
455.0,46.592,51.781,19.347,1.5,1.5,14,2,-0.002,0.0,0,1
455.2,46.581,51.786,19.434,1.5,1.5,14,2,-0.011,0.0,0,1
455.4,46.594,51.793,19.41,1.5,1.5,14,2,0.013,0.0,0,1
455.6,46.592,51.795,19.5,1.5,1.5,14,2,-0.002,0.0,0,1
455.8,46.587,51.795,19.401,1.5,1.5,14,2,-0.005,0.0,0,1
456.0,46.592,51.793,19.431,1.5,1.5,14,2,0.004,0.0,0,1
456.2,46.595,51.794,19.51,1.5,1.5,14,2,0.003,0.0,0,1
456.4,46.605,51.787,19.439,1.5,1.5,14,2,0.011,0.0,0,1
456.6,46.609,51.774,19.411,1.5,1.5,14,2,0.004,0.0,0,1
456.8,46.622,51.764,19.193,1.5,1.5,14,2,0.013,0.0,0,1
457.0,46.63,51.75,19.083,1.5,1.5,14,2,0.007,0.0,0,1
457.2,46.651,51.741,18.786,1.5,1.5,14,2,0.022,0.0,0,1
457.4,46.665,51.73,18.699,1.5,1.5,14,2,0.013,0.001,0,1
457.6,46.671,51.729,18.563,1.5,1.5,14,2,0.006,0.001,0,1
457.8,46.671,51.723,18.474,1.5,1.5,14,2,-0.0,0.001,0,1
458.0,46.678,51.717,18.452,1.5,1.5,14,2,0.007,0.001,0,1
458.2,46.678,51.711,18.336,1.5,1.5,14,2,0.001,0.001,0,1
458.4,46.664,51.715,18.469,1.5,1.5,14,2,-0.014,0.001,0,1
458.6,46.668,51.72,18.346,1.5,1.5,14,2,0.004,0.0,0,1
458.8,46.657,51.715,18.381,1.5,1.5,14,2,-0.012,0.0,0,1
459.0,46.663,51.722,18.387,1.5,1.5,14,2,0.006,0.0,0,1
459.2,46.661,51.729,18.39,1.5,1.5,14,2,-0.003,0.0,0,1
459.4,46.665,51.74,18.498,1.5,1.5,14,2,0.004,0.0,0,1
459.6,46.661,51.735,18.583,1.5,1.5,14,2,-0.003,0.0,0,1
459.8,46.649,51.736,18.703,1.5,1.5,14,2,-0.013,0.0,0,1
460.0,46.648,51.715,18.756,1.5,1.5,14,2,-0.001,0.0,0,1
460.2,46.652,51.701,18.758,1.5,1.5,14,2,0.004,0.0,0,1
460.4,46.668,51.705,18.718,1.5,1.5,14,2,0.016,0.0,0,1
460.6,46.665,51.693,18.662,1.5,1.5,14,2,-0.003,0.0,0,1
460.8,46.669,51.687,18.713,1.5,1.5,14,2,0.005,0.0,0,1
461.0,46.669,51.679,18.644,1.5,1.5,14,2,0.0,0.0,0,1
461.2,46.664,51.657,18.656,1.5,1.5,14,2,-0.005,0.0,0,1
461.4,46.652,51.639,18.795,1.5,1.5,14,2,-0.013,0.0,0,1
461.6,46.657,51.635,18.864,1.5,1.5,14,2,0.005,0.0,0,1
461.8,46.645,51.612,18.922,1.5,1.5,14,2,-0.012,0.0,0,1
462.0,46.645,51.612,18.977,1.5,1.5,14,2,-0.0,0.0,0,1
462.2,46.652,51.621,18.856,1.5,1.5,14,2,0.007,0.0,0,1
462.4,46.646,51.626,18.853,1.5,1.5,14,2,-0.006,0.0,0,1
462.6,46.637,51.643,18.962,1.5,1.5,14,2,-0.009,0.0,0,1
462.8,46.638,51.645,18.934,1.5,1.5,14,2,0.001,0.0,0,1
463.0,46.636,51.656,18.974,1.5,1.5,14,2,-0.002,0.0,0,1
463.2,46.648,51.662,18.825,1.5,1.5,14,2,0.012,0.0,0,1
463.4,46.635,51.656,18.775,1.5,1.5,14,2,-0.013,0.0,0,1
463.6,46.639,51.652,18.743,1.5,1.5,14,2,0.004,0.0,0,1
463.8,46.643,51.634,18.778,1.5,1.5,14,2,0.004,0.0,0,1
464.0,46.64,51.637,18.878,1.5,1.5,14,2,-0.003,0.0,0,1
464.2,46.644,51.633,18.955,1.5,1.5,14,2,0.004,0.0,0,1
464.4,46.655,51.632,18.926,1.5,1.5,14,2,0.011,0.0,0,1
464.6,46.656,51.618,18.933,1.5,1.5,14,2,0.001,0.0,0,1
464.8,46.654,51.61,18.907,1.5,1.5,14,2,-0.003,0.0,0,1
465.0,46.661,51.6,18.798,1.5,1.5,14,2,0.008,0.0,0,1
465.2,46.654,51.58,18.969,1.5,1.5,14,2,-0.007,0.0,0,1
465.4,46.658,51.568,18.866,1.5,1.5,14,2,0.004,0.0,0,1
465.6,46.662,51.554,18.875,1.5,1.5,14,2,0.004,0.0,0,1
465.8,46.664,51.535,18.844,1.5,1.5,14,2,0.003,0.0,0,1
466.0,46.678,51.532,18.783,1.5,1.5,14,2,0.014,0.0,0,1
466.2,46.669,51.539,18.777,1.5,1.5,14,2,-0.009,0.0,0,1
466.4,46.672,51.531,18.75,1.5,1.5,14,2,0.003,0.0,0,1
466.6,46.673,51.525,18.781,1.5,1.5,14,2,0.001,0.0,0,1
466.8,46.683,51.523,18.735,1.5,1.5,14,2,0.01,0.0,0,1
467.0,46.692,51.512,18.547,1.5,1.5,14,2,0.009,0.0,0,1
467.2,46.696,51.516,18.426,1.5,1.5,14,2,0.003,0.0,0,1
467.4,46.708,51.522,18.278,1.5,1.5,14,2,0.012,0.0,0,1
467.6,46.716,51.532,18.121,1.5,1.5,14,2,0.008,0.0,0,1
